City,SSP,Year,ElectricityInflationRate,FuelInflationRate,Weight_MarginalAnnualCostSavings,Weight_MarginalAnnualGovtSavings,Weight_GHGEmissionSavings20yr,BuildingFootprintArea_m2,V_bites,Albedo_roof,A_ST,Rvalue_roof,Loan,Rebate,Rvalue_wall,Glazing,IntRate,Infiltration,Electax,SHGC,Fueltax,A_PV,TotalOperationalCO2Save_kgCO2,TotalEmbodiedCO2_kgCO2,CostAnnualSysSave_CAD,TotalCO2Sav,AnnSCCSav_CAD,BaseCostAnnual_CAD,PercentCostSysSav_percent,AnnGovtCostSav_CAD
Calgary,SSP126,2025,0.01,0.01,0.6,0.2,0.2,130,0.25,0.7,0.3,6.17,2000,25000,4.76,0.1,0.5,1,10,0.7,4,0.6,106572,13985,986,92586,1335,2158,46,-1569
Calgary,SSP126,2025,0.05,0.01,0.6,0.2,0.2,130,0.05,0.5,0.3,7.17,2000,20000,4.76,0.35,1,1,10,0.7,4,0.6,104748,14575,762,90173,1300,2609,29,-1305
Calgary,SSP126,2025,0.01,0.05,0.6,0.2,0.2,130,0.25,0.1,0.4,6.17,2000,20000,5.26,0.15,1.25,1.25,2,0.7,10,0.6,106572,15355,537,91216,1314,2756,19,-1260
Calgary,SSP126,2025,0.05,0.05,0.6,0.2,0.2,130,0.09,0.6,0.2,6.17,4000,40000,4.76,0.35,0.5,1.25,6,0.7,0,0.6,104938,13361,2370,91577,1320,3207,74,-2463
Calgary,SSP126,2025,0.01,0.01,0.6,0.2,0.2,130,0.25,0.5,0.1,6.17,2000,20000,4.76,0.3,1,1.25,8,0.6,4,0.6,101703,13985,642,87718,1264,2158,30,-1258
Calgary,SSP126,2025,0.05,0.01,0.6,0.2,0.2,130,0.05,0.7,0.4,6.17,2000,25000,4.76,0.3,1,0.75,10,0.7,4,0.6,104748,13205,1384,91543,1320,2609,53,-1602
Calgary,SSP126,2025,0.01,0.05,0.6,0.2,0.2,130,0.21,0.4,0.5,6.17,4000,35000,4.76,0.25,1.5,0.5,2,0.7,4,0.6,106087,13829,1703,92258,1330,2756,62,-2121
Calgary,SSP126,2025,0.05,0.05,0.6,0.2,0.2,130,0.05,0.2,0.1,6.17,8000,20000,4.76,0.15,0.75,1,0,0.7,4,0.6,104748,13205,1209,91543,1320,3207,38,-1255
Calgary,SSP126,2025,0.01,0.01,0.6,0.2,0.2,130,0.25,0.5,0.5,6.17,8000,45000,4.76,0.2,1.25,1,2,0.7,4,0.6,106572,13985,2087,92586,1335,2158,97,-2725
Calgary,SSP126,2025,0.05,0.01,0.6,0.2,0.2,130,0.05,0.1,0.5,6.17,0,40000,4.76,0.15,1.5,0.5,2,0.7,2,0.6,104748,13205,2160,91543,1320,2609,83,-2406
Calgary,SSP126,2025,0.01,0.05,0.6,0.2,0.2,130,0.25,0.6,0.2,6.17,2000,20000,4.76,0.35,0.5,0.5,10,0.6,2,0.6,101703,13985,828,87718,1264,2756,30,-1272
Calgary,SSP126,2025,0.05,0.05,0.6,0.2,0.2,130,0.25,0.1,0.2,6.17,2000,20000,5.26,0.1,1.25,1.25,8,0.7,8,0.6,106572,15355,862,91216,1314,3207,27,-1304
Calgary,SSP126,2025,0.01,0.01,0.6,0.2,0.2,130,0.05,0.1,0.2,6.17,2000,20000,5.26,0.35,0.25,1.25,4,0.6,4,0.6,99891,14575,341,85316,1229,2158,16,-1246
Calgary,SSP126,2025,0.05,0.01,0.6,0.2,0.2,130,0.05,0.7,0.2,6.17,8000,20000,4.76,0.25,1.5,0.75,2,0.7,0,0.6,104748,13205,998,91543,1320,2609,38,-1219
Calgary,SSP126,2025,0.01,0.05,0.6,0.2,0.2,130,0.25,0.1,0.1,6.17,4000,25000,4.76,0.35,1.25,0.5,2,0.7,10,0.6,106572,13985,1160,92586,1335,2756,42,-1563
Calgary,SSP126,2025,0.05,0.05,0.6,0.2,0.2,130,0.25,0.6,0.1,6.17,2000,40000,4.76,0.15,1.25,0.75,8,0.7,8,0.6,106572,13985,2345,92586,1335,3207,73,-2494
Calgary,SSP126,2025,0.01,0.01,0.6,0.2,0.2,130,0.21,0.2,0.5,6.17,10000,45000,4.76,0.3,0.75,1.5,10,0.7,8,0.6,106087,13829,2183,92258,1330,2158,101,-2817
Calgary,SSP126,2025,0.05,0.01,0.6,0.2,0.2,130,0.05,0.3,0.5,6.17,4000,30000,5.26,0.35,1.5,1,2,0.7,4,0.6,104748,14575,1254,90173,1300,2609,48,-1823
Calgary,SSP126,2025,0.01,0.05,0.6,0.2,0.2,130,0.05,0.1,0.5,6.17,0,20000,4.76,0.35,0.5,0.5,4,0.7,4,0.6,104748,13205,886,91543,1320,2756,32,-1235
Calgary,SSP126,2025,0.05,0.05,0.6,0.2,0.2,130,0.13,0.5,0.3,6.17,2000,30000,4.76,0.3,1.25,1.5,2,0.7,0,0.6,105254,13517,1728,91737,1322,3207,54,-1809
Calgary,SSP126,2030,0.01,0.01,0.6,0.2,0.2,130,0.25,0.2,0.3,6.17,8000,35000,5.26,0.25,0.5,1.5,2,0.7,6,0.6,102034,15355,1135,86679,1249,2034,56,-2169
Calgary,SSP126,2030,0.05,0.01,0.6,0.2,0.2,130,0.25,0.2,0.3,6.17,6000,40000,5.26,0.4,0.75,0.5,4,0.7,0,0.6,102034,15355,1687,86679,1249,2453,69,-2447
Calgary,SSP126,2030,0.01,0.05,0.6,0.2,0.2,130,0.05,0.5,0.2,7.17,2000,25000,4.76,0.35,0.75,1.25,4,0.7,10,0.6,100212,14575,779,85637,1234,2599,30,-1571
Calgary,SSP126,2030,0.05,0.05,0.6,0.2,0.2,130,0.25,0.7,0.6,6.17,0,25000,4.76,0.15,1.5,1.5,10,0.7,10,0.6,102034,13985,1415,88049,1269,3018,47,-1620
Calgary,SSP126,2030,0.01,0.01,0.6,0.2,0.2,130,0.25,0.1,0.4,6.67,10000,45000,4.76,0.2,1.25,1,4,0.7,4,0.6,102034,14670,1848,87364,1259,2034,91,-2741
Calgary,SSP126,2030,0.05,0.01,0.6,0.2,0.2,130,0.25,0.7,0.5,6.17,10000,45000,4.76,0.3,1.5,1,8,0.7,10,0.6,102034,13985,2346,88049,1269,2453,96,-2790
Calgary,SSP126,2030,0.01,0.05,0.6,0.2,0.2,130,0.25,0.4,0.1,6.17,10000,25000,4.76,0.35,1.5,1,0,0.7,0,0.6,102034,13985,994,88049,1269,2599,38,-1501
Calgary,SSP126,2030,0.05,0.05,0.6,0.2,0.2,130,0.25,0.2,0.6,6.17,4000,40000,4.76,0.25,1.25,0.75,2,0.5,4,0.6,91229,13985,2069,77244,1113,3018,69,-2428
Calgary,SSP126,2030,0.01,0.01,0.6,0.2,0.2,130,0.17,0.6,0.4,6.17,4000,30000,4.76,0.15,1.5,0.5,6,0.7,2,0.6,101056,13673,1167,87383,1259,2034,57,-1832
Calgary,SSP126,2030,0.05,0.01,0.6,0.2,0.2,130,0.05,0.5,0.1,6.17,2000,25000,5.76,0.3,1.5,1.5,4,0.7,2,0.6,100212,15945,560,84267,1214,2453,23,-1534
Calgary,SSP126,2030,0.01,0.05,0.6,0.2,0.2,130,0.25,0.5,0.1,6.17,2000,30000,4.76,0.1,0.25,1.25,10,0.7,2,0.6,102034,13985,1365,88049,1269,2599,53,-1866
Calgary,SSP126,2030,0.05,0.05,0.6,0.2,0.2,130,0.25,0.7,0.2,6.17,10000,30000,5.26,0.15,1.25,1.25,2,0.7,2,0.6,102034,15355,1268,86679,1249,3018,42,-1839
Calgary,SSP126,2030,0.01,0.01,0.6,0.2,0.2,130,0.17,0.6,0.4,6.17,6000,25000,4.76,0.2,0.75,0.75,8,0.7,4,0.6,101056,13673,921,87383,1259,2034,45,-1579
Calgary,SSP126,2030,0.05,0.01,0.6,0.2,0.2,130,0.21,0.2,0.3,6.17,0,30000,4.76,0.35,0.75,0.75,2,0.7,10,0.6,101520,13829,1461,87691,1264,2453,60,-1835
Calgary,SSP126,2030,0.01,0.05,0.6,0.2,0.2,130,0.25,0.7,0.6,6.17,2000,25000,4.76,0.4,1.5,1.5,0,0.7,8,0.6,102034,13985,1041,88049,1269,2599,40,-1531
Calgary,SSP126,2030,0.05,0.05,0.6,0.2,0.2,130,0.09,0.2,0.1,6.17,0,35000,4.76,0.25,0.25,0.5,10,0.7,0,0.6,100378,13361,2005,87017,1254,3018,66,-2174
Calgary,SSP126,2030,0.01,0.01,0.6,0.2,0.2,130,0.21,0.4,0.5,6.67,2000,20000,5.26,0.2,1.5,1.25,6,0.7,8,0.6,101520,15884,103,85636,1234,2034,5,-1252
Calgary,SSP126,2030,0.05,0.01,0.6,0.2,0.2,130,0.25,0.4,0.4,6.67,2000,20000,4.76,0.1,0.5,0.75,0,0.7,4,0.6,102034,14670,676,87364,1259,2453,28,-1218
Calgary,SSP126,2030,0.01,0.05,0.6,0.2,0.2,130,0.25,0.4,0.5,6.17,8000,20000,4.76,0.1,1.5,1.25,0,0.7,6,0.6,102034,13985,739,88049,1269,2599,28,-1231
Calgary,SSP126,2030,0.05,0.05,0.6,0.2,0.2,130,0.25,0.3,0.3,6.67,10000,25000,4.76,0.35,0.5,1.25,4,0.7,8,0.6,102034,14670,1236,87364,1259,3018,41,-1630
Calgary,SSP126,2035,0.01,0.01,0.6,0.2,0.2,130,0.05,0.7,0.4,6.17,0,25000,4.76,0.25,1.5,1,8,0.6,8,0.6,95844,13205,787,82639,1191,2108,37,-1555
Calgary,SSP126,2035,0.05,0.01,0.6,0.2,0.2,130,0.05,0.6,0.2,6.67,0,25000,4.76,0.15,0.5,1.25,8,0.7,2,0.6,100521,13890,911,86631,1248,2524,36,-1553
Calgary,SSP126,2035,0.01,0.05,0.6,0.2,0.2,130,0.25,0.6,0.3,6.17,0,20000,5.26,0.3,0.25,1,6,0.7,10,0.6,102393,15355,358,87038,1254,2716,13,-1268
Calgary,SSP126,2035,0.05,0.05,0.6,0.2,0.2,130,0.05,0.2,0.4,6.17,2000,35000,4.76,0.35,0.5,0.75,8,0.7,2,0.6,100521,13205,1842,87316,1259,3132,59,-2166
Calgary,SSP126,2035,0.01,0.01,0.6,0.2,0.2,130,0.25,0.2,0.2,6.17,4000,40000,4.76,0.1,1.25,1.25,8,0.7,2,0.6,102393,13985,1616,88408,1274,2108,77,-2431
Calgary,SSP126,2035,0.05,0.01,0.6,0.2,0.2,130,0.05,0.4,0.1,6.17,2000,20000,4.76,0.35,0.5,0.5,8,0.7,0,0.6,100521,13205,794,87316,1259,2524,31,-1262
Calgary,SSP126,2035,0.01,0.05,0.6,0.2,0.2,130,0.25,0.1,0.5,6.17,6000,35000,4.76,0.3,1,1.25,4,0.7,0,0.6,102393,13985,1504,88408,1274,2716,55,-2124
Calgary,SSP126,2035,0.05,0.05,0.6,0.2,0.2,130,0.05,0.7,0.2,6.17,10000,20000,4.76,0.35,1,0.5,8,0.7,6,0.6,100521,13205,1012,87316,1259,3132,32,-1320
Calgary,SSP126,2035,0.01,0.01,0.6,0.2,0.2,130,0.25,0.4,0.5,6.67,2000,35000,4.76,0.15,1.25,1,10,0.7,2,0.6,102393,14670,1169,87723,1264,2108,55,-2135
Calgary,SSP126,2035,0.05,0.01,0.6,0.2,0.2,130,0.05,0.3,0.3,6.17,6000,20000,5.26,0.15,1.25,0.75,4,0.7,10,0.6,100521,14575,458,85946,1238,2524,18,-1269
Calgary,SSP126,2035,0.01,0.05,0.6,0.2,0.2,130,0.21,0.6,0.1,6.17,6000,35000,5.26,0.25,0.75,0.75,8,0.7,0,0.6,101833,15199,1200,86634,1248,2716,44,-2149
Calgary,SSP126,2035,0.05,0.05,0.6,0.2,0.2,130,0.05,0.5,0.3,6.67,0,50000,4.76,0.25,1.5,1.25,10,0.7,0,0.6,100521,13890,2531,86631,1248,3132,81,-3049
Calgary,SSP126,2035,0.01,0.01,0.6,0.2,0.2,130,0.21,0.1,0.3,6.17,0,20000,4.76,0.15,0.25,0.5,2,0.6,2,0.6,97294,13829,412,83465,1203,2108,20,-1206
Calgary,SSP126,2035,0.05,0.01,0.6,0.2,0.2,130,0.05,0.1,0.6,6.17,2000,25000,4.76,0.25,0.25,0.5,4,0.7,10,0.6,100521,13205,1088,87316,1259,2524,43,-1567
Calgary,SSP126,2035,0.01,0.05,0.6,0.2,0.2,130,0.25,0.5,0.3,6.17,0,30000,4.76,0.25,0.25,1.25,8,0.7,6,0.6,102393,13985,1253,88408,1274,2716,46,-1850
Calgary,SSP126,2035,0.05,0.05,0.6,0.2,0.2,130,0.05,0.7,0.4,6.17,0,50000,4.76,0.1,1.5,0.75,0,0.7,2,0.6,100521,13205,2636,87316,1259,3132,84,-2987
Calgary,SSP126,2035,0.01,0.01,0.6,0.2,0.2,130,0.25,0.1,0.5,6.67,6000,20000,4.76,0.4,0.75,0.75,4,0.7,0,0.6,102393,14670,296,87723,1264,2108,14,-1239
Calgary,SSP126,2035,0.05,0.01,0.6,0.2,0.2,130,0.05,0.3,0.2,6.17,8000,40000,4.76,0.1,0.5,1.5,4,0.7,4,0.6,100521,13205,1955,87316,1259,2524,77,-2479
Calgary,SSP126,2035,0.01,0.05,0.6,0.2,0.2,130,0.25,0.1,0.4,6.17,4000,20000,4.76,0.15,0.5,0.75,4,0.6,6,0.6,97891,13985,632,83906,1209,2716,23,-1266
Calgary,SSP126,2035,0.05,0.05,0.6,0.2,0.2,130,0.25,0.6,0.3,6.17,0,35000,4.76,0.25,1,0.75,2,0.7,2,0.6,102393,13985,1706,88408,1274,3132,54,-2106
Calgary,SSP126,2040,0.01,0.01,0.6,0.2,0.2,130,0.09,0.7,0.6,6.17,0,30000,4.76,0.35,1.25,1.5,8,0.7,8,0.6,98586,13361,1055,85225,1228,2067,51,-1849
Calgary,SSP126,2040,0.05,0.01,0.6,0.2,0.2,130,0.05,0.3,0.5,6.17,0,20000,4.76,0.15,1,1.5,8,0.7,10,0.6,98475,13205,762,85270,1229,2461,31,-1280
Calgary,SSP126,2040,0.01,0.05,0.6,0.2,0.2,130,0.25,0.5,0.2,6.67,0,25000,4.76,0.4,1.5,1.5,6,0.7,4,0.6,100374,14670,732,85704,1235,2674,27,-1533
Calgary,SSP126,2040,0.05,0.05,0.6,0.2,0.2,130,0.09,0.5,0.5,6.17,4000,25000,4.76,0.3,0.5,1.25,2,0.7,8,0.6,98586,13361,1191,85225,1228,3068,39,-1570
Calgary,SSP126,2040,0.01,0.01,0.6,0.2,0.2,130,0.25,0.6,0.5,6.67,0,20000,4.76,0.1,1,0.5,2,0.6,8,0.6,95754,14670,197,81084,1168,2067,10,-1225
Calgary,SSP126,2040,0.05,0.01,0.6,0.2,0.2,130,0.25,0.6,0.2,6.17,0,25000,4.76,0.3,1.5,1.25,0,0.7,8,0.6,100374,13985,898,86389,1245,2461,36,-1516
Calgary,SSP126,2040,0.01,0.05,0.6,0.2,0.2,130,0.25,0.1,0.4,6.17,10000,50000,4.76,0.4,1.25,0.5,8,0.7,6,0.6,100374,13985,2359,86389,1245,2674,88,-3066
Calgary,SSP126,2040,0.05,0.05,0.6,0.2,0.2,130,0.25,0.1,0.4,6.17,2000,50000,4.76,0.35,1,1.25,0,0.7,10,0.6,100374,13985,2549,86389,1245,3068,83,-3039
Calgary,SSP126,2040,0.01,0.01,0.6,0.2,0.2,130,0.25,0.7,0.5,6.17,0,45000,4.76,0.2,0.25,1.25,0,0.7,8,0.6,100374,13985,1846,86389,1245,2067,89,-2707
Calgary,SSP126,2040,0.05,0.01,0.6,0.2,0.2,130,0.05,0.1,0.6,6.17,2000,30000,4.76,0.2,0.25,1,8,0.7,4,0.6,98475,13205,1329,85270,1229,2461,54,-1872
Calgary,SSP126,2040,0.01,0.05,0.6,0.2,0.2,130,0.25,0.1,0.6,6.17,2000,40000,5.26,0.25,1.25,1,0,0.7,2,0.6,100374,15355,1394,85019,1225,2674,52,-2397
Calgary,SSP126,2040,0.05,0.05,0.6,0.2,0.2,130,0.05,0.5,0.4,6.17,0,20000,5.26,0.4,1,1.5,0,0.7,6,0.6,98475,14575,544,83900,1209,3068,18,-1221
Calgary,SSP126,2040,0.01,0.01,0.6,0.2,0.2,130,0.21,0.5,0.2,6.17,10000,50000,4.76,0.35,0.75,1.5,4,0.6,8,0.6,95166,13829,2137,81337,1172,2067,103,-3075
Calgary,SSP126,2040,0.05,0.01,0.6,0.2,0.2,130,0.05,0.7,0.1,6.17,2000,30000,5.26,0.1,0.25,1.5,8,0.7,6,0.6,98475,14575,1001,83900,1209,2461,41,-1879
Calgary,SSP126,2040,0.01,0.05,0.6,0.2,0.2,130,0.05,0.7,0.2,6.17,0,20000,4.76,0.25,1,0.75,6,0.7,10,0.6,98475,13205,683,85270,1229,2674,26,-1269
Calgary,SSP126,2040,0.05,0.05,0.6,0.2,0.2,130,0.25,0.5,0.2,6.17,0,35000,4.76,0.15,0.5,0.75,0,0.7,4,0.6,100374,13985,1651,86389,1245,3068,54,-2105
Calgary,SSP126,2040,0.01,0.01,0.6,0.2,0.2,130,0.17,0.6,0.5,6.17,6000,40000,4.76,0.2,1,1.25,2,0.6,6,0.6,94636,13673,1534,80962,1167,2067,74,-2434
Calgary,SSP126,2040,0.05,0.01,0.6,0.2,0.2,130,0.25,0.5,0.1,6.17,4000,35000,4.76,0.1,0.5,0.5,4,0.7,8,0.6,100374,13985,1514,86389,1245,2461,62,-2162
Calgary,SSP126,2040,0.01,0.05,0.6,0.2,0.2,130,0.17,0.6,0.6,6.17,0,45000,5.26,0.1,1.5,1,8,0.7,10,0.6,99301,15043,1765,84258,1214,2674,66,-2764
Calgary,SSP126,2040,0.05,0.05,0.6,0.2,0.2,130,0.05,0.5,0.5,6.67,2000,35000,4.76,0.15,1.5,1.5,4,0.7,10,0.6,98475,13890,1619,84585,1219,3068,53,-2165
Calgary,SSP126,2045,0.01,0.01,0.6,0.2,0.2,130,0.25,0.3,0.5,6.67,8000,40000,4.76,0.1,0.25,0.5,10,0.6,2,0.6,100353,14670,1771,85683,1235,2017,88,-2524
Calgary,SSP126,2045,0.05,0.01,0.6,0.2,0.2,130,0.05,0.6,0.4,6.17,0,30000,4.76,0.35,0.75,0.5,8,0.6,2,0.6,98345,13205,1789,85140,1227,2455,73,-1887
Calgary,SSP126,2045,0.01,0.05,0.6,0.2,0.2,130,0.25,0.1,0.1,6.17,0,30000,4.76,0.4,0.75,1.5,0,0.7,6,0.6,105063,13985,1489,91078,1313,2555,58,-1816
Calgary,SSP126,2045,0.05,0.05,0.6,0.2,0.2,130,0.25,0.3,0.4,6.67,0,35000,4.76,0.15,0.5,0.75,10,0.7,2,0.6,105063,14670,2047,90393,1303,2993,68,-2196
Calgary,SSP126,2045,0.01,0.01,0.6,0.2,0.2,130,0.25,0.7,0.1,6.17,2000,35000,4.76,0.4,1.25,1,6,0.7,8,0.6,105063,13985,1643,91078,1313,2017,81,-2155
Calgary,SSP126,2045,0.05,0.01,0.6,0.2,0.2,130,0.05,0.7,0.5,7.17,0,20000,4.76,0.1,1.25,1.25,8,0.7,4,0.6,103116,14575,912,88541,1276,2455,37,-1294
Calgary,SSP126,2045,0.01,0.05,0.6,0.2,0.2,130,0.25,0.1,0.1,6.17,0,20000,4.76,0.4,0.75,1,2,0.7,6,0.6,105063,13985,929,91078,1313,2555,36,-1234
Calgary,SSP126,2045,0.05,0.05,0.6,0.2,0.2,130,0.25,0.6,0.6,6.67,4000,35000,4.76,0.4,0.75,1.5,2,0.7,2,0.6,105063,14670,1978,90393,1303,2993,66,-2136
Calgary,SSP126,2045,0.01,0.01,0.6,0.2,0.2,130,0.21,0.1,0.4,6.17,0,20000,4.76,0.2,0.5,1,6,0.7,8,0.6,104547,13829,788,90718,1308,2017,39,-1257
Calgary,SSP126,2045,0.05,0.01,0.6,0.2,0.2,130,0.25,0.1,0.1,6.17,10000,35000,5.26,0.2,0.75,1.5,2,0.7,6,0.6,105063,15355,1670,89708,1293,2455,68,-2179
Calgary,SSP126,2045,0.01,0.05,0.6,0.2,0.2,130,0.25,0.6,0.3,6.17,8000,40000,4.76,0.4,1.25,0.75,8,0.7,10,0.6,105063,13985,2142,91078,1313,2555,84,-2506
Calgary,SSP126,2045,0.05,0.05,0.6,0.2,0.2,130,0.17,0.5,0.5,6.17,2000,20000,4.76,0.4,1.5,1,8,0.7,2,0.6,104068,13673,1359,90395,1303,2993,45,-1289
Calgary,SSP126,2045,0.01,0.01,0.6,0.2,0.2,130,0.21,0.1,0.6,6.67,6000,35000,4.76,0.3,0.75,1.5,2,0.6,8,0.6,99807,14514,1422,85293,1229,2017,70,-2155
Calgary,SSP126,2045,0.05,0.01,0.6,0.2,0.2,130,0.05,0.2,0.2,6.67,6000,30000,4.76,0.2,0.5,1,8,0.7,4,0.6,103116,13890,1682,89226,1286,2455,69,-1930
Calgary,SSP126,2045,0.01,0.05,0.6,0.2,0.2,130,0.25,0.2,0.6,6.17,4000,45000,4.76,0.15,0.25,1.25,6,0.7,0,0.6,105063,13985,2386,91078,1313,2555,93,-2752
Calgary,SSP126,2045,0.05,0.05,0.6,0.2,0.2,130,0.05,0.4,0.6,6.17,2000,45000,4.76,0.3,0.25,0.75,2,0.7,4,0.6,103116,13205,2794,89911,1296,2993,93,-2737
Calgary,SSP126,2045,0.01,0.01,0.6,0.2,0.2,130,0.25,0.6,0.1,6.17,2000,40000,4.76,0.15,1,1.5,6,0.7,10,0.6,105063,13985,1940,91078,1313,2017,96,-2462
Calgary,SSP126,2045,0.05,0.01,0.6,0.2,0.2,130,0.05,0.2,0.1,6.17,4000,35000,4.76,0.3,0.5,1.25,4,0.7,8,0.6,103116,13205,2094,89911,1296,2455,85,-2181
Calgary,SSP126,2045,0.01,0.05,0.6,0.2,0.2,130,0.21,0.4,0.6,6.17,6000,20000,4.76,0.1,1.25,0.75,6,0.6,8,0.6,99807,13829,910,85978,1239,2555,36,-1287
Calgary,SSP126,2045,0.05,0.05,0.6,0.2,0.2,130,0.25,0.2,0.3,6.17,2000,25000,4.76,0.25,1.5,1.25,4,0.7,4,0.6,105063,13985,1587,91078,1313,2993,53,-1552
Calgary,SSP126,2050,0.01,0.01,0.6,0.2,0.2,130,0.25,0.2,0.1,6.17,8000,25000,4.76,0.4,0.25,0.5,2,0.6,4,0.6,102817,13985,1065,88832,1280,2156,49,-1581
Calgary,SSP126,2050,0.05,0.01,0.6,0.2,0.2,130,0.25,0.5,0.2,6.17,0,30000,5.26,0.35,1,1.5,0,0.7,10,0.6,107172,15355,1345,91817,1323,2634,51,-1820
Calgary,SSP126,2050,0.01,0.05,0.6,0.2,0.2,130,0.25,0.3,0.3,6.17,8000,30000,4.76,0.1,1.5,1.5,4,0.7,8,0.6,107172,13985,1546,93187,1343,2726,57,-1863
Calgary,SSP126,2050,0.05,0.05,0.6,0.2,0.2,130,0.25,0.6,0.4,11.17,10000,50000,6.26,0.1,1,1,6,0.1,6,0.6,61945,24945,-335,37000,529,3204,-10,-3103
Calgary,SSP126,2050,0.01,0.01,0.6,0.2,0.2,130,0.13,0.5,0.6,6.17,0,40000,4.76,0.4,1,0.75,8,0.7,10,0.6,105704,13517,1994,92187,1329,2156,93,-2469
Calgary,SSP126,2050,0.05,0.01,0.6,0.2,0.2,130,0.05,0.5,0.5,6.17,4000,45000,4.76,0.3,1,1.25,4,0.7,4,0.6,105016,13205,2653,91811,1324,2634,101,-2752
Calgary,SSP126,2050,0.01,0.05,0.6,0.2,0.2,130,0.25,0.2,0.5,6.17,0,25000,4.76,0.4,0.25,1.5,2,0.7,4,0.6,107172,13985,1232,93187,1343,2726,45,-1522
Calgary,SSP126,2050,0.05,0.05,0.6,0.2,0.2,130,0.05,0.6,0.2,6.17,0,20000,5.76,0.15,0.5,1.5,10,0.7,10,0.6,105016,15945,810,89071,1283,3204,25,-1349
Calgary,SSP126,2050,0.01,0.01,0.6,0.2,0.2,130,0.25,0.7,0.6,6.17,0,20000,4.76,0.35,0.75,1.25,6,0.7,4,0.6,107172,13985,785,93187,1343,2156,36,-1243
Calgary,SSP126,2050,0.05,0.01,0.6,0.2,0.2,130,0.25,0.2,0.1,6.17,2000,30000,4.76,0.2,1,1.25,4,0.7,8,0.6,107172,13985,1717,93187,1343,2634,65,-1861
Calgary,SSP126,2050,0.01,0.05,0.6,0.2,0.2,130,0.25,0.7,0.5,6.17,2000,35000,4.76,0.15,0.5,1.25,4,0.7,8,0.6,107172,13985,1849,93187,1343,2726,68,-2165
Calgary,SSP126,2050,0.05,0.05,0.6,0.2,0.2,130,0.05,0.4,0.4,6.17,6000,25000,4.76,0.25,0.5,1.5,8,0.7,2,0.6,105016,13205,1734,91811,1324,3204,54,-1627
Calgary,SSP126,2050,0.01,0.01,0.6,0.2,0.2,130,0.13,0.1,0.3,6.67,0,25000,4.76,0.4,0.25,1.25,4,0.7,0,0.6,105704,14202,905,91502,1319,2156,42,-1516
Calgary,SSP126,2050,0.05,0.01,0.6,0.2,0.2,130,0.05,0.2,0.2,6.17,2000,30000,4.76,0.1,1.25,1.5,2,0.6,6,0.6,100820,13205,1782,87615,1263,2634,68,-1833
Calgary,SSP126,2050,0.01,0.05,0.6,0.2,0.2,130,0.25,0.4,0.4,6.17,10000,20000,4.76,0.1,0.5,1.25,8,0.7,10,0.6,107172,13985,1062,93187,1343,2726,39,-1363
Calgary,SSP126,2050,0.05,0.05,0.6,0.2,0.2,130,0.25,0.7,0.1,7.17,0,40000,4.76,0.15,0.75,1.5,6,0.7,0,0.6,107172,15355,2124,91817,1323,3204,66,-2440
Calgary,SSP126,2050,0.01,0.01,0.6,0.2,0.2,130,0.21,0.6,0.2,6.67,2000,25000,4.76,0.4,0.75,1.5,0,0.7,4,0.6,106654,14514,881,92140,1328,2156,41,-1513
Calgary,SSP126,2050,0.05,0.01,0.6,0.2,0.2,130,0.21,0.7,0.4,6.17,8000,35000,4.76,0.25,0.5,0.75,10,0.7,6,0.6,106654,13829,2111,92825,1338,2634,80,-2260
Calgary,SSP126,2050,0.01,0.05,0.6,0.2,0.2,130,0.25,0.7,0.1,6.17,6000,20000,4.76,0.35,0.5,1.5,10,0.7,0,0.6,107172,13985,1004,93187,1343,2726,37,-1296
Calgary,SSP126,2050,0.05,0.05,0.6,0.2,0.2,130,0.21,0.1,0.6,6.17,0,20000,4.76,0.3,0.75,0.75,6,0.5,0,0.6,96918,13829,1283,83089,1198,3204,40,-1261
Calgary,SSP245,2025,0.01,0.01,0.6,0.2,0.2,130,0.05,0.6,0.6,6.17,4000,25000,4.76,0.15,1.5,1,2,0.7,10,0.6,99167,13205,724,85962,1239,2114,34,-1535
Calgary,SSP245,2025,0.05,0.01,0.6,0.2,0.2,130,0.25,0.5,0.5,6.17,4000,50000,5.26,0.4,1.5,1,10,0.7,2,0.6,101086,15355,1963,85731,1235,2516,78,-3039
Calgary,SSP245,2025,0.01,0.05,0.6,0.2,0.2,130,0.25,0.4,0.2,6.17,0,35000,4.76,0.15,1,0.5,6,0.7,6,0.6,101086,13985,1449,87101,1255,2739,53,-2136
Calgary,SSP245,2025,0.05,0.05,0.6,0.2,0.2,130,0.05,0.3,0.4,6.17,2000,35000,4.76,0.35,1,1,6,0.6,0,0.6,94607,13205,1658,81402,1173,3140,53,-2133
Calgary,SSP245,2025,0.01,0.01,0.6,0.2,0.2,130,0.25,0.7,0.1,6.17,8000,20000,4.76,0.35,0.5,0.75,8,0.7,6,0.6,101086,13985,433,87101,1255,2114,20,-1293
Calgary,SSP245,2025,0.05,0.01,0.6,0.2,0.2,130,0.25,0.3,0.4,6.17,10000,30000,4.76,0.3,0.25,0.5,8,0.7,2,0.6,101086,13985,1203,87101,1255,2516,48,-1915
Calgary,SSP245,2025,0.01,0.05,0.6,0.2,0.2,130,0.25,0.5,0.1,6.17,0,25000,4.76,0.1,1.5,0.75,6,0.7,2,0.6,101086,13985,853,87101,1255,2739,31,-1519
Calgary,SSP245,2025,0.05,0.05,0.6,0.2,0.2,130,0.05,0.1,0.3,6.17,8000,25000,4.76,0.2,0.5,1.5,4,0.7,10,0.6,99167,13205,1197,85962,1239,3140,38,-1620
Calgary,SSP245,2025,0.01,0.01,0.6,0.2,0.2,130,0.17,0.4,0.4,6.17,4000,30000,5.26,0.25,0.5,0.5,0,0.7,4,0.6,99999,15043,637,84955,1224,2114,30,-1827
Calgary,SSP245,2025,0.05,0.01,0.6,0.2,0.2,130,0.05,0.2,0.4,6.17,6000,30000,4.76,0.1,0.75,1.25,8,0.7,2,0.6,99167,13205,1270,85962,1239,2516,50,-1876
Calgary,SSP245,2025,0.01,0.05,0.6,0.2,0.2,130,0.25,0.4,0.3,6.17,2000,35000,4.76,0.2,1.25,0.5,10,0.7,10,0.6,101086,13985,1485,87101,1255,2739,54,-2176
Calgary,SSP245,2025,0.05,0.05,0.6,0.2,0.2,130,0.05,0.2,0.6,6.17,0,35000,4.76,0.3,1,1,2,0.7,2,0.6,99167,13205,1679,85962,1239,3140,53,-2107
Calgary,SSP245,2025,0.01,0.01,0.6,0.2,0.2,130,0.25,0.1,0.2,6.17,4000,30000,4.76,0.35,0.75,0.75,0,0.7,6,0.6,101086,13985,956,87101,1255,2114,45,-1829
Calgary,SSP245,2025,0.05,0.01,0.6,0.2,0.2,130,0.05,0.5,0.3,6.17,4000,20000,4.76,0.2,0.75,0.5,6,0.7,2,0.6,99167,13205,676,85962,1239,2516,27,-1257
Calgary,SSP245,2025,0.01,0.05,0.6,0.2,0.2,130,0.25,0.1,0.3,6.17,10000,40000,4.76,0.3,0.75,1.5,2,0.6,10,0.6,96699,13985,1718,82714,1192,2739,63,-2495
Calgary,SSP245,2025,0.05,0.05,0.6,0.2,0.2,130,0.05,0.3,0.5,6.17,0,25000,4.76,0.25,0.25,1,10,0.7,8,0.6,99167,13205,1187,85962,1239,3140,38,-1593
Calgary,SSP245,2025,0.01,0.01,0.6,0.2,0.2,130,0.25,0.4,0.1,6.17,10000,40000,4.76,0.2,0.75,1.25,6,0.7,6,0.6,101086,13985,1570,87101,1255,2114,74,-2477
Calgary,SSP245,2025,0.05,0.01,0.6,0.2,0.2,130,0.05,0.7,0.3,6.17,6000,30000,4.76,0.2,0.75,1,10,0.7,6,0.6,99167,13205,1296,85962,1239,2516,52,-1903
Calgary,SSP245,2025,0.01,0.05,0.6,0.2,0.2,130,0.25,0.4,0.1,6.17,10000,45000,4.76,0.3,1.5,1.25,6,0.6,4,0.6,96699,13985,1947,82714,1192,2739,71,-2734
Calgary,SSP245,2025,0.05,0.05,0.6,0.2,0.2,130,0.05,0.3,0.1,6.17,0,20000,4.76,0.35,0.75,0.75,4,0.6,8,0.6,94607,13205,817,81402,1173,3140,26,-1257
Calgary,SSP245,2030,0.01,0.01,0.6,0.2,0.2,130,0.21,0.1,0.6,6.17,0,25000,4.76,0.3,1,1.25,8,0.6,8,0.6,98647,13829,849,84818,1222,2041,42,-1557
Calgary,SSP245,2030,0.05,0.01,0.6,0.2,0.2,130,0.05,0.4,0.3,6.67,0,35000,4.76,0.35,0.75,0.75,4,0.7,8,0.6,103067,13890,1670,89177,1285,2442,68,-2145
Calgary,SSP245,2030,0.01,0.05,0.6,0.2,0.2,130,0.21,0.2,0.2,6.17,2000,20000,4.76,0.25,1,0.5,10,0.6,0,0.6,98647,13829,721,84818,1222,2628,27,-1253
Calgary,SSP245,2030,0.05,0.05,0.6,0.2,0.2,130,0.25,0.1,0.3,6.67,2000,30000,4.76,0.15,1.25,1.5,4,0.7,4,0.6,105051,14670,1475,90381,1302,3029,49,-1843
Calgary,SSP245,2030,0.01,0.01,0.6,0.2,0.2,130,0.25,0.2,0.2,6.67,4000,25000,4.76,0.1,1.25,1.5,0,0.7,8,0.6,105051,14670,718,90381,1302,2041,35,-1527
Calgary,SSP245,2030,0.05,0.01,0.6,0.2,0.2,130,0.05,0.6,0.4,6.17,0,50000,4.76,0.25,0.75,0.75,4,0.7,2,0.6,103067,13205,2679,89862,1295,2442,110,-3018
Calgary,SSP245,2030,0.01,0.05,0.6,0.2,0.2,130,0.05,0.7,0.6,6.17,2000,25000,4.76,0.3,1.5,0.5,10,0.7,8,0.6,103067,13205,1169,89862,1295,2628,44,-1589
Calgary,SSP245,2030,0.05,0.05,0.6,0.2,0.2,130,0.25,0.3,0.3,6.17,0,30000,4.76,0.15,0.75,0.5,8,0.7,8,0.6,105051,13985,1694,91066,1313,3029,56,-1890
Calgary,SSP245,2030,0.01,0.01,0.6,0.2,0.2,130,0.25,0.2,0.5,6.17,8000,30000,4.76,0.3,1,1.25,4,0.7,2,0.6,105051,13985,1185,91066,1313,2041,58,-1846
Calgary,SSP245,2030,0.05,0.01,0.6,0.2,0.2,130,0.05,0.6,0.2,6.17,10000,40000,4.76,0.4,1,1.25,8,0.7,6,0.6,103067,13205,2173,89862,1295,2442,89,-2513
Calgary,SSP245,2030,0.01,0.05,0.6,0.2,0.2,130,0.05,0.4,0.6,6.67,6000,45000,4.76,0.25,0.25,1.25,2,0.7,8,0.6,103067,13890,2142,89177,1285,2628,82,-2780
Calgary,SSP245,2030,0.05,0.05,0.6,0.2,0.2,130,0.25,0.3,0.5,6.17,6000,20000,4.76,0.1,1,1.5,8,0.7,10,0.6,105051,13985,1142,91066,1313,3029,38,-1330
Calgary,SSP245,2030,0.01,0.01,0.6,0.2,0.2,130,0.25,0.4,0.2,6.17,2000,40000,4.76,0.1,0.5,1.5,4,0.7,2,0.6,105051,13985,1752,91066,1313,2041,86,-2422
Calgary,SSP245,2030,0.05,0.01,0.6,0.2,0.2,130,0.09,0.6,0.4,6.17,8000,50000,4.76,0.4,1.5,1,8,0.7,10,0.6,103210,13361,2715,89849,1295,2442,111,-3089
Calgary,SSP245,2030,0.01,0.05,0.6,0.2,0.2,130,0.25,0.2,0.6,6.17,8000,35000,4.76,0.25,0.5,0.75,0,0.7,2,0.6,105051,13985,1663,91066,1313,2628,63,-2149
Calgary,SSP245,2030,0.05,0.05,0.6,0.2,0.2,130,0.25,0.5,0.2,6.17,2000,30000,5.26,0.35,1.25,0.5,10,0.7,6,0.6,105051,15355,1365,89696,1292,3029,45,-1900
Calgary,SSP245,2030,0.01,0.01,0.6,0.2,0.2,130,0.25,0.7,0.3,6.17,2000,45000,4.76,0.15,0.75,1.25,4,0.7,4,0.6,105051,13985,2044,91066,1313,2041,100,-2724
Calgary,SSP245,2030,0.05,0.01,0.6,0.2,0.2,130,0.09,0.3,0.1,6.17,10000,45000,4.76,0.1,0.5,0.5,8,0.7,2,0.6,103210,13361,2455,89849,1295,2442,101,-2823
Calgary,SSP245,2030,0.01,0.05,0.6,0.2,0.2,130,0.25,0.7,0.3,6.17,6000,20000,4.76,0.35,1.25,1,2,0.7,10,0.6,105051,13985,820,91066,1313,2628,31,-1270
Calgary,SSP245,2030,0.05,0.05,0.6,0.2,0.2,130,0.05,0.5,0.4,6.17,8000,20000,5.26,0.1,0.75,1.25,8,0.7,6,0.6,103067,14575,882,88492,1275,3029,29,-1335
Calgary,SSP245,2035,0.01,0.01,0.6,0.2,0.2,130,0.13,0.7,0.2,6.17,10000,25000,4.76,0.3,1.5,0.75,10,0.7,8,0.6,102120,13517,760,88602,1277,2110,36,-1567
Calgary,SSP245,2035,0.05,0.01,0.6,0.2,0.2,130,0.05,0.7,0.4,6.17,10000,45000,4.76,0.1,1,1.5,8,0.7,4,0.6,101731,13205,2178,88526,1276,2520,86,-2784
Calgary,SSP245,2035,0.01,0.05,0.6,0.2,0.2,130,0.25,0.3,0.2,6.17,2000,35000,4.76,0.35,1.5,1,8,0.7,2,0.6,103550,13985,1471,89565,1291,2725,54,-2123
Calgary,SSP245,2035,0.05,0.05,0.6,0.2,0.2,130,0.05,0.2,0.4,6.17,10000,35000,4.76,0.2,1.5,1.25,0,0.7,8,0.6,101731,13205,1731,88526,1276,3135,55,-2138
Calgary,SSP245,2035,0.01,0.01,0.6,0.2,0.2,130,0.21,0.1,0.4,6.67,4000,25000,5.26,0.4,0.25,1,6,0.7,10,0.6,103001,15884,260,87117,1255,2110,12,-1577
Calgary,SSP245,2035,0.05,0.01,0.6,0.2,0.2,130,0.25,0.2,0.2,6.17,10000,35000,4.76,0.1,1.5,1.5,8,0.7,6,0.6,103550,13985,1473,89565,1291,2520,58,-2158
Calgary,SSP245,2035,0.01,0.05,0.6,0.2,0.2,130,0.25,0.1,0.4,6.17,0,25000,5.26,0.1,0.25,0.5,2,0.7,10,0.6,103550,15355,588,88195,1271,2725,22,-1550
Calgary,SSP245,2035,0.05,0.05,0.6,0.2,0.2,130,0.25,0.6,0.4,6.17,6000,25000,4.76,0.25,0.75,0.5,8,0.7,8,0.6,103550,13985,1139,89565,1291,3135,36,-1605
Calgary,SSP245,2035,0.01,0.01,0.6,0.2,0.2,130,0.05,0.3,0.4,6.67,10000,45000,4.76,0.25,1.25,0.5,2,0.7,10,0.6,101731,13890,1755,87841,1266,2110,83,-2748
Calgary,SSP245,2035,0.05,0.01,0.6,0.2,0.2,130,0.05,0.3,0.1,6.17,2000,35000,5.26,0.2,1.25,0.75,0,0.7,10,0.6,101731,14575,1219,87156,1256,2520,48,-2123
Calgary,SSP245,2035,0.01,0.05,0.6,0.2,0.2,130,0.25,0.6,0.4,6.17,0,20000,4.76,0.2,1.5,1.5,8,0.7,4,0.6,103550,13985,622,89565,1291,2725,23,-1239
Calgary,SSP245,2035,0.05,0.05,0.6,0.2,0.2,130,0.25,0.4,0.5,7.17,8000,20000,4.76,0.35,1,0.5,0,0.7,6,0.6,103550,15355,462,88195,1271,3135,15,-1256
Calgary,SSP245,2035,0.01,0.01,0.6,0.2,0.2,130,0.17,0.4,0.4,6.67,4000,35000,4.76,0.35,0.5,1,2,0.7,2,0.6,102517,14358,1131,88159,1270,2110,54,-2125
Calgary,SSP245,2035,0.05,0.01,0.6,0.2,0.2,130,0.09,0.1,0.1,6.17,0,40000,4.76,0.2,1,1.25,4,0.7,6,0.6,101833,13361,1831,88472,1275,2520,73,-2426
Calgary,SSP245,2035,0.01,0.05,0.6,0.2,0.2,130,0.25,0.7,0.4,6.17,10000,40000,4.76,0.15,0.5,0.75,0,0.7,0,0.6,103550,13985,1770,89565,1291,2725,65,-2450
Calgary,SSP245,2035,0.05,0.05,0.6,0.2,0.2,130,0.05,0.6,0.1,6.17,0,50000,4.76,0.25,0.5,1,10,0.7,0,0.6,101731,13205,2623,88526,1276,3135,84,-3040
Calgary,SSP245,2035,0.01,0.01,0.6,0.2,0.2,130,0.05,0.3,0.1,6.17,10000,30000,4.76,0.3,0.5,1.25,10,0.7,10,0.6,101731,13205,1136,88526,1276,2110,54,-1930
Calgary,SSP245,2035,0.05,0.01,0.6,0.2,0.2,130,0.09,0.3,0.5,6.17,0,25000,4.76,0.2,1,0.5,8,0.7,6,0.6,101833,13361,995,88472,1275,2520,39,-1558
Calgary,SSP245,2035,0.01,0.05,0.6,0.2,0.2,130,0.25,0.3,0.3,6.17,2000,20000,4.76,0.4,1.25,1.25,0,0.7,10,0.6,103550,13985,630,89565,1291,2725,23,-1251
Calgary,SSP245,2035,0.05,0.05,0.6,0.2,0.2,130,0.05,0.1,0.6,6.17,0,50000,4.76,0.2,0.75,0.5,0,0.6,6,0.6,95887,13205,2507,82682,1192,3135,80,-3006
Calgary,SSP245,2040,0.01,0.01,0.6,0.2,0.2,130,0.25,0.3,0.1,6.67,2000,20000,4.76,0.4,1.5,1.5,4,0.7,4,0.6,106122,14670,416,91452,1318,2218,19,-1226
Calgary,SSP245,2040,0.05,0.01,0.6,0.2,0.2,130,0.05,0.4,0.4,6.17,6000,30000,4.76,0.25,0.25,1.25,0,0.7,4,0.6,104141,13205,1520,90936,1311,2679,57,-1849
Calgary,SSP245,2040,0.01,0.05,0.6,0.2,0.2,130,0.25,0.1,0.1,6.17,10000,20000,4.76,0.3,1.5,1,8,0.7,2,0.6,106122,13985,784,92137,1328,2837,28,-1251
Calgary,SSP245,2040,0.05,0.05,0.6,0.2,0.2,130,0.17,0.6,0.6,6.67,6000,30000,4.76,0.25,0.25,1,4,0.6,10,0.6,101046,14358,1562,86688,1249,3299,47,-1920
Calgary,SSP245,2040,0.01,0.01,0.6,0.2,0.2,130,0.05,0.3,0.2,6.17,2000,20000,4.76,0.35,1.25,0.5,10,0.7,4,0.6,104141,13205,677,90936,1311,2218,31,-1264
Calgary,SSP245,2040,0.05,0.01,0.6,0.2,0.2,130,0.25,0.5,0.3,6.17,8000,35000,4.76,0.1,0.5,1.25,2,0.7,0,0.6,106122,13985,1705,92137,1328,2679,64,-2152
Calgary,SSP245,2040,0.01,0.05,0.6,0.2,0.2,130,0.25,0.5,0.2,6.17,6000,40000,5.76,0.15,0.25,0.5,10,0.6,10,0.6,102158,16725,1341,85433,1230,2837,47,-2535
Calgary,SSP245,2040,0.05,0.05,0.6,0.2,0.2,130,0.05,0.6,0.2,6.67,10000,30000,4.76,0.2,1,0.5,10,0.7,2,0.6,104141,13890,1597,90251,1301,3299,48,-1921
Calgary,SSP245,2040,0.01,0.01,0.6,0.2,0.2,130,0.21,0.3,0.3,6.17,2000,20000,4.76,0.35,1.25,1.25,4,0.7,6,0.6,105578,13829,605,91749,1322,2218,27,-1237
Calgary,SSP245,2040,0.05,0.01,0.6,0.2,0.2,130,0.05,0.6,0.2,6.17,10000,20000,4.76,0.15,0.75,1,10,0.7,4,0.6,104141,13205,1026,90936,1311,2679,38,-1343
Calgary,SSP245,2040,0.01,0.05,0.6,0.2,0.2,130,0.25,0.1,0.3,6.17,4000,20000,4.76,0.15,0.5,0.5,2,0.7,8,0.6,106122,13985,817,92137,1328,2837,29,-1272
Calgary,SSP245,2040,0.05,0.05,0.6,0.2,0.2,130,0.25,0.6,0.5,7.17,0,20000,4.76,0.25,0.25,0.75,4,0.7,6,0.6,106122,15355,710,90767,1308,3299,22,-1252
Calgary,SSP245,2040,0.01,0.01,0.6,0.2,0.2,130,0.25,0.2,0.3,6.17,2000,25000,4.76,0.1,0.5,0.5,0,0.7,8,0.6,106122,13985,878,92137,1328,2218,40,-1531
Calgary,SSP245,2040,0.05,0.01,0.6,0.2,0.2,130,0.09,0.6,0.2,6.17,0,25000,4.76,0.3,0.25,0.75,8,0.7,2,0.6,104323,13361,1237,90962,1311,2679,46,-1560
Calgary,SSP245,2040,0.01,0.05,0.6,0.2,0.2,130,0.21,0.7,0.4,6.17,4000,30000,4.76,0.1,0.75,0.5,6,0.7,0,0.6,105578,13829,1369,91749,1322,2837,48,-1836
Calgary,SSP245,2040,0.05,0.05,0.6,0.2,0.2,130,0.05,0.4,0.6,6.17,10000,25000,4.76,0.15,1.5,1.25,2,0.6,6,0.6,100068,13205,1413,86863,1252,3299,43,-1549
Calgary,SSP245,2040,0.01,0.01,0.6,0.2,0.2,130,0.05,0.4,0.6,6.17,10000,25000,5.26,0.4,1,1.25,10,0.7,6,0.6,104141,14575,655,89566,1291,2218,30,-1605
Calgary,SSP245,2040,0.05,0.01,0.6,0.2,0.2,130,0.05,0.1,0.3,6.17,2000,20000,4.76,0.25,1,0.5,0,0.7,2,0.6,104141,13205,906,90936,1311,2679,34,-1206
Calgary,SSP245,2040,0.01,0.05,0.6,0.2,0.2,130,0.25,0.4,0.4,6.17,0,20000,4.76,0.25,0.25,0.75,4,0.7,0,0.6,106122,13985,763,92137,1328,2837,27,-1209
Calgary,SSP245,2040,0.05,0.05,0.6,0.2,0.2,130,0.21,0.1,0.1,6.17,4000,35000,5.26,0.3,1.5,1,8,0.7,6,0.6,105578,15199,1618,90379,1302,3299,49,-2180
Calgary,SSP245,2045,0.01,0.01,0.6,0.2,0.2,130,0.25,0.7,0.6,6.17,4000,20000,4.76,0.1,0.5,0.75,8,0.7,0,0.6,105089,13985,586,91104,1313,2202,27,-1255
Calgary,SSP245,2045,0.05,0.01,0.6,0.2,0.2,130,0.05,0.2,0.2,6.67,4000,25000,4.76,0.35,1,1.5,0,0.7,0,0.6,103373,13890,998,89482,1290,2670,37,-1505
Calgary,SSP245,2045,0.01,0.05,0.6,0.2,0.2,130,0.25,0.2,0.6,6.67,8000,35000,4.76,0.35,1.25,1.5,8,0.7,2,0.6,105089,14670,1464,90419,1303,2808,52,-2153
Calgary,SSP245,2045,0.05,0.05,0.6,0.2,0.2,130,0.13,0.2,0.1,6.17,10000,30000,4.76,0.2,1.25,1.25,2,0.7,10,0.6,103771,13517,1660,90254,1301,3275,51,-1881
Calgary,SSP245,2045,0.01,0.01,0.6,0.2,0.2,130,0.05,0.1,0.6,6.17,4000,30000,5.26,0.35,0.5,1.5,6,0.7,4,0.6,103373,14575,889,88797,1280,2202,40,-1859
Calgary,SSP245,2045,0.05,0.01,0.6,0.2,0.2,130,0.05,0.3,0.5,6.17,10000,40000,4.76,0.3,0.5,0.5,8,0.7,8,0.6,103373,13205,2159,90167,1300,2670,81,-2543
Calgary,SSP245,2045,0.01,0.05,0.6,0.2,0.2,130,0.21,0.4,0.1,6.17,2000,50000,4.76,0.3,1.25,1.25,8,0.7,10,0.6,104598,13829,2541,90769,1308,2808,91,-3074
Calgary,SSP245,2045,0.05,0.05,0.6,0.2,0.2,130,0.05,0.3,0.4,6.17,10000,30000,4.76,0.15,1.5,1,8,0.7,2,0.6,103373,13205,1689,90167,1300,3275,52,-1875
Calgary,SSP245,2045,0.01,0.01,0.6,0.2,0.2,130,0.25,0.2,0.4,6.17,4000,20000,4.76,0.35,0.75,1.25,4,0.7,4,0.6,105089,13985,577,91104,1313,2202,26,-1245
Calgary,SSP245,2045,0.05,0.01,0.6,0.2,0.2,130,0.05,0.2,0.3,6.17,4000,35000,4.76,0.35,0.75,0.5,8,0.7,4,0.6,103373,13205,1824,90167,1300,2670,68,-2185
Calgary,SSP245,2045,0.01,0.05,0.6,0.2,0.2,130,0.09,0.3,0.6,7.17,4000,20000,4.76,0.2,0.75,0.75,10,0.7,10,0.6,103517,14731,535,88786,1279,2808,19,-1317
Calgary,SSP245,2045,0.05,0.05,0.6,0.2,0.2,130,0.05,0.2,0.1,6.17,0,20000,5.26,0.4,0.25,1.25,8,0.7,6,0.6,103373,14575,809,88797,1280,3275,25,-1287
Calgary,SSP245,2045,0.01,0.01,0.6,0.2,0.2,130,0.05,0.4,0.1,6.17,8000,20000,4.76,0.4,1.5,0.75,10,0.7,6,0.6,103373,13205,652,90167,1300,2202,30,-1275
Calgary,SSP245,2045,0.05,0.01,0.6,0.2,0.2,130,0.05,0.1,0.1,6.17,8000,35000,4.76,0.15,1,1,10,0.7,2,0.6,103373,13205,1837,90167,1300,2670,69,-2206
Calgary,SSP245,2045,0.01,0.05,0.6,0.2,0.2,130,0.05,0.5,0.1,6.67,0,20000,5.26,0.25,1.25,0.75,10,0.7,6,0.6,103373,15260,344,88112,1270,2808,12,-1275
Calgary,SSP245,2045,0.05,0.05,0.6,0.2,0.2,130,0.05,0.7,0.1,6.17,4000,25000,4.76,0.35,0.5,1,6,0.7,6,0.6,103373,13205,1433,90167,1300,3275,44,-1596
Calgary,SSP245,2045,0.01,0.01,0.6,0.2,0.2,130,0.09,0.4,0.5,7.17,6000,30000,4.76,0.4,1.5,0.5,10,0.7,10,0.6,103517,14731,894,88786,1279,2202,41,-1880
Calgary,SSP245,2045,0.05,0.01,0.6,0.2,0.2,130,0.05,0.3,0.2,6.67,0,25000,4.76,0.1,0.25,1.25,6,0.7,10,0.6,103373,13890,1073,89482,1290,2670,40,-1571
Calgary,SSP245,2045,0.01,0.05,0.6,0.2,0.2,130,0.25,0.6,0.3,6.17,10000,25000,4.76,0.25,0.25,0.5,8,0.7,10,0.6,105089,13985,1157,91104,1313,2808,41,-1661
Calgary,SSP245,2045,0.05,0.05,0.6,0.2,0.2,130,0.13,0.6,0.1,6.67,4000,40000,4.76,0.4,1.25,1.5,4,0.6,4,0.6,99226,14202,2043,85024,1225,3275,62,-2447
Calgary,SSP245,2050,0.01,0.01,0.6,0.2,0.2,130,0.17,0.7,0.3,6.17,2000,50000,4.76,0.25,0.5,1,8,0.7,10,0.6,100587,13673,2384,86914,1253,2096,114,-3070
Calgary,SSP245,2050,0.05,0.01,0.6,0.2,0.2,130,0.05,0.7,0.4,6.67,0,40000,4.76,0.1,1,0.5,0,0.7,8,0.6,99760,13890,1932,85870,1238,2543,76,-2407
Calgary,SSP245,2050,0.01,0.05,0.6,0.2,0.2,130,0.25,0.4,0.4,6.17,2000,35000,4.76,0.2,0.75,0.5,4,0.6,10,0.6,97045,13985,1630,83060,1197,2666,61,-2167
Calgary,SSP245,2050,0.05,0.05,0.6,0.2,0.2,130,0.05,0.5,0.3,6.67,0,20000,5.76,0.35,1.5,1.5,8,0.7,8,0.6,101335,16630,-64,84705,1220,2546,-3,-1272
Calgary,SSP245,2050,0.01,0.01,0.6,0.2,0.2,130,0.21,0.6,0.2,6.17,10000,25000,4.76,0.3,1,0.75,0,0.7,8,0.6,101048,13829,899,87219,1257,2096,43,-1556
Calgary,SSP245,2050,0.05,0.01,0.6,0.2,0.2,130,0.25,0.4,0.2,6.17,8000,20000,4.76,0.15,0.25,0.75,2,0.6,0,0.6,97045,13985,910,83060,1197,2543,36,-1275
Calgary,SSP245,2050,0.01,0.05,0.6,0.2,0.2,130,0.25,0.5,0.5,6.67,8000,20000,4.76,0.35,0.5,0.75,6,0.7,10,0.6,101539,14670,691,86869,1252,2666,26,-1330
Calgary,SSP245,2050,0.05,0.05,0.6,0.2,0.2,130,0.25,0.7,0.4,6.17,4000,30000,4.76,0.15,1,0.75,2,0.7,6,0.6,101539,13985,1657,87554,1262,3113,53,-1850
Calgary,SSP245,2050,0.01,0.01,0.6,0.2,0.2,130,0.21,0.6,0.3,6.17,0,30000,4.76,0.15,1,1.5,6,0.7,4,0.6,101048,13829,1187,87219,1257,2096,57,-1833
Calgary,SSP245,2050,0.05,0.01,0.6,0.2,0.2,130,0.05,0.2,0.6,6.17,0,25000,4.76,0.15,1,0.75,6,0.7,2,0.6,99760,13205,1276,86555,1248,2543,50,-1552
Calgary,SSP245,2050,0.01,0.05,0.6,0.2,0.2,130,0.25,0.1,0.3,6.17,2000,30000,4.76,0.1,0.25,0.5,8,0.6,8,0.6,97045,13985,1363,83060,1197,2666,51,-1889
Calgary,SSP245,2050,0.05,0.05,0.6,0.2,0.2,130,0.21,0.5,0.3,6.17,2000,25000,4.76,0.3,0.25,1,4,0.7,10,0.6,101048,13829,1426,87219,1257,3113,46,-1590
Calgary,SSP245,2050,0.01,0.01,0.6,0.2,0.2,130,0.09,0.4,0.2,6.17,10000,25000,4.76,0.3,1.5,1.5,0,0.7,0,0.6,99905,13361,867,86544,1247,2096,41,-1501
Calgary,SSP245,2050,0.05,0.01,0.6,0.2,0.2,130,0.05,0.1,0.3,6.17,2000,25000,4.76,0.4,0.75,0.75,4,0.7,4,0.6,99760,13205,1270,86555,1248,2543,50,-1550
Calgary,SSP245,2050,0.01,0.05,0.6,0.2,0.2,130,0.25,0.2,0.5,6.17,0,50000,4.76,0.15,1.5,1,4,0.7,0,0.6,101539,13985,2481,87554,1262,2666,93,-2999
Calgary,SSP245,2050,0.05,0.05,0.6,0.2,0.2,130,0.05,0.7,0.6,6.17,0,25000,4.76,0.3,1.25,0.75,0,0.7,0,0.6,99760,13205,1381,86555,1248,3113,44,-1488
Calgary,SSP245,2050,0.01,0.01,0.6,0.2,0.2,130,0.25,0.7,0.3,6.17,2000,40000,4.76,0.25,1.5,0.75,6,0.7,6,0.6,101539,13985,1758,87554,1262,2096,84,-2437
Calgary,SSP245,2050,0.05,0.01,0.6,0.2,0.2,130,0.25,0.5,0.5,6.67,6000,35000,4.76,0.4,1.5,1.25,2,0.7,6,0.6,101539,14670,1575,86869,1252,2543,62,-2128
Calgary,SSP245,2050,0.01,0.05,0.6,0.2,0.2,130,0.05,0.7,0.5,6.17,8000,35000,4.76,0.3,0.5,1.25,8,0.7,10,0.6,99760,13205,1764,86555,1248,2666,66,-2237
Calgary,SSP245,2050,0.05,0.05,0.6,0.2,0.2,130,0.25,0.5,0.2,6.17,4000,20000,4.76,0.4,0.25,1,0,0.7,8,0.6,101539,13985,1093,87554,1262,3113,35,-1265
Calgary,SSP585,2025,0.01,0.01,0.6,0.2,0.2,130,0.21,0.5,0.4,6.17,0,50000,5.26,0.15,1,1.25,6,0.7,8,0.6,102850,15199,1858,87651,1263,2135,87,-3028
Calgary,SSP585,2025,0.05,0.01,0.6,0.2,0.2,130,0.05,0.3,0.6,7.67,2000,25000,4.76,0.2,0.5,1.25,0,0.7,0,0.6,101335,15260,486,86075,1240,2546,19,-1502
Calgary,SSP585,2025,0.01,0.05,0.6,0.2,0.2,130,0.25,0.4,0.4,6.17,8000,20000,4.76,0.1,1.25,1.25,6,0.7,2,0.6,103447,13985,640,89462,1289,2762,23,-1245
Calgary,SSP585,2025,0.05,0.05,0.6,0.2,0.2,130,0.25,0.7,0.3,6.17,0,25000,4.76,0.15,0.5,1.5,4,0.7,4,0.6,103447,13985,1119,89462,1289,3173,35,-1532
Calgary,SSP585,2025,0.01,0.01,0.6,0.2,0.2,130,0.25,0.7,0.1,6.17,6000,35000,4.76,0.3,1.25,1,6,0.7,2,0.6,103447,13985,1304,89462,1289,2135,61,-2128
Calgary,SSP585,2025,0.05,0.01,0.6,0.2,0.2,130,0.05,0.7,0.5,6.17,8000,20000,4.76,0.35,1.5,0.5,0,0.7,10,0.6,101335,13205,720,88130,1270,2546,28,-1235
Calgary,SSP585,2025,0.01,0.05,0.6,0.2,0.2,130,0.25,0.7,0.2,6.17,8000,40000,4.76,0.2,0.75,1.25,8,0.7,8,0.6,103447,13985,1851,89462,1289,2762,67,-2498
Calgary,SSP585,2025,0.05,0.05,0.6,0.2,0.2,130,0.05,0.6,0.2,6.17,0,20000,4.76,0.2,0.25,1.25,4,0.7,0,0.6,101335,13205,900,88130,1270,3173,28,-1217
Calgary,SSP585,2025,0.01,0.01,0.6,0.2,0.2,130,0.25,0.7,0.2,6.67,2000,40000,4.76,0.35,0.75,0.5,6,0.7,4,0.6,103447,14670,1434,88777,1279,2135,67,-2428
Calgary,SSP585,2025,0.05,0.01,0.6,0.2,0.2,130,0.25,0.7,0.3,6.17,2000,30000,5.26,0.35,1.25,0.75,10,0.7,0,0.6,103447,15355,890,88092,1269,2546,35,-1845
Calgary,SSP585,2025,0.01,0.05,0.6,0.2,0.2,130,0.25,0.5,0.5,6.17,8000,40000,5.26,0.2,0.5,1.5,2,0.7,8,0.6,103447,15355,1506,88092,1269,2762,55,-2488
Calgary,SSP585,2025,0.05,0.05,0.6,0.2,0.2,130,0.25,0.2,0.3,6.67,8000,40000,4.76,0.35,1.5,1,6,0.7,0,0.6,103447,14670,1794,88777,1279,3173,57,-2424
Calgary,SSP585,2025,0.01,0.01,0.6,0.2,0.2,130,0.25,0.4,0.1,6.17,4000,25000,4.76,0.25,1,0.5,10,0.7,4,0.6,103447,13985,755,89462,1289,2135,35,-1554
Calgary,SSP585,2025,0.05,0.01,0.6,0.2,0.2,130,0.05,0.4,0.1,6.17,0,50000,4.76,0.4,0.75,1.5,2,0.7,0,0.6,101335,13205,2428,88130,1270,2546,95,-2990
Calgary,SSP585,2025,0.01,0.05,0.6,0.2,0.2,130,0.25,0.2,0.5,6.17,2000,20000,4.76,0.4,0.75,1.5,2,0.6,10,0.6,97975,13985,590,83990,1210,2762,21,-1261
Calgary,SSP585,2025,0.05,0.05,0.6,0.2,0.2,130,0.05,0.2,0.5,6.17,8000,25000,4.76,0.15,1.5,1.5,0,0.7,2,0.6,101335,13205,1164,88130,1270,3173,37,-1509
Calgary,SSP585,2025,0.01,0.01,0.6,0.2,0.2,130,0.25,0.5,0.3,6.67,6000,20000,5.76,0.4,0.5,1,8,0.7,6,0.6,103447,17410,-348,86037,1239,2135,-16,-1282
Calgary,SSP585,2025,0.05,0.01,0.6,0.2,0.2,130,0.25,0.6,0.6,6.67,10000,20000,5.26,0.2,0.75,1,4,0.7,0,0.6,103447,16040,149,87407,1259,2546,6,-1267
Calgary,SSP585,2025,0.01,0.05,0.6,0.2,0.2,130,0.05,0.6,0.6,6.67,0,20000,5.26,0.3,1.25,0.75,10,0.7,6,0.6,101335,15260,214,86075,1240,2762,8,-1266
Calgary,SSP585,2025,0.05,0.05,0.6,0.2,0.2,130,0.25,0.3,0.6,6.17,6000,25000,4.76,0.15,1.25,1.25,0,0.7,2,0.6,103447,13985,1090,89462,1289,3173,34,-1516
Calgary,SSP585,2030,0.01,0.01,0.6,0.2,0.2,130,0.25,0.1,0.5,6.17,0,35000,4.76,0.25,0.5,1,4,0.7,0,0.6,103765,13985,1263,89780,1294,2197,58,-2096
Calgary,SSP585,2030,0.05,0.01,0.6,0.2,0.2,130,0.25,0.4,0.5,6.17,10000,30000,4.76,0.3,0.25,1.25,6,0.7,8,0.6,103765,13985,1249,89780,1294,2602,48,-1927
Calgary,SSP585,2030,0.01,0.05,0.6,0.2,0.2,130,0.21,0.4,0.5,6.17,0,20000,4.76,0.4,0.5,0.75,4,0.7,6,0.6,103207,13829,642,89378,1288,2861,22,-1238
Calgary,SSP585,2030,0.05,0.05,0.6,0.2,0.2,130,0.05,0.2,0.6,6.67,10000,25000,4.76,0.15,1,0.75,8,0.6,10,0.6,96825,13890,1026,82935,1195,3267,31,-1633
Calgary,SSP585,2030,0.01,0.01,0.6,0.2,0.2,130,0.25,0.4,0.1,6.17,4000,40000,4.76,0.4,0.75,1,10,0.7,2,0.6,103765,13985,1590,89780,1294,2197,72,-2442
Calgary,SSP585,2030,0.05,0.01,0.6,0.2,0.2,130,0.05,0.4,0.3,6.17,4000,20000,4.76,0.35,1.25,1,0,0.7,0,0.6,101879,13205,648,88674,1278,2602,25,-1201
Calgary,SSP585,2030,0.01,0.05,0.6,0.2,0.2,130,0.25,0.4,0.4,6.17,2000,25000,5.26,0.35,0.5,1.5,4,0.7,8,0.6,103765,15355,609,88410,1274,2861,21,-1561
Calgary,SSP585,2030,0.05,0.05,0.6,0.2,0.2,130,0.05,0.2,0.2,6.17,2000,20000,4.76,0.35,1.5,0.5,6,0.7,8,0.6,101879,13205,912,88674,1278,3267,28,-1273
Calgary,SSP585,2030,0.01,0.01,0.6,0.2,0.2,130,0.25,0.5,0.4,6.17,2000,50000,4.76,0.25,0.5,1.25,6,0.7,4,0.6,103765,13985,2155,89780,1294,2197,98,-3024
Calgary,SSP585,2030,0.05,0.01,0.6,0.2,0.2,130,0.09,0.3,0.1,6.67,10000,45000,4.76,0.4,0.5,0.5,0,0.7,6,0.6,102011,14046,1967,87965,1268,2602,76,-2769
Calgary,SSP585,2030,0.01,0.05,0.6,0.2,0.2,130,0.25,0.7,0.6,7.67,0,20000,4.76,0.2,1.25,1,10,0.7,2,0.6,103765,16040,129,87725,1264,2861,5,-1233
Calgary,SSP585,2030,0.05,0.05,0.6,0.2,0.2,130,0.05,0.3,0.5,6.17,0,40000,5.26,0.25,1.25,1.25,4,0.7,0,0.6,101879,14575,1672,87304,1258,3267,51,-2405
Calgary,SSP585,2030,0.01,0.01,0.6,0.2,0.2,130,0.25,0.7,0.1,6.17,10000,40000,4.76,0.25,1.25,1.5,2,0.7,6,0.6,103765,13985,1573,89780,1294,2197,72,-2437
Calgary,SSP585,2030,0.05,0.01,0.6,0.2,0.2,130,0.05,0.3,0.1,6.67,2000,25000,4.76,0.3,1.25,0.75,10,0.7,2,0.6,101879,13890,834,87989,1268,2602,32,-1561
Calgary,SSP585,2030,0.01,0.05,0.6,0.2,0.2,130,0.25,0.7,0.4,6.17,2000,35000,4.76,0.2,1.5,0.5,6,0.7,4,0.6,103765,13985,1490,89780,1294,2861,52,-2128
Calgary,SSP585,2030,0.05,0.05,0.6,0.2,0.2,130,0.05,0.6,0.1,6.17,6000,30000,5.26,0.1,1.25,0.75,0,0.7,2,0.6,101879,14575,1088,87304,1258,3267,33,-1813
Calgary,SSP585,2030,0.01,0.01,0.6,0.2,0.2,130,0.25,0.1,0.4,6.17,0,45000,4.76,0.35,1,0.5,6,0.7,10,0.6,103765,13985,1881,89780,1294,2197,86,-2735
Calgary,SSP585,2030,0.05,0.01,0.6,0.2,0.2,130,0.09,0.5,0.4,9.17,0,40000,5.76,0.2,0.25,1.5,0,0.5,0,0.6,90465,20211,-15,70254,1010,2602,-1,-2381
Calgary,SSP585,2030,0.01,0.05,0.6,0.2,0.2,130,0.25,0.2,0.3,6.17,2000,40000,4.76,0.4,1.5,1,4,0.7,8,0.6,103765,13985,1793,89780,1294,2861,63,-2442
Calgary,SSP585,2030,0.05,0.05,0.6,0.2,0.2,130,0.05,0.1,0.3,6.17,8000,35000,4.76,0.2,0.5,1.25,10,0.7,10,0.6,101879,13205,1848,88674,1278,3267,57,-2253
Calgary,SSP585,2035,0.01,0.01,0.6,0.2,0.2,130,0.25,0.3,0.2,6.67,4000,30000,4.76,0.4,0.5,1.25,0,0.7,6,0.6,102272,14670,917,87602,1262,2084,44,-1834
Calgary,SSP585,2035,0.05,0.01,0.6,0.2,0.2,130,0.05,0.6,0.6,6.17,10000,35000,4.76,0.35,0.25,1.25,2,0.7,6,0.6,100541,13205,1750,87336,1259,2522,69,-2201
Calgary,SSP585,2035,0.01,0.05,0.6,0.2,0.2,130,0.21,0.2,0.5,6.17,2000,30000,4.76,0.2,1.5,1.25,4,0.7,2,0.6,101781,13829,1260,87952,1268,2657,47,-1818
Calgary,SSP585,2035,0.05,0.05,0.6,0.2,0.2,130,0.05,0.2,0.5,6.67,6000,25000,4.76,0.25,1,1.5,6,0.7,4,0.6,100541,13890,1164,86651,1249,3095,38,-1581
Calgary,SSP585,2035,0.01,0.01,0.6,0.2,0.2,130,0.25,0.7,0.3,6.17,0,25000,4.76,0.25,0.5,0.75,6,0.7,0,0.6,102272,13985,785,88287,1272,2084,38,-1515
Calgary,SSP585,2035,0.05,0.01,0.6,0.2,0.2,130,0.09,0.7,0.5,6.67,4000,20000,4.76,0.15,0.75,0.5,4,0.7,2,0.6,100698,14046,659,86652,1249,2522,26,-1250
Calgary,SSP585,2035,0.01,0.05,0.6,0.2,0.2,130,0.25,0.3,0.3,6.17,10000,20000,4.76,0.3,1,1.5,0,0.7,6,0.6,102272,13985,704,88287,1272,2657,26,-1263
Calgary,SSP585,2035,0.05,0.05,0.6,0.2,0.2,130,0.25,0.6,0.1,6.17,8000,25000,5.26,0.25,0.25,0.75,8,0.7,10,0.6,102272,15355,997,86917,1252,3095,32,-1661
Calgary,SSP585,2035,0.01,0.01,0.6,0.2,0.2,130,0.09,0.5,0.1,6.67,0,35000,4.76,0.1,0.75,1.5,6,0.7,10,0.6,100698,14046,1264,86652,1249,2084,61,-2147
Calgary,SSP585,2035,0.05,0.01,0.6,0.2,0.2,130,0.09,0.2,0.3,6.17,10000,20000,4.76,0.3,1.25,1,4,0.7,0,0.6,100698,13361,813,87337,1259,2522,32,-1249
Calgary,SSP585,2035,0.01,0.05,0.6,0.2,0.2,130,0.25,0.2,0.3,6.17,8000,25000,4.76,0.15,0.75,1.5,2,0.7,10,0.6,102272,13985,1028,88287,1272,2657,39,-1594
Calgary,SSP585,2035,0.05,0.05,0.6,0.2,0.2,130,0.05,0.5,0.5,6.17,0,25000,5.26,0.3,1.5,1,0,0.7,4,0.6,100541,14575,936,85966,1239,3095,30,-1508
Calgary,SSP585,2035,0.01,0.01,0.6,0.2,0.2,130,0.21,0.2,0.5,6.17,4000,30000,4.76,0.3,1,1.5,8,0.6,6,0.6,96334,13829,1053,82505,1189,2084,51,-1861
Calgary,SSP585,2035,0.05,0.01,0.6,0.2,0.2,130,0.17,0.7,0.5,6.17,4000,25000,5.26,0.35,1.5,1.5,0,0.7,0,0.6,101333,15043,691,86290,1243,2522,27,-1493
Calgary,SSP585,2035,0.01,0.05,0.6,0.2,0.2,130,0.25,0.5,0.2,6.17,0,30000,4.76,0.25,1.25,0.75,6,0.7,4,0.6,102272,13985,1274,88287,1272,2657,48,-1834
Calgary,SSP585,2035,0.05,0.05,0.6,0.2,0.2,130,0.05,0.2,0.2,6.67,6000,30000,4.76,0.2,1.25,1,8,0.7,6,0.6,100541,13890,1468,86651,1249,3095,47,-1896
Calgary,SSP585,2035,0.01,0.01,0.6,0.2,0.2,130,0.25,0.7,0.4,6.17,2000,45000,4.76,0.15,0.75,1.5,0,0.7,4,0.6,102272,13985,1927,88287,1272,2084,92,-2704
Calgary,SSP585,2035,0.05,0.01,0.6,0.2,0.2,130,0.05,0.3,0.6,6.17,8000,35000,4.76,0.25,1,1.25,4,0.7,6,0.6,100541,13205,1721,87336,1259,2522,68,-2168
Calgary,SSP585,2035,0.01,0.05,0.6,0.2,0.2,130,0.25,0.5,0.5,6.17,10000,40000,4.76,0.4,0.5,0.75,6,0.7,10,0.6,102272,13985,1928,88287,1272,2657,73,-2529
Calgary,SSP585,2035,0.05,0.05,0.6,0.2,0.2,130,0.09,0.4,0.4,6.17,0,40000,5.26,0.15,0.75,1.5,0,0.7,6,0.6,100698,14731,1793,85967,1239,3095,58,-2411
Calgary,SSP585,2040,0.01,0.01,0.6,0.2,0.2,130,0.05,0.4,0.2,6.17,10000,35000,4.76,0.35,1.5,0.5,6,0.7,10,0.6,101312,13205,1512,88107,1270,2141,71,-2164
Calgary,SSP585,2040,0.05,0.01,0.6,0.2,0.2,130,0.05,0.7,0.3,6.17,2000,40000,4.76,0.2,1.5,1.5,6,0.6,6,0.6,97270,13205,2137,84065,1212,2606,82,-2461
Calgary,SSP585,2040,0.01,0.05,0.6,0.2,0.2,130,0.25,0.6,0.3,6.17,10000,40000,4.76,0.25,1.5,0.5,10,0.7,4,0.6,103181,13985,1936,89196,1286,2716,71,-2466
Calgary,SSP585,2040,0.05,0.05,0.6,0.2,0.2,130,0.25,0.1,0.6,6.17,6000,20000,4.76,0.15,1.25,0.75,2,0.7,0,0.6,103181,13985,1012,89196,1286,3182,32,-1222
Calgary,SSP585,2040,0.01,0.01,0.6,0.2,0.2,130,0.25,0.3,0.4,6.17,10000,30000,4.76,0.1,0.5,1.25,0,0.7,6,0.6,103181,13985,1186,89196,1286,2141,55,-1875
Calgary,SSP585,2040,0.05,0.01,0.6,0.2,0.2,130,0.05,0.4,0.3,6.17,0,25000,4.76,0.2,0.25,1.25,4,0.7,8,0.6,101312,13205,1251,88107,1270,2606,48,-1550
Calgary,SSP585,2040,0.01,0.05,0.6,0.2,0.2,130,0.25,0.7,0.3,6.17,6000,20000,4.76,0.25,0.5,1.5,2,0.7,0,0.6,103181,13985,763,89196,1286,2716,28,-1242
Calgary,SSP585,2040,0.05,0.05,0.6,0.2,0.2,130,0.25,0.4,0.3,6.17,0,20000,4.76,0.25,0.75,0.5,0,0.7,0,0.6,103181,13985,993,89196,1286,3182,31,-1191
Calgary,SSP585,2040,0.01,0.01,0.6,0.2,0.2,130,0.25,0.1,0.3,6.17,8000,35000,5.26,0.35,0.25,1.25,8,0.7,6,0.6,103181,15355,1180,87826,1265,2141,55,-2211
Calgary,SSP585,2040,0.05,0.01,0.6,0.2,0.2,130,0.09,0.4,0.1,6.17,10000,45000,5.26,0.35,1.25,1,4,0.7,2,0.6,101528,14731,2035,86797,1251,2606,78,-2748
Calgary,SSP585,2040,0.01,0.05,0.6,0.2,0.2,130,0.05,0.4,0.5,6.17,4000,25000,4.76,0.3,0.75,1,2,0.7,2,0.6,101312,13205,1084,88107,1270,2716,40,-1532
Calgary,SSP585,2040,0.05,0.05,0.6,0.2,0.2,130,0.25,0.5,0.4,6.17,8000,20000,4.76,0.35,0.75,0.5,2,0.7,4,0.6,103181,13985,1056,89196,1286,3182,33,-1271
Calgary,SSP585,2040,0.01,0.01,0.6,0.2,0.2,130,0.21,0.1,0.1,6.17,0,50000,4.76,0.1,0.5,0.75,6,0.7,8,0.6,102671,13829,2334,88842,1280,2141,109,-3035
Calgary,SSP585,2040,0.05,0.01,0.6,0.2,0.2,130,0.09,0.4,0.6,6.17,10000,30000,4.76,0.25,0.75,0.5,10,0.5,8,0.6,92436,13361,1610,79075,1140,2606,62,-1968
Calgary,SSP585,2040,0.01,0.05,0.6,0.2,0.2,130,0.25,0.3,0.2,6.17,6000,20000,5.26,0.35,0.5,1.25,6,0.7,10,0.6,103181,15355,501,87826,1265,2716,18,-1315
Calgary,SSP585,2040,0.05,0.05,0.6,0.2,0.2,130,0.09,0.2,0.3,6.17,4000,20000,4.76,0.4,0.75,0.5,10,0.7,6,0.6,101528,13361,1190,88167,1271,3182,37,-1331
Calgary,SSP585,2040,0.01,0.01,0.6,0.2,0.2,130,0.25,0.3,0.6,6.17,0,30000,4.76,0.25,1.25,1.5,6,0.7,2,0.6,103181,13985,1155,89196,1286,2141,54,-1823
Calgary,SSP585,2040,0.05,0.01,0.6,0.2,0.2,130,0.25,0.5,0.2,6.67,6000,45000,4.76,0.2,0.75,1.25,8,0.7,0,0.6,103181,14670,2163,88511,1275,2606,83,-2774
Calgary,SSP585,2040,0.01,0.05,0.6,0.2,0.2,130,0.05,0.2,0.6,6.67,0,45000,4.76,0.4,1.25,0.75,6,0.7,10,0.6,101312,13890,2115,87422,1260,2716,78,-2764
Calgary,SSP585,2040,0.05,0.05,0.6,0.2,0.2,130,0.05,0.5,0.1,6.17,2000,20000,4.76,0.3,0.75,0.5,2,0.6,4,0.6,97270,13205,1116,84065,1212,3182,35,-1240
Calgary,SSP585,2045,0.01,0.01,0.6,0.2,0.2,130,0.25,0.6,0.1,6.17,2000,45000,4.76,0.2,1.25,1,8,0.7,0,0.6,103554,13985,2192,89569,1291,2023,108,-2739
Calgary,SSP585,2045,0.05,0.01,0.6,0.2,0.2,130,0.25,0.1,0.1,6.17,4000,25000,4.76,0.15,1.5,0.75,10,0.7,2,0.6,103554,13985,1457,89569,1291,2468,59,-1604
Calgary,SSP585,2045,0.01,0.05,0.6,0.2,0.2,130,0.05,0.3,0.6,7.17,0,20000,4.76,0.35,1,0.75,0,0.7,10,0.6,101822,14575,613,87247,1257,2557,24,-1237
Calgary,SSP585,2045,0.05,0.05,0.6,0.2,0.2,130,0.05,0.7,0.1,6.17,8000,20000,4.76,0.15,1.5,0.75,10,0.7,0,0.6,101822,13205,1410,88617,1278,3002,47,-1316
Calgary,SSP585,2045,0.01,0.01,0.6,0.2,0.2,130,0.25,0.4,0.2,6.17,0,45000,5.26,0.3,0.25,1.25,4,0.7,2,0.6,103554,15355,1835,88199,1271,2023,91,-2713
Calgary,SSP585,2045,0.05,0.01,0.6,0.2,0.2,130,0.05,0.6,0.5,6.17,8000,40000,4.76,0.4,1.5,1.5,10,0.7,8,0.6,101822,13205,2423,88617,1278,2468,98,-2531
Calgary,SSP585,2045,0.01,0.05,0.6,0.2,0.2,130,0.05,0.6,0.6,6.67,4000,35000,4.76,0.25,1,1.5,6,0.6,2,0.6,97785,13890,1627,83894,1209,2557,64,-2157
Calgary,SSP585,2045,0.05,0.05,0.6,0.2,0.2,130,0.05,0.3,0.4,6.67,6000,45000,4.76,0.2,0.25,1.5,4,0.7,4,0.6,101822,13890,2670,87932,1268,3002,89,-2793
Calgary,SSP585,2045,0.01,0.01,0.6,0.2,0.2,130,0.25,0.2,0.2,6.17,2000,25000,4.76,0.1,0.5,1,4,0.7,10,0.6,103554,13985,1057,89569,1291,2023,52,-1561
Calgary,SSP585,2045,0.05,0.01,0.6,0.2,0.2,130,0.05,0.6,0.2,6.17,4000,50000,4.76,0.3,1.5,0.5,4,0.7,0,0.6,101822,13205,2907,88617,1278,2468,118,-3028
Calgary,SSP585,2045,0.01,0.05,0.6,0.2,0.2,130,0.05,0.4,0.4,6.17,0,50000,4.76,0.25,1,0.5,4,0.7,8,0.6,101822,13205,2691,88617,1278,2557,105,-3044
Calgary,SSP585,2045,0.05,0.05,0.6,0.2,0.2,130,0.05,0.6,0.5,6.17,2000,20000,4.76,0.25,0.75,0.5,0,0.6,4,0.6,97785,13205,1321,84579,1219,3002,44,-1219
Calgary,SSP585,2045,0.01,0.01,0.6,0.2,0.2,130,0.17,0.1,0.2,6.17,0,50000,5.26,0.4,0.25,1.5,0,0.7,2,0.6,102639,15043,2111,87596,1262,2023,104,-2983
Calgary,SSP585,2045,0.05,0.01,0.6,0.2,0.2,130,0.13,0.6,0.5,7.67,8000,50000,4.76,0.2,0.75,1.5,6,0.7,2,0.6,102253,15572,2432,86681,1249,2468,99,-3094
Calgary,SSP585,2045,0.01,0.05,0.6,0.2,0.2,130,0.21,0.2,0.5,6.17,0,30000,4.76,0.15,1.5,0.75,8,0.7,4,0.6,103082,13829,1524,89253,1287,2557,60,-1861
Calgary,SSP585,2045,0.05,0.05,0.6,0.2,0.2,130,0.09,0.5,0.6,6.17,0,30000,4.76,0.2,0.75,1.5,10,0.6,10,0.6,97900,13361,2021,84538,1219,3002,67,-1951
Calgary,SSP585,2045,0.01,0.01,0.6,0.2,0.2,130,0.25,0.2,0.6,6.17,0,35000,4.76,0.15,0.25,1.25,2,0.6,10,0.6,99510,13985,1582,85525,1233,2023,78,-2128
Calgary,SSP585,2045,0.05,0.01,0.6,0.2,0.2,130,0.05,0.2,0.4,6.17,0,40000,4.76,0.3,0.5,1.25,0,0.7,0,0.6,101822,13205,2290,88617,1278,2468,93,-2381
Calgary,SSP585,2045,0.01,0.05,0.6,0.2,0.2,130,0.25,0.5,0.3,6.17,4000,25000,4.76,0.2,1.25,0.75,10,0.7,2,0.6,103554,13985,1237,89569,1291,2557,48,-1577
Calgary,SSP585,2045,0.05,0.05,0.6,0.2,0.2,130,0.05,0.2,0.4,6.17,2000,25000,4.76,0.1,1.25,0.5,2,0.7,6,0.6,101822,13205,1640,88617,1278,3002,55,-1544
Calgary,SSP585,2050,0.01,0.01,0.6,0.2,0.2,130,0.05,0.7,0.5,6.17,0,25000,4.76,0.35,0.5,0.75,6,0.7,0,0.6,99853,13205,833,86648,1249,2204,38,-1520
Calgary,SSP585,2050,0.05,0.01,0.6,0.2,0.2,130,0.13,0.5,0.1,6.17,4000,30000,4.76,0.15,0.25,0.75,10,0.7,0,0.6,100321,13517,1429,86804,1251,2680,53,-1894
Calgary,SSP585,2050,0.01,0.05,0.6,0.2,0.2,130,0.25,0.1,0.3,6.17,2000,20000,4.76,0.35,1,1,8,0.7,10,0.6,101663,13985,743,87678,1264,2802,27,-1288
Calgary,SSP585,2050,0.05,0.05,0.6,0.2,0.2,130,0.05,0.6,0.2,6.17,0,25000,4.76,0.25,1,0.5,6,0.7,10,0.6,99853,13205,1353,86648,1249,3278,41,-1587
Calgary,SSP585,2050,0.01,0.01,0.6,0.2,0.2,130,0.25,0.4,0.6,7.17,8000,35000,4.76,0.1,0.75,0.5,2,0.7,2,0.6,101663,15355,1032,86308,1243,2204,47,-2143
Calgary,SSP585,2050,0.05,0.01,0.6,0.2,0.2,130,0.13,0.1,0.3,6.17,0,45000,4.76,0.25,1.5,1.25,4,0.7,6,0.6,100321,13517,2241,86804,1251,2680,84,-2730
Calgary,SSP585,2050,0.01,0.05,0.6,0.2,0.2,130,0.25,0.4,0.5,6.67,0,50000,4.76,0.1,1.25,0.5,0,0.6,6,0.6,97667,14670,2208,82997,1196,2802,79,-3007
Calgary,SSP585,2050,0.05,0.05,0.6,0.2,0.2,130,0.05,0.5,0.5,6.67,6000,35000,4.76,0.3,0.75,1,2,0.7,0,0.6,99853,13890,1697,85963,1239,3278,52,-2133
Calgary,SSP585,2050,0.01,0.01,0.6,0.2,0.2,130,0.21,0.6,0.2,6.17,2000,35000,4.76,0.1,0.5,1.25,2,0.7,6,0.6,101171,13829,1374,87342,1259,2204,62,-2127
Calgary,SSP585,2050,0.05,0.01,0.6,0.2,0.2,130,0.05,0.3,0.4,6.17,10000,40000,4.76,0.1,1.25,1.5,0,0.7,8,0.6,99853,13205,1972,86648,1249,2680,74,-2435
Calgary,SSP585,2050,0.01,0.05,0.6,0.2,0.2,130,0.25,0.5,0.2,6.67,4000,35000,4.76,0.2,1.25,0.5,6,0.7,8,0.6,101663,14670,1415,86993,1253,2802,51,-2164
Calgary,SSP585,2050,0.05,0.05,0.6,0.2,0.2,130,0.25,0.3,0.2,6.17,4000,25000,4.76,0.1,0.75,1.25,2,0.7,8,0.6,101663,13985,1239,87678,1264,3278,38,-1567
Calgary,SSP585,2050,0.01,0.01,0.6,0.2,0.2,130,0.25,0.2,0.1,6.17,2000,25000,4.76,0.1,0.5,1.25,4,0.7,0,0.6,101663,13985,777,87678,1264,2204,35,-1520
Calgary,SSP585,2050,0.05,0.01,0.6,0.2,0.2,130,0.25,0.5,0.3,6.17,0,20000,4.76,0.4,1,1.25,6,0.7,0,0.6,101663,13985,735,87678,1264,2680,27,-1231
Calgary,SSP585,2050,0.01,0.05,0.6,0.2,0.2,130,0.25,0.6,0.5,6.17,0,50000,4.76,0.35,1,1.25,8,0.6,4,0.6,97667,13985,2406,83682,1206,2802,86,-3037
Calgary,SSP585,2050,0.05,0.05,0.6,0.2,0.2,130,0.05,0.2,0.3,6.17,2000,20000,4.76,0.2,0.5,1.5,10,0.7,10,0.6,99853,13205,1107,86648,1249,3278,34,-1335
Calgary,SSP585,2050,0.01,0.01,0.6,0.2,0.2,130,0.05,0.2,0.5,6.17,2000,40000,5.26,0.25,1.25,0.5,2,0.7,0,0.6,99853,14575,1340,85278,1229,2204,61,-2397
Calgary,SSP585,2050,0.05,0.01,0.6,0.2,0.2,130,0.13,0.1,0.4,6.17,4000,50000,4.76,0.4,1.5,1.25,2,0.7,10,0.6,100321,13517,2523,86804,1251,2680,94,-3031
Calgary,SSP585,2050,0.01,0.05,0.6,0.2,0.2,130,0.17,0.6,0.1,7.17,8000,25000,4.76,0.25,1.5,1.25,0,0.7,0,0.6,100717,15043,610,85674,1234,2802,22,-1499
Calgary,SSP585,2050,0.05,0.05,0.6,0.2,0.2,130,0.09,0.6,0.2,6.17,0,30000,4.76,0.2,0.75,1,0,0.7,2,0.6,100035,13361,1536,86674,1249,3278,47,-1796
Halifax,SSP126,2025,0.01,0.01,0.6,0.2,0.2,130,0.25,0.3,0.4,5.46,0,40000,4.05,0.15,1.5,1.5,10,0.7,8,0.6,119961,13988,4157,105974,1529,5918,70,-2626
Halifax,SSP126,2025,0.05,0.01,0.6,0.2,0.2,130,0.21,0.3,0.2,5.46,6000,25000,4.05,0.1,0.75,1.25,10,0.7,2,0.6,119694,13832,3730,105863,1527,6348,59,-1701
Halifax,SSP126,2025,0.01,0.05,0.6,0.2,0.2,130,0.25,0.5,0.6,5.46,10000,50000,4.05,0.15,1.5,0.75,4,0.7,0,0.6,119961,13988,5520,105974,1529,8522,65,-3026
Halifax,SSP126,2025,0.05,0.05,0.6,0.2,0.2,130,0.25,0.5,0.4,5.46,4000,20000,4.05,0.25,1,1,6,0.7,6,0.6,119961,13988,4524,105974,1529,8952,51,-1466
Halifax,SSP126,2025,0.01,0.01,0.6,0.2,0.2,130,0.25,0.3,0.5,5.46,8000,25000,4.05,0.15,1.5,1,8,0.7,8,0.6,119961,13988,3271,105974,1529,5918,55,-1725
Halifax,SSP126,2025,0.05,0.01,0.6,0.2,0.2,130,0.25,0.6,0.5,5.46,8000,40000,4.05,0.3,0.25,1,8,0.7,0,0.6,119961,13988,4562,105974,1529,6348,72,-2560
Halifax,SSP126,2025,0.01,0.05,0.6,0.2,0.2,130,0.25,0.3,0.6,5.46,4000,30000,4.05,0.15,0.5,1,10,0.7,4,0.6,119961,13988,4571,105974,1529,8522,54,-2022
Halifax,SSP126,2025,0.05,0.05,0.6,0.2,0.2,130,0.25,0.2,0.4,5.46,8000,20000,4.05,0.3,1,1.25,10,0.7,10,0.6,119961,13988,4705,105974,1529,8952,53,-1656
Halifax,SSP126,2025,0.01,0.01,0.6,0.2,0.2,130,0.25,0.7,0.2,7.46,4000,20000,4.05,0.2,1.25,1.25,6,0.7,4,0.6,119961,16728,2228,103234,1488,5918,38,-1333
Halifax,SSP126,2025,0.05,0.01,0.6,0.2,0.2,130,0.25,0.3,0.4,5.46,0,20000,4.55,0.25,0.25,0.75,10,0.7,2,0.6,119961,15358,3096,104604,1509,6348,49,-1370
Halifax,SSP126,2025,0.01,0.05,0.6,0.2,0.2,130,0.25,0.2,0.6,6.46,4000,40000,4.05,0.3,1.25,1.25,0,0.7,0,0.6,119961,15358,4585,104604,1509,8522,54,-2392
Halifax,SSP126,2025,0.05,0.05,0.6,0.2,0.2,130,0.25,0.1,0.3,5.46,10000,45000,4.05,0.35,1.25,0.5,0,0.7,2,0.6,119961,13988,5756,105974,1529,8952,64,-2764
Halifax,SSP126,2025,0.01,0.01,0.6,0.2,0.2,130,0.25,0.1,0.3,5.46,8000,35000,4.55,0.35,1,1.25,8,0.7,10,0.6,119961,15358,3571,104604,1509,5918,60,-2381
Halifax,SSP126,2025,0.05,0.01,0.6,0.2,0.2,130,0.25,0.4,0.5,5.46,8000,40000,4.55,0.4,1,1,10,0.6,4,0.6,117126,15358,4176,101768,1468,6348,66,-2632
Halifax,SSP126,2025,0.01,0.05,0.6,0.2,0.2,130,0.25,0.4,0.3,5.46,0,50000,4.05,0.1,0.5,0.75,2,0.6,8,0.6,117126,13988,5512,103138,1488,8522,65,-3212
Halifax,SSP126,2025,0.05,0.05,0.6,0.2,0.2,130,0.25,0.5,0.6,5.46,6000,25000,4.05,0.3,0.25,1.5,6,0.7,6,0.6,119961,13988,4839,105974,1529,8952,54,-1797
Halifax,SSP126,2025,0.01,0.01,0.6,0.2,0.2,130,0.25,0.3,0.5,5.46,0,20000,4.55,0.1,1.5,0.75,0,0.6,4,0.6,117126,15358,2358,101768,1468,5918,40,-1261
Halifax,SSP126,2025,0.05,0.01,0.6,0.2,0.2,130,0.21,0.1,0.1,5.46,10000,45000,4.05,0.1,1,0.5,4,0.7,8,0.6,119694,13832,4906,105863,1527,6348,77,-2928
Halifax,SSP126,2025,0.01,0.05,0.6,0.2,0.2,130,0.25,0.1,0.4,5.46,4000,50000,4.05,0.25,1.25,1,10,0.6,8,0.6,117126,13988,5591,103138,1488,8522,66,-3299
Halifax,SSP126,2025,0.05,0.05,0.6,0.2,0.2,130,0.25,0.2,0.3,5.46,2000,40000,4.55,0.4,0.5,1.25,0,0.7,10,0.6,119961,15358,5370,104604,1509,8952,60,-2686
Halifax,SSP126,2030,0.01,0.01,0.6,0.2,0.2,130,0.25,0.2,0.2,5.46,0,35000,4.05,0.2,1.25,0.5,10,0.7,0,0.6,122148,13988,3808,108160,1560,6021,63,-2177
Halifax,SSP126,2030,0.05,0.01,0.6,0.2,0.2,130,0.25,0.1,0.5,5.46,2000,40000,4.55,0.3,0.25,0.75,6,0.7,6,0.6,122148,15358,4373,106790,1540,6444,68,-2600
Halifax,SSP126,2030,0.01,0.05,0.6,0.2,0.2,130,0.25,0.2,0.3,5.46,8000,25000,4.05,0.1,1,1.5,4,0.7,4,0.6,122148,13988,4345,108160,1560,8686,50,-1678
Halifax,SSP126,2030,0.05,0.05,0.6,0.2,0.2,130,0.25,0.1,0.2,5.46,8000,25000,4.05,0.2,1.5,1,6,0.7,4,0.6,122148,13988,4861,108160,1560,9109,53,-1703
Halifax,SSP126,2030,0.01,0.01,0.6,0.2,0.2,130,0.25,0.5,0.1,5.46,6000,20000,4.05,0.25,0.25,1.25,6,0.7,10,0.6,122148,13988,3141,108160,1560,6021,52,-1491
Halifax,SSP126,2030,0.05,0.01,0.6,0.2,0.2,130,0.25,0.5,0.6,5.46,2000,35000,4.55,0.1,1.25,1,8,0.7,8,0.6,122148,15358,4142,106790,1540,6444,64,-2359
Halifax,SSP126,2030,0.01,0.05,0.6,0.2,0.2,130,0.21,0.4,0.3,5.46,2000,45000,4.05,0.1,0.5,0.75,2,0.7,10,0.6,121897,13832,5623,108065,1559,8686,65,-3007
Halifax,SSP126,2030,0.05,0.05,0.6,0.2,0.2,130,0.25,0.2,0.2,5.46,4000,30000,4.55,0.4,0.75,1,4,0.7,4,0.6,122148,15358,4805,106790,1540,9109,53,-1984
Halifax,SSP126,2030,0.01,0.01,0.6,0.2,0.2,130,0.25,0.2,0.2,5.46,6000,20000,4.05,0.2,0.5,1,8,0.7,8,0.6,122148,13988,3113,108160,1560,6021,52,-1463
Halifax,SSP126,2030,0.05,0.01,0.6,0.2,0.2,130,0.25,0.5,0.6,5.46,2000,30000,4.05,0.1,1.5,1,8,0.7,0,0.6,122148,13988,4031,108160,1560,6444,63,-1902
Halifax,SSP126,2030,0.01,0.05,0.6,0.2,0.2,130,0.25,0.1,0.3,5.46,8000,45000,4.05,0.1,1,1.5,8,0.7,0,0.6,122148,13988,5411,108160,1560,8686,62,-2786
Halifax,SSP126,2030,0.05,0.05,0.6,0.2,0.2,130,0.21,0.3,0.6,5.46,0,25000,4.05,0.35,1.5,1.25,4,0.6,8,0.6,118978,13832,4723,105146,1517,9109,52,-1767
Halifax,SSP126,2030,0.01,0.01,0.6,0.2,0.2,130,0.25,0.5,0.5,5.46,2000,25000,4.05,0.15,0.25,0.75,4,0.7,8,0.6,122148,13988,3346,108160,1560,6021,56,-1698
Halifax,SSP126,2030,0.05,0.01,0.6,0.2,0.2,130,0.21,0.6,0.3,5.96,10000,20000,4.05,0.15,1,0.75,10,0.7,8,0.6,121897,14517,3487,107380,1549,6444,54,-1530
Halifax,SSP126,2030,0.01,0.05,0.6,0.2,0.2,130,0.25,0.3,0.2,5.46,10000,30000,4.05,0.35,0.5,1.5,0,0.7,4,0.6,122148,13988,4626,108160,1560,8686,53,-1974
Halifax,SSP126,2030,0.05,0.05,0.6,0.2,0.2,130,0.21,0.3,0.4,5.96,0,20000,4.05,0.15,1.25,1,2,0.6,4,0.6,118978,14517,4129,104461,1507,9109,45,-1330
Halifax,SSP126,2030,0.01,0.01,0.6,0.2,0.2,130,0.25,0.3,0.6,5.46,8000,40000,4.05,0.2,1,0.75,6,0.7,6,0.6,122148,13988,4191,108160,1560,6021,70,-2587
Halifax,SSP126,2030,0.05,0.01,0.6,0.2,0.2,130,0.25,0.5,0.5,5.46,0,45000,4.05,0.25,1.25,1.25,6,0.7,0,0.6,122148,13988,4865,108160,1560,6444,75,-2764
Halifax,SSP126,2030,0.01,0.05,0.6,0.2,0.2,130,0.25,0.1,0.6,5.46,8000,40000,4.05,0.1,1,1.25,6,0.7,6,0.6,122148,13988,5285,108160,1560,8686,61,-2649
Halifax,SSP126,2030,0.05,0.05,0.6,0.2,0.2,130,0.25,0.7,0.6,5.46,2000,20000,4.05,0.25,1.25,0.75,4,0.7,6,0.6,122148,13988,4614,108160,1560,9109,51,-1432
Halifax,SSP126,2035,0.01,0.01,0.6,0.2,0.2,130,0.17,0.4,0.4,5.46,2000,45000,4.05,0.3,1.25,1.25,4,0.7,0,0.6,116185,13676,4087,102510,1479,5734,71,-2721
Halifax,SSP126,2035,0.05,0.01,0.6,0.2,0.2,130,0.25,0.1,0.4,5.46,4000,45000,4.05,0.25,0.75,0.5,0,0.7,8,0.6,116713,13988,4712,102725,1482,6167,76,-2849
Halifax,SSP126,2035,0.01,0.05,0.6,0.2,0.2,130,0.25,0.2,0.3,5.46,0,40000,4.05,0.35,0.5,1.5,2,0.7,2,0.6,116713,13988,4837,102725,1482,8238,59,-2456
Halifax,SSP126,2035,0.05,0.05,0.6,0.2,0.2,130,0.25,0.1,0.2,5.46,4000,30000,4.05,0.15,1.25,1,0,0.7,8,0.6,116713,13988,4892,102725,1482,8671,56,-2023
Halifax,SSP126,2035,0.01,0.01,0.6,0.2,0.2,130,0.21,0.6,0.6,5.46,4000,20000,4.05,0.15,1,0.5,10,0.7,10,0.6,116441,13832,2908,102609,1480,5734,51,-1481
Halifax,SSP126,2035,0.05,0.01,0.6,0.2,0.2,130,0.25,0.7,0.6,5.46,2000,30000,4.05,0.15,0.5,0.75,10,0.7,6,0.6,116713,13988,3947,102725,1482,6167,64,-2048
Halifax,SSP126,2035,0.01,0.05,0.6,0.2,0.2,130,0.25,0.6,0.1,5.46,0,35000,4.05,0.1,1.25,1.5,10,0.7,2,0.6,116713,13988,4622,102725,1482,8238,56,-2230
Halifax,SSP126,2035,0.05,0.05,0.6,0.2,0.2,130,0.25,0.3,0.5,5.46,8000,40000,4.05,0.3,0.75,1.25,4,0.7,4,0.6,116713,13988,5433,102725,1482,8671,63,-2593
Halifax,SSP126,2035,0.01,0.01,0.6,0.2,0.2,130,0.25,0.2,0.6,5.46,0,40000,4.05,0.35,1,1.5,2,0.5,8,0.6,110401,13988,3631,96413,1391,5734,63,-2527
Halifax,SSP126,2035,0.05,0.01,0.6,0.2,0.2,130,0.25,0.5,0.2,5.46,8000,20000,4.05,0.4,0.5,1,2,0.7,4,0.6,116713,13988,3254,102725,1482,6167,53,-1347
Halifax,SSP126,2035,0.01,0.05,0.6,0.2,0.2,130,0.25,0.7,0.4,5.46,6000,35000,4.05,0.3,0.5,1,8,0.7,4,0.6,116713,13988,4689,102725,1482,8238,57,-2310
Halifax,SSP126,2035,0.05,0.05,0.6,0.2,0.2,130,0.25,0.1,0.4,5.46,2000,40000,4.55,0.1,1,1.5,0,0.7,2,0.6,116713,15358,4964,101355,1462,8671,57,-2446
Halifax,SSP126,2035,0.01,0.01,0.6,0.2,0.2,130,0.25,0.5,0.1,5.46,6000,30000,4.05,0.2,0.5,1.5,8,0.7,4,0.6,116713,13988,3388,102725,1482,5734,59,-1973
Halifax,SSP126,2035,0.05,0.01,0.6,0.2,0.2,130,0.05,0.7,0.5,5.46,4000,20000,4.05,0.15,0.25,1.5,4,0.7,2,0.6,115690,13208,3200,102483,1479,6167,52,-1316
Halifax,SSP126,2035,0.01,0.05,0.6,0.2,0.2,130,0.25,0.1,0.6,5.46,2000,35000,4.05,0.15,0.25,1.5,0,0.6,10,0.6,114106,13988,4554,100119,1444,8238,55,-2363
Halifax,SSP126,2035,0.05,0.05,0.6,0.2,0.2,130,0.17,0.6,0.1,5.46,4000,30000,4.05,0.35,0.5,0.75,4,0.7,0,0.6,116185,13676,4702,102510,1479,8671,54,-1869
Halifax,SSP126,2035,0.01,0.01,0.6,0.2,0.2,130,0.25,0.1,0.4,5.46,4000,20000,4.05,0.1,1.25,0.75,6,0.7,6,0.6,116713,13988,2806,102725,1482,5734,49,-1367
Halifax,SSP126,2035,0.05,0.01,0.6,0.2,0.2,130,0.25,0.7,0.3,5.46,10000,25000,4.05,0.1,1,1,6,0.7,10,0.6,116713,13988,3689,102725,1482,6167,60,-1797
Halifax,SSP126,2035,0.01,0.05,0.6,0.2,0.2,130,0.25,0.4,0.3,5.46,6000,35000,4.55,0.25,1,0.75,2,0.7,6,0.6,116713,15358,4340,101355,1462,8238,53,-2296
Halifax,SSP126,2035,0.05,0.05,0.6,0.2,0.2,130,0.25,0.5,0.1,5.46,4000,35000,4.05,0.35,0.5,0.5,8,0.7,0,0.6,116713,13988,5080,102725,1482,8671,59,-2221
Halifax,SSP126,2040,0.01,0.01,0.6,0.2,0.2,130,0.25,0.5,0.1,5.46,6000,25000,4.05,0.4,1.25,0.75,4,0.7,8,0.6,110931,13988,2884,96944,1398,5495,52,-1679
Halifax,SSP126,2040,0.05,0.01,0.6,0.2,0.2,130,0.25,0.6,0.4,5.46,8000,20000,4.05,0.2,0.75,0.75,0,0.7,10,0.6,110931,13988,3074,96944,1398,5927,52,-1410
Halifax,SSP126,2040,0.01,0.05,0.6,0.2,0.2,130,0.25,0.1,0.6,5.46,8000,20000,4.55,0.35,1.5,0.5,4,0.7,6,0.6,110931,15358,3199,95574,1378,7873,41,-1396
Halifax,SSP126,2040,0.05,0.05,0.6,0.2,0.2,130,0.21,0.3,0.4,5.46,4000,45000,4.55,0.2,0.75,0.75,6,0.7,6,0.6,110686,15202,5133,95485,1377,8305,62,-2940
Halifax,SSP126,2040,0.01,0.01,0.6,0.2,0.2,130,0.25,0.7,0.3,5.46,0,40000,4.05,0.15,0.75,1.25,0,0.7,0,0.6,110931,13988,3567,96944,1398,5495,65,-2381
Halifax,SSP126,2040,0.05,0.01,0.6,0.2,0.2,130,0.25,0.4,0.4,5.46,2000,45000,4.05,0.4,0.5,0.75,8,0.7,4,0.6,110931,13988,4491,96944,1398,5927,76,-2868
Halifax,SSP126,2040,0.01,0.05,0.6,0.2,0.2,130,0.25,0.5,0.5,5.46,0,45000,4.05,0.3,0.5,1,8,0.7,2,0.6,110931,13988,4903,96944,1398,7873,62,-2801
Halifax,SSP126,2040,0.05,0.05,0.6,0.2,0.2,130,0.17,0.1,0.4,5.46,4000,25000,4.05,0.15,0.25,1,4,0.7,4,0.6,110454,13676,4234,96779,1396,8305,51,-1680
Halifax,SSP126,2040,0.01,0.01,0.6,0.2,0.2,130,0.25,0.4,0.1,5.46,0,20000,4.05,0.1,1,1.5,4,0.7,6,0.6,110931,13988,2558,96944,1398,5495,47,-1330
Halifax,SSP126,2040,0.05,0.01,0.6,0.2,0.2,130,0.25,0.2,0.2,5.96,6000,25000,4.05,0.35,1.25,1,6,0.7,8,0.6,110931,14673,3214,96259,1388,5927,54,-1724
Halifax,SSP126,2040,0.01,0.05,0.6,0.2,0.2,130,0.13,0.6,0.4,5.96,0,30000,4.05,0.25,1.5,0.75,0,0.7,0,0.6,110256,14205,3694,96051,1385,7873,47,-1786
Halifax,SSP126,2040,0.05,0.05,0.6,0.2,0.2,130,0.25,0.4,0.4,5.46,4000,20000,4.05,0.3,0.75,1,0,0.7,8,0.6,110931,13988,4026,96944,1398,8305,48,-1427
Halifax,SSP126,2040,0.01,0.01,0.6,0.2,0.2,130,0.25,0.7,0.2,5.96,0,20000,4.55,0.15,1.25,1.5,2,0.6,2,0.6,109021,16043,1862,92979,1340,5495,34,-1241
Halifax,SSP126,2040,0.05,0.01,0.6,0.2,0.2,130,0.25,0.4,0.3,5.46,6000,30000,4.55,0.25,0.5,0.75,2,0.7,0,0.6,110931,15358,3165,95574,1378,5927,53,-1853
Halifax,SSP126,2040,0.01,0.05,0.6,0.2,0.2,130,0.21,0.2,0.5,6.46,10000,45000,4.05,0.35,1.25,1.25,6,0.7,8,0.6,110686,15202,4695,95485,1377,7873,60,-2970
Halifax,SSP126,2040,0.05,0.05,0.6,0.2,0.2,130,0.25,0.1,0.6,5.46,4000,30000,4.05,0.2,0.25,1,0,0.6,2,0.6,109021,13988,4301,95034,1371,8305,52,-1869
Halifax,SSP126,2040,0.01,0.01,0.6,0.2,0.2,130,0.25,0.2,0.6,5.46,2000,35000,4.05,0.1,0.25,1.25,6,0.7,2,0.6,110931,13988,3379,96944,1398,5495,61,-2187
Halifax,SSP126,2040,0.05,0.01,0.6,0.2,0.2,130,0.21,0.3,0.3,5.46,6000,35000,4.05,0.2,0.5,1.25,6,0.7,8,0.6,110686,13832,3971,96855,1397,5927,67,-2343
Halifax,SSP126,2040,0.01,0.05,0.6,0.2,0.2,130,0.25,0.5,0.6,5.46,2000,30000,4.05,0.35,0.25,0.75,6,0.7,8,0.6,110931,13988,4198,96944,1398,7873,53,-2069
Halifax,SSP126,2040,0.05,0.05,0.6,0.2,0.2,130,0.25,0.7,0.2,5.46,8000,25000,4.55,0.35,0.75,1,4,0.7,2,0.6,110931,15358,3883,95574,1378,8305,47,-1638
Halifax,SSP126,2045,0.01,0.01,0.6,0.2,0.2,130,0.25,0.7,0.5,5.46,2000,20000,4.05,0.3,1.25,0.75,4,0.7,4,0.6,115714,13988,2686,101727,1467,5497,49,-1304
Halifax,SSP126,2045,0.05,0.01,0.6,0.2,0.2,130,0.25,0.7,0.1,5.46,0,25000,4.05,0.15,0.75,0.75,2,0.7,4,0.6,115714,13988,3457,101727,1467,5929,58,-1588
Halifax,SSP126,2045,0.01,0.05,0.6,0.2,0.2,130,0.25,0.6,0.2,5.46,10000,35000,4.55,0.15,1.5,1,10,0.6,2,0.6,113468,15358,3991,98110,1415,7876,51,-2244
Halifax,SSP126,2045,0.05,0.05,0.6,0.2,0.2,130,0.25,0.7,0.3,5.46,10000,40000,4.55,0.2,0.5,1,2,0.7,4,0.6,115714,15358,5001,100357,1447,8308,60,-2587
Halifax,SSP126,2045,0.01,0.01,0.6,0.2,0.2,130,0.25,0.4,0.5,5.46,4000,20000,4.55,0.3,1.5,0.5,4,0.7,10,0.6,115714,15358,2453,100357,1447,5497,45,-1410
Halifax,SSP126,2045,0.05,0.01,0.6,0.2,0.2,130,0.21,0.5,0.3,6.46,10000,25000,4.05,0.15,0.5,1.25,6,0.7,8,0.6,115448,15202,3287,100246,1446,5929,55,-1783
Halifax,SSP126,2045,0.01,0.05,0.6,0.2,0.2,130,0.21,0.6,0.5,5.46,8000,50000,4.05,0.25,1,0.75,4,0.7,4,0.6,115448,13832,5371,101616,1466,7876,68,-3154
Halifax,SSP126,2045,0.05,0.05,0.6,0.2,0.2,130,0.25,0.3,0.5,5.46,0,50000,4.05,0.3,0.5,1.5,6,0.7,8,0.6,115714,13988,6028,101727,1467,8308,73,-3278
Halifax,SSP126,2045,0.01,0.01,0.6,0.2,0.2,130,0.25,0.7,0.6,5.46,0,40000,4.05,0.4,1.5,1.25,4,0.7,2,0.6,115714,13988,3798,101727,1467,5497,69,-2454
Halifax,SSP126,2045,0.05,0.01,0.6,0.2,0.2,130,0.25,0.1,0.2,5.46,0,35000,4.05,0.4,1.25,1.25,0,0.7,4,0.6,115714,13988,4002,101727,1467,5929,68,-2154
Halifax,SSP126,2045,0.01,0.05,0.6,0.2,0.2,130,0.25,0.5,0.2,5.46,0,25000,4.05,0.4,0.25,1.25,2,0.7,4,0.6,115714,13988,3924,101727,1467,7876,50,-1615
Halifax,SSP126,2045,0.05,0.05,0.6,0.2,0.2,130,0.25,0.2,0.1,5.46,10000,25000,4.05,0.35,1,0.5,0,0.7,8,0.6,115714,13988,4526,101727,1467,8308,54,-1746
Halifax,SSP126,2045,0.01,0.01,0.6,0.2,0.2,130,0.25,0.4,0.1,5.46,6000,35000,4.05,0.2,0.75,0.5,4,0.7,6,0.6,115714,13988,3602,101727,1467,5497,66,-2260
Halifax,SSP126,2045,0.05,0.01,0.6,0.2,0.2,130,0.25,0.5,0.6,5.46,2000,30000,4.05,0.15,0.75,0.75,10,0.7,8,0.6,115714,13988,3935,101727,1467,5929,66,-2081
Halifax,SSP126,2045,0.01,0.05,0.6,0.2,0.2,130,0.25,0.5,0.4,5.46,2000,30000,4.55,0.2,0.25,1.25,0,0.7,6,0.6,115714,15358,3924,100357,1447,7876,50,-1964
Halifax,SSP126,2045,0.05,0.05,0.6,0.2,0.2,130,0.25,0.3,0.5,5.96,0,40000,4.05,0.1,1.25,0.75,8,0.7,10,0.6,115714,14673,5369,101042,1457,8308,65,-2766
Halifax,SSP126,2045,0.01,0.01,0.6,0.2,0.2,130,0.25,0.2,0.1,5.46,6000,20000,4.05,0.35,0.75,1,10,0.7,6,0.6,115714,13988,2797,101727,1467,5497,51,-1423
Halifax,SSP126,2045,0.05,0.01,0.6,0.2,0.2,130,0.25,0.5,0.2,5.46,0,35000,4.05,0.2,0.5,0.75,4,0.7,8,0.6,115714,13988,4130,101727,1467,5929,70,-2282
Halifax,SSP126,2045,0.01,0.05,0.6,0.2,0.2,130,0.25,0.4,0.1,6.46,0,35000,4.55,0.25,0.25,0.75,2,0.6,4,0.6,113468,16728,3637,96740,1395,7876,46,-2204
Halifax,SSP126,2045,0.05,0.05,0.6,0.2,0.2,130,0.21,0.4,0.4,5.46,8000,45000,4.55,0.1,1.25,1.25,6,0.6,10,0.6,113165,15202,5262,97963,1413,8308,63,-3039
Halifax,SSP126,2050,0.01,0.01,0.6,0.2,0.2,130,0.25,0.2,0.4,5.46,10000,25000,4.05,0.25,1.5,1,0,0.7,0,0.6,114352,13988,2777,100365,1448,5270,53,-1501
Halifax,SSP126,2050,0.05,0.01,0.6,0.2,0.2,130,0.25,0.1,0.6,5.46,10000,30000,4.05,0.4,0.75,1.5,8,0.6,2,0.6,113528,13988,3736,99541,1436,5732,65,-1997
Halifax,SSP126,2050,0.01,0.05,0.6,0.2,0.2,130,0.25,0.5,0.3,5.46,10000,25000,4.55,0.1,1.5,0.75,0,0.7,6,0.6,114352,15358,3478,98995,1428,7500,46,-1655
Halifax,SSP126,2050,0.05,0.05,0.6,0.2,0.2,130,0.25,0.3,0.6,5.46,4000,25000,4.05,0.35,0.75,1.5,0,0.7,6,0.6,114352,13988,4347,100365,1448,7961,55,-1664
Halifax,SSP126,2050,0.01,0.01,0.6,0.2,0.2,130,0.25,0.1,0.5,5.46,4000,30000,4.05,0.2,0.5,0.75,8,0.7,8,0.6,114352,13988,3303,100365,1448,5270,63,-2025
Halifax,SSP126,2050,0.05,0.01,0.6,0.2,0.2,130,0.25,0.6,0.2,5.96,6000,20000,4.05,0.25,1.25,1.5,4,0.7,0,0.6,114352,14673,2906,99680,1438,5732,51,-1266
Halifax,SSP126,2050,0.01,0.05,0.6,0.2,0.2,130,0.25,0.5,0.4,5.46,10000,35000,4.05,0.2,1,0.5,4,0.7,8,0.6,114352,13988,4505,100365,1448,7500,60,-2368
Halifax,SSP126,2050,0.05,0.05,0.6,0.2,0.2,130,0.25,0.1,0.6,5.46,10000,20000,4.05,0.35,0.5,0.75,8,0.7,10,0.6,114352,13988,4315,100365,1448,7961,54,-1634
Halifax,SSP126,2050,0.01,0.01,0.6,0.2,0.2,130,0.25,0.2,0.1,5.46,6000,25000,4.05,0.15,0.5,1.25,2,0.7,6,0.6,114352,13988,2933,100365,1448,5270,56,-1649
Halifax,SSP126,2050,0.05,0.01,0.6,0.2,0.2,130,0.25,0.6,0.4,5.46,2000,20000,4.05,0.15,0.25,1.25,0,0.7,6,0.6,114352,13988,3123,100365,1448,5732,54,-1307
Halifax,SSP126,2050,0.01,0.05,0.6,0.2,0.2,130,0.17,0.6,0.3,5.46,2000,25000,4.05,0.15,1.25,1.5,2,0.7,0,0.6,113873,13676,3649,100197,1445,7500,49,-1513
Halifax,SSP126,2050,0.05,0.05,0.6,0.2,0.2,130,0.25,0.3,0.6,5.96,0,25000,4.05,0.25,0.75,1.25,0,0.5,10,0.6,111472,14673,3986,96800,1396,7961,50,-1709
Halifax,SSP126,2050,0.01,0.01,0.6,0.2,0.2,130,0.25,0.1,0.3,5.46,2000,20000,4.05,0.4,1,0.75,10,0.7,6,0.6,114352,13988,2699,100365,1448,5270,51,-1396
Halifax,SSP126,2050,0.05,0.01,0.6,0.2,0.2,130,0.25,0.2,0.5,5.46,0,30000,4.55,0.25,0.25,1.25,8,0.7,6,0.6,114352,15358,3468,98995,1428,5732,61,-2005
Halifax,SSP126,2050,0.01,0.05,0.6,0.2,0.2,130,0.25,0.5,0.4,5.46,8000,20000,4.05,0.35,1.5,0.75,8,0.7,4,0.6,114352,13988,3554,100365,1448,7500,47,-1381
Halifax,SSP126,2050,0.05,0.05,0.6,0.2,0.2,130,0.25,0.3,0.5,5.46,0,20000,4.05,0.1,0.5,0.75,0,0.7,10,0.6,114352,13988,4149,100365,1448,7961,52,-1446
Halifax,SSP126,2050,0.01,0.01,0.6,0.2,0.2,130,0.21,0.4,0.6,5.46,4000,20000,4.05,0.15,1.5,1.5,2,0.7,0,0.6,114104,13832,2503,100272,1446,5270,47,-1215
Halifax,SSP126,2050,0.05,0.01,0.6,0.2,0.2,130,0.25,0.6,0.4,5.46,2000,20000,4.05,0.3,1,0.5,6,0.7,8,0.6,114352,13988,3237,100365,1448,5732,56,-1422
Halifax,SSP126,2050,0.01,0.05,0.6,0.2,0.2,130,0.25,0.7,0.3,5.46,10000,30000,4.05,0.35,0.25,1.5,4,0.7,2,0.6,114352,13988,4106,100365,1448,7500,55,-1958
Halifax,SSP126,2050,0.05,0.05,0.6,0.2,0.2,130,0.25,0.1,0.1,5.96,0,40000,4.05,0.15,0.5,1.5,4,0.7,4,0.6,114352,14673,5035,99680,1438,7961,63,-2543
Halifax,SSP245,2025,0.01,0.01,0.6,0.2,0.2,130,0.21,0.2,0.5,5.46,4000,20000,4.05,0.2,0.75,1,0,0.6,6,0.6,116287,13832,2707,102456,1478,5815,47,-1317
Halifax,SSP245,2025,0.05,0.01,0.6,0.2,0.2,130,0.09,0.3,0.6,5.46,8000,35000,4.05,0.35,1.25,1.5,2,0.7,2,0.6,117649,13364,4095,104286,1505,6245,66,-2170
Halifax,SSP245,2025,0.01,0.05,0.6,0.2,0.2,130,0.21,0.5,0.5,5.46,0,40000,4.05,0.1,0.5,0.5,8,0.7,6,0.6,118349,13832,5083,104517,1508,8364,61,-2626
Halifax,SSP245,2025,0.05,0.05,0.6,0.2,0.2,130,0.25,0.5,0.4,5.46,0,20000,4.05,0.25,0.75,0.5,2,0.7,2,0.6,118638,13988,4279,104650,1510,8794,49,-1276
Halifax,SSP245,2025,0.01,0.01,0.6,0.2,0.2,130,0.25,0.4,0.2,5.46,2000,25000,4.05,0.2,1.25,1.5,10,0.7,6,0.6,118638,13988,3209,104650,1510,5815,55,-1698
Halifax,SSP245,2025,0.05,0.01,0.6,0.2,0.2,130,0.25,0.5,0.3,5.46,8000,20000,4.55,0.35,0.25,1.5,8,0.7,4,0.6,118638,15358,3097,103280,1489,6245,50,-1443
Halifax,SSP245,2025,0.01,0.05,0.6,0.2,0.2,130,0.25,0.5,0.5,5.46,2000,25000,4.05,0.4,1.5,1.5,0,0.7,2,0.6,118638,13988,4056,104650,1510,8364,48,-1549
Halifax,SSP245,2025,0.05,0.05,0.6,0.2,0.2,130,0.25,0.6,0.4,6.46,6000,30000,4.05,0.15,1,0.5,10,0.7,8,0.6,118638,15358,4815,103280,1489,8794,55,-2181
Halifax,SSP245,2025,0.01,0.01,0.6,0.2,0.2,130,0.25,0.5,0.5,5.46,8000,20000,4.05,0.1,1,1.25,2,0.7,0,0.6,118638,13988,2750,104650,1510,5815,47,-1242
Halifax,SSP245,2025,0.05,0.01,0.6,0.2,0.2,130,0.25,0.2,0.4,5.46,0,20000,4.05,0.15,0.5,0.5,0,0.6,2,0.6,116592,13988,3142,102604,1480,6245,50,-1226
Halifax,SSP245,2025,0.01,0.05,0.6,0.2,0.2,130,0.25,0.6,0.2,5.46,0,20000,4.05,0.2,0.25,0.75,2,0.7,10,0.6,118638,13988,4020,104650,1510,8364,48,-1498
Halifax,SSP245,2025,0.05,0.05,0.6,0.2,0.2,130,0.21,0.3,0.4,5.46,0,40000,4.05,0.15,1.5,1.25,6,0.7,10,0.6,118349,13832,5692,104517,1508,8794,65,-2751
Halifax,SSP245,2025,0.01,0.01,0.6,0.2,0.2,130,0.25,0.2,0.1,5.96,0,25000,4.55,0.1,1.5,0.75,2,0.7,6,0.6,118638,16043,2633,102595,1479,5815,45,-1620
Halifax,SSP245,2025,0.05,0.01,0.6,0.2,0.2,130,0.21,0.4,0.4,5.46,4000,20000,4.55,0.2,0.5,0.75,2,0.7,0,0.6,118349,15202,2899,103147,1488,6245,46,-1246
Halifax,SSP245,2025,0.01,0.05,0.6,0.2,0.2,130,0.25,0.3,0.4,5.46,8000,35000,4.05,0.4,1,1.25,0,0.7,2,0.6,118638,13988,4648,104650,1510,8364,56,-2174
Halifax,SSP245,2025,0.05,0.05,0.6,0.2,0.2,130,0.25,0.1,0.6,5.46,6000,20000,4.05,0.25,0.25,1.25,6,0.6,6,0.6,116592,13988,4322,102604,1480,8794,49,-1489
Halifax,SSP245,2025,0.01,0.01,0.6,0.2,0.2,130,0.25,0.3,0.4,5.46,4000,20000,4.05,0.2,1.5,0.75,6,0.7,4,0.6,118638,13988,2843,104650,1510,5815,49,-1326
Halifax,SSP245,2025,0.05,0.01,0.6,0.2,0.2,130,0.25,0.5,0.4,5.46,4000,30000,4.05,0.15,0.25,1.5,8,0.7,4,0.6,118638,13988,3982,104650,1510,6245,64,-2006
Halifax,SSP245,2025,0.01,0.05,0.6,0.2,0.2,130,0.09,0.5,0.4,5.46,8000,45000,4.55,0.25,1.5,0.5,10,0.7,6,0.6,117649,14734,4989,102916,1484,8364,60,-2950
Halifax,SSP245,2025,0.05,0.05,0.6,0.2,0.2,130,0.25,0.1,0.2,5.46,2000,25000,4.05,0.35,0.75,1.25,8,0.7,10,0.6,118638,13988,4887,104650,1510,8794,56,-1899
Halifax,SSP245,2030,0.01,0.01,0.6,0.2,0.2,130,0.25,0.6,0.1,5.46,2000,25000,4.55,0.25,1.25,0.75,2,0.7,10,0.6,115066,15358,2700,99708,1438,5443,50,-1688
Halifax,SSP245,2030,0.05,0.01,0.6,0.2,0.2,130,0.25,0.3,0.6,5.46,8000,35000,4.55,0.4,1,0.75,6,0.7,6,0.6,115066,15358,3776,99708,1438,5877,64,-2307
Halifax,SSP245,2030,0.01,0.05,0.6,0.2,0.2,130,0.25,0.5,0.6,5.46,2000,25000,4.05,0.25,1.25,1.5,6,0.7,10,0.6,115066,13988,4092,101078,1458,7792,53,-1818
Halifax,SSP245,2030,0.05,0.05,0.6,0.2,0.2,130,0.25,0.7,0.1,5.46,0,40000,4.05,0.25,0.5,1.5,8,0.7,8,0.6,115066,13988,5447,101078,1458,8226,66,-2710
Halifax,SSP245,2030,0.01,0.01,0.6,0.2,0.2,130,0.25,0.7,0.2,5.46,8000,25000,4.55,0.15,1.25,0.75,4,0.7,10,0.6,115066,15358,2722,99708,1438,5443,50,-1723
Halifax,SSP245,2030,0.05,0.01,0.6,0.2,0.2,130,0.25,0.3,0.3,5.96,6000,50000,4.05,0.4,0.5,1,4,0.6,4,0.6,113162,14673,4668,98490,1421,5877,79,-3143
Halifax,SSP245,2030,0.01,0.05,0.6,0.2,0.2,130,0.25,0.7,0.2,5.46,0,45000,4.05,0.15,1.5,1,6,0.7,10,0.6,115066,13988,5239,101078,1458,7792,67,-3003
Halifax,SSP245,2030,0.05,0.05,0.6,0.2,0.2,130,0.09,0.4,0.6,5.96,6000,40000,4.05,0.15,0.75,1.5,8,0.7,4,0.6,114173,14049,5132,100124,1444,8226,62,-2634
Halifax,SSP245,2030,0.01,0.01,0.6,0.2,0.2,130,0.25,0.7,0.1,5.46,0,35000,4.05,0.2,1,1.5,2,0.7,2,0.6,115066,13988,3467,101078,1458,5443,64,-2137
Halifax,SSP245,2030,0.05,0.01,0.6,0.2,0.2,130,0.25,0.5,0.4,5.46,2000,20000,4.55,0.2,1.25,0.75,6,0.7,8,0.6,115066,15358,2935,99708,1438,5877,50,-1422
Halifax,SSP245,2030,0.01,0.05,0.6,0.2,0.2,130,0.25,0.2,0.5,5.46,6000,30000,4.05,0.25,0.75,1.25,4,0.6,4,0.6,113162,13988,4039,99175,1431,7792,52,-1958
Halifax,SSP245,2030,0.05,0.05,0.6,0.2,0.2,130,0.21,0.4,0.1,5.96,8000,20000,4.05,0.3,1.25,0.5,0,0.7,6,0.6,114815,14517,3950,100299,1447,8226,48,-1372
Halifax,SSP245,2030,0.01,0.01,0.6,0.2,0.2,130,0.21,0.5,0.2,5.46,4000,20000,4.05,0.2,0.75,1,10,0.6,6,0.6,112890,13832,2641,99059,1429,5443,49,-1408
Halifax,SSP245,2030,0.05,0.01,0.6,0.2,0.2,130,0.25,0.7,0.1,5.46,0,25000,4.05,0.4,0.25,1.5,6,0.7,0,0.6,115066,13988,3415,101078,1458,5877,58,-1574
Halifax,SSP245,2030,0.01,0.05,0.6,0.2,0.2,130,0.25,0.5,0.1,5.46,0,40000,4.05,0.4,1,1.5,10,0.6,0,0.6,113162,13988,4552,99175,1431,7792,58,-2479
Halifax,SSP245,2030,0.05,0.05,0.6,0.2,0.2,130,0.25,0.2,0.4,5.46,4000,35000,4.05,0.2,0.75,0.5,0,0.7,8,0.6,115066,13988,5060,101078,1458,8226,62,-2320
Halifax,SSP245,2030,0.01,0.01,0.6,0.2,0.2,130,0.25,0.7,0.1,5.46,6000,25000,4.05,0.3,1.5,0.75,0,0.7,0,0.6,115066,13988,2834,101078,1458,5443,52,-1496
Halifax,SSP245,2030,0.05,0.01,0.6,0.2,0.2,130,0.25,0.1,0.6,5.96,4000,45000,4.05,0.35,0.5,1.25,10,0.7,8,0.6,115066,14673,4613,100393,1448,5877,78,-2989
Halifax,SSP245,2030,0.01,0.05,0.6,0.2,0.2,130,0.25,0.4,0.3,5.46,6000,35000,4.05,0.35,1.5,0.75,8,0.7,2,0.6,115066,13988,4464,101078,1458,7792,57,-2219
Halifax,SSP245,2030,0.05,0.05,0.6,0.2,0.2,130,0.25,0.5,0.6,5.46,6000,35000,4.05,0.15,0.5,0.5,6,0.7,6,0.6,115066,13988,5106,101078,1458,8226,62,-2371
Halifax,SSP245,2035,0.01,0.01,0.6,0.2,0.2,130,0.25,0.6,0.1,5.96,4000,25000,4.05,0.3,1,1.5,2,0.7,0,0.6,117781,14673,2859,103109,1487,6175,46,-1522
Halifax,SSP245,2035,0.05,0.01,0.6,0.2,0.2,130,0.25,0.3,0.6,5.46,6000,45000,4.05,0.1,0.75,0.75,8,0.6,4,0.6,114611,13988,4663,100623,1451,6605,71,-2893
Halifax,SSP245,2035,0.01,0.05,0.6,0.2,0.2,130,0.21,0.2,0.5,5.46,8000,20000,4.55,0.4,0.25,1,10,0.7,4,0.6,117525,15202,3645,102324,1476,8913,41,-1461
Halifax,SSP245,2035,0.05,0.05,0.6,0.2,0.2,130,0.21,0.4,0.3,5.46,2000,25000,4.05,0.1,0.75,1.25,4,0.6,10,0.6,114312,13832,4582,100480,1449,9343,49,-1827
Halifax,SSP245,2035,0.01,0.01,0.6,0.2,0.2,130,0.21,0.1,0.4,5.46,10000,35000,4.05,0.25,1.5,0.75,0,0.7,10,0.6,117525,13832,3749,103694,1496,6175,61,-2291
Halifax,SSP245,2035,0.05,0.01,0.6,0.2,0.2,130,0.25,0.7,0.4,5.46,0,20000,4.05,0.35,1.25,1.5,4,0.7,0,0.6,117781,13988,3215,103794,1497,6605,49,-1243
Halifax,SSP245,2035,0.01,0.05,0.6,0.2,0.2,130,0.25,0.7,0.4,5.46,4000,35000,4.05,0.3,1.25,0.5,2,0.7,10,0.6,117781,13988,4929,103794,1497,8913,55,-2411
Halifax,SSP245,2035,0.05,0.05,0.6,0.2,0.2,130,0.25,0.1,0.6,5.46,0,30000,4.05,0.4,0.25,1.5,4,0.7,0,0.6,117781,13988,4824,103794,1497,9343,52,-1838
Halifax,SSP245,2035,0.01,0.01,0.6,0.2,0.2,130,0.25,0.2,0.3,5.96,0,50000,4.05,0.1,1.25,1.25,0,0.6,8,0.6,114611,14673,4256,99938,1441,6175,69,-3121
Halifax,SSP245,2035,0.05,0.01,0.6,0.2,0.2,130,0.17,0.4,0.6,5.46,0,20000,4.05,0.35,1,1.25,8,0.6,2,0.6,114047,13676,3153,100371,1448,6605,48,-1337
Halifax,SSP245,2035,0.01,0.05,0.6,0.2,0.2,130,0.25,0.6,0.4,5.46,4000,20000,4.05,0.25,1.5,1,10,0.7,2,0.6,117781,13988,3891,103794,1497,8913,44,-1341
Halifax,SSP245,2035,0.05,0.05,0.6,0.2,0.2,130,0.25,0.2,0.5,5.96,2000,20000,4.05,0.35,0.5,1.25,8,0.6,2,0.6,114611,14673,3987,99938,1441,9343,43,-1368
Halifax,SSP245,2035,0.01,0.01,0.6,0.2,0.2,130,0.25,0.1,0.4,5.46,6000,40000,4.05,0.1,1.25,1.5,8,0.7,2,0.6,117781,13988,3974,103794,1497,6175,64,-2505
Halifax,SSP245,2035,0.05,0.01,0.6,0.2,0.2,130,0.25,0.6,0.2,5.46,0,40000,4.05,0.25,0.25,0.75,4,0.7,2,0.6,117781,13988,4403,103794,1497,6605,67,-2472
Halifax,SSP245,2035,0.01,0.05,0.6,0.2,0.2,130,0.09,0.5,0.3,5.96,4000,40000,4.05,0.1,0.5,0.5,0,0.7,4,0.6,116996,14049,4791,102947,1485,8913,54,-2525
Halifax,SSP245,2035,0.05,0.05,0.6,0.2,0.2,130,0.25,0.1,0.5,5.46,6000,30000,4.05,0.1,0.75,1.25,4,0.7,8,0.6,117781,13988,5084,103794,1497,9343,54,-2111
Halifax,SSP245,2035,0.01,0.01,0.6,0.2,0.2,130,0.21,0.2,0.4,5.46,0,45000,4.05,0.15,0.25,1.25,8,0.7,10,0.6,117525,13832,4400,103694,1496,6175,71,-2942
Halifax,SSP245,2035,0.05,0.01,0.6,0.2,0.2,130,0.25,0.4,0.1,5.96,2000,20000,4.05,0.25,1,0.5,6,0.7,6,0.6,117781,14673,3195,103109,1487,6605,48,-1394
Halifax,SSP245,2035,0.01,0.05,0.6,0.2,0.2,130,0.25,0.3,0.3,5.46,0,25000,4.05,0.1,0.5,0.5,10,0.7,0,0.6,117781,13988,4121,103794,1497,8913,46,-1573
Halifax,SSP245,2035,0.05,0.05,0.6,0.2,0.2,130,0.25,0.7,0.2,5.46,0,25000,4.05,0.2,0.75,1.25,4,0.7,4,0.6,117781,13988,4657,103794,1497,9343,50,-1660
Halifax,SSP245,2040,0.01,0.01,0.6,0.2,0.2,130,0.25,0.4,0.3,5.46,6000,20000,4.05,0.2,1,1.5,0,0.6,2,0.6,114227,13988,2510,100240,1446,5412,46,-1247
Halifax,SSP245,2040,0.05,0.01,0.6,0.2,0.2,130,0.25,0.6,0.4,5.96,0,25000,4.05,0.2,1.5,1.5,0,0.7,0,0.6,115387,14673,3174,100714,1453,5881,54,-1488
Halifax,SSP245,2040,0.01,0.05,0.6,0.2,0.2,130,0.21,0.3,0.6,5.46,10000,35000,4.05,0.35,1,1,4,0.7,2,0.6,115184,13832,4405,101352,1462,7709,57,-2215
Halifax,SSP245,2040,0.05,0.05,0.6,0.2,0.2,130,0.21,0.6,0.2,6.46,0,35000,4.05,0.1,0.75,1.25,6,0.7,4,0.6,115184,15202,4664,99982,1442,8178,57,-2276
Halifax,SSP245,2040,0.01,0.01,0.6,0.2,0.2,130,0.25,0.3,0.2,5.46,10000,45000,4.05,0.4,1,0.75,0,0.7,8,0.6,115387,13988,4139,101399,1463,5412,76,-2857
Halifax,SSP245,2040,0.05,0.01,0.6,0.2,0.2,130,0.21,0.2,0.6,5.46,2000,35000,4.05,0.1,0.25,0.5,0,0.6,10,0.6,113995,13832,4026,100163,1445,5881,68,-2258
Halifax,SSP245,2040,0.01,0.05,0.6,0.2,0.2,130,0.25,0.7,0.6,5.46,2000,20000,4.05,0.15,0.25,1,4,0.7,10,0.6,115387,13988,3764,101399,1463,7709,49,-1508
Halifax,SSP245,2040,0.05,0.05,0.6,0.2,0.2,130,0.21,0.5,0.5,5.96,6000,30000,4.05,0.25,1.5,1.5,8,0.7,8,0.6,115184,14517,4672,100667,1452,8178,57,-2120
Halifax,SSP245,2040,0.01,0.01,0.6,0.2,0.2,130,0.21,0.7,0.4,5.46,4000,20000,4.05,0.25,0.5,1.25,4,0.7,2,0.6,115184,13832,2629,101352,1462,5412,49,-1291
Halifax,SSP245,2040,0.05,0.01,0.6,0.2,0.2,130,0.05,0.5,0.3,5.46,8000,45000,4.05,0.35,0.75,0.75,10,0.7,8,0.6,114543,13208,4777,101336,1462,5881,81,-3006
Halifax,SSP245,2040,0.01,0.05,0.6,0.2,0.2,130,0.25,0.6,0.4,5.46,8000,45000,4.55,0.15,1.5,1.5,10,0.7,4,0.6,115387,15358,4747,100029,1443,7709,62,-2890
Halifax,SSP245,2040,0.05,0.05,0.6,0.2,0.2,130,0.17,0.6,0.3,5.46,6000,40000,4.55,0.3,0.75,1,8,0.7,0,0.6,114958,15046,4882,99913,1441,8178,60,-2534
Halifax,SSP245,2040,0.01,0.01,0.6,0.2,0.2,130,0.21,0.1,0.5,5.46,6000,40000,4.55,0.2,0.5,1,8,0.5,2,0.6,111313,15202,3272,96111,1386,5412,60,-2536
Halifax,SSP245,2040,0.05,0.01,0.6,0.2,0.2,130,0.25,0.6,0.5,5.46,8000,30000,4.05,0.1,1.5,1,0,0.7,0,0.6,115387,13988,3622,101399,1463,5881,62,-1796
Halifax,SSP245,2040,0.01,0.05,0.6,0.2,0.2,130,0.25,0.5,0.2,5.46,8000,20000,4.05,0.3,0.75,1.25,0,0.7,0,0.6,115387,13988,3479,101399,1463,7709,45,-1235
Halifax,SSP245,2040,0.05,0.05,0.6,0.2,0.2,130,0.25,0.1,0.5,5.46,10000,20000,4.05,0.15,1,1.25,2,0.7,0,0.6,115387,13988,4009,101399,1463,8178,49,-1261
Halifax,SSP245,2040,0.01,0.01,0.6,0.2,0.2,130,0.21,0.7,0.5,5.46,0,25000,4.05,0.1,1.5,0.75,4,0.6,8,0.6,113995,13832,2910,100163,1445,5412,54,-1656
Halifax,SSP245,2040,0.05,0.01,0.6,0.2,0.2,130,0.25,0.4,0.1,5.46,8000,35000,4.05,0.25,0.25,0.75,2,0.7,4,0.6,115387,13988,4063,101399,1463,5881,69,-2247
Halifax,SSP245,2040,0.01,0.05,0.6,0.2,0.2,130,0.17,0.7,0.1,5.46,0,30000,4.05,0.3,0.25,1.5,6,0.7,4,0.6,114958,13676,4150,101283,1461,7709,54,-1947
Halifax,SSP245,2040,0.05,0.05,0.6,0.2,0.2,130,0.25,0.2,0.3,6.96,10000,30000,4.05,0.1,1.5,1,4,0.6,8,0.6,114227,16043,4167,98185,1416,8178,51,-2056
Halifax,SSP245,2045,0.01,0.01,0.6,0.2,0.2,130,0.21,0.4,0.4,5.46,2000,45000,4.05,0.15,1.25,1.25,4,0.7,0,0.6,118055,13832,4187,104224,1503,5935,71,-2719
Halifax,SSP245,2045,0.05,0.01,0.6,0.2,0.2,130,0.25,0.7,0.6,5.46,10000,20000,4.55,0.25,0.25,1.5,0,0.7,0,0.6,118316,15358,2911,102959,1485,6366,46,-1273
Halifax,SSP245,2045,0.01,0.05,0.6,0.2,0.2,130,0.25,0.1,0.3,5.46,2000,25000,4.05,0.2,0.25,0.5,2,0.7,0,0.6,118316,13988,4074,104329,1505,8547,48,-1522
Halifax,SSP245,2045,0.05,0.05,0.6,0.2,0.2,130,0.25,0.2,0.6,5.46,6000,20000,4.05,0.1,0.5,1,4,0.6,0,0.6,115162,13988,4083,101174,1459,8978,45,-1287
Halifax,SSP245,2045,0.01,0.01,0.6,0.2,0.2,130,0.21,0.5,0.3,5.46,6000,30000,4.05,0.35,1,0.75,6,0.6,10,0.6,114856,13832,3376,101024,1457,5935,57,-2044
Halifax,SSP245,2045,0.05,0.01,0.6,0.2,0.2,130,0.25,0.3,0.5,5.46,6000,20000,4.55,0.2,0.25,1.25,8,0.7,10,0.6,118316,15358,3188,102959,1485,6366,50,-1541
Halifax,SSP245,2045,0.01,0.05,0.6,0.2,0.2,130,0.21,0.1,0.4,5.46,2000,50000,4.05,0.3,1.5,0.5,6,0.7,0,0.6,118055,13832,5508,104224,1503,8547,64,-3032
Halifax,SSP245,2045,0.05,0.05,0.6,0.2,0.2,130,0.25,0.3,0.4,5.46,4000,30000,4.05,0.1,0.25,1.5,4,0.6,4,0.6,115162,13988,4764,101174,1459,8978,53,-1984
Halifax,SSP245,2045,0.01,0.01,0.6,0.2,0.2,130,0.25,0.7,0.1,5.96,2000,30000,4.05,0.25,1,1,0,0.7,10,0.6,118316,14673,3334,103644,1495,5935,56,-1989
Halifax,SSP245,2045,0.05,0.01,0.6,0.2,0.2,130,0.25,0.3,0.6,5.46,10000,40000,4.05,0.1,0.75,1.5,2,0.7,8,0.6,118316,13988,4550,104329,1505,6366,71,-2619
Halifax,SSP245,2045,0.01,0.05,0.6,0.2,0.2,130,0.25,0.1,0.5,5.46,2000,25000,4.05,0.35,1.5,1.5,10,0.7,4,0.6,118316,13988,4249,104329,1505,8547,50,-1697
Halifax,SSP245,2045,0.05,0.05,0.6,0.2,0.2,130,0.25,0.6,0.3,5.46,4000,20000,4.05,0.3,0.25,0.75,10,0.6,10,0.6,115162,13988,4438,101174,1459,8978,49,-1637
Halifax,SSP245,2045,0.01,0.01,0.6,0.2,0.2,130,0.13,0.6,0.6,5.96,8000,25000,4.05,0.4,0.75,1.25,6,0.7,6,0.6,117603,14205,3007,103398,1491,5935,51,-1699
Halifax,SSP245,2045,0.05,0.01,0.6,0.2,0.2,130,0.25,0.2,0.1,5.46,8000,35000,4.55,0.2,1.25,0.5,8,0.7,10,0.6,118316,15358,4017,102959,1485,6366,63,-2406
Halifax,SSP245,2045,0.01,0.05,0.6,0.2,0.2,130,0.25,0.7,0.1,6.46,8000,25000,4.05,0.15,0.75,1.5,2,0.7,6,0.6,118316,15358,3933,102959,1485,8547,46,-1728
Halifax,SSP245,2045,0.05,0.05,0.6,0.2,0.2,130,0.21,0.3,0.2,5.46,0,50000,4.05,0.3,0.25,0.5,8,0.7,10,0.6,118055,13832,6320,104224,1503,8978,70,-3378
Halifax,SSP245,2045,0.01,0.01,0.6,0.2,0.2,130,0.21,0.7,0.5,5.46,0,50000,4.05,0.3,0.75,0.5,0,0.7,8,0.6,118055,13832,4593,104224,1503,5935,77,-3131
Halifax,SSP245,2045,0.05,0.01,0.6,0.2,0.2,130,0.21,0.5,0.4,5.46,6000,20000,4.55,0.35,0.25,1.5,10,0.7,10,0.6,118055,15202,3205,102854,1483,6366,50,-1567
Halifax,SSP245,2045,0.01,0.05,0.6,0.2,0.2,130,0.25,0.4,0.1,5.46,10000,20000,4.05,0.3,1.5,1.5,10,0.6,10,0.6,115162,13988,3881,101174,1459,8547,45,-1569
Halifax,SSP245,2045,0.05,0.05,0.6,0.2,0.2,130,0.25,0.4,0.5,5.46,4000,25000,4.05,0.1,1,1,10,0.7,4,0.6,118316,13988,4761,104329,1505,8978,53,-1756
Halifax,SSP245,2050,0.01,0.01,0.6,0.2,0.2,130,0.25,0.5,0.3,5.46,10000,45000,4.05,0.1,0.25,0.75,6,0.7,6,0.6,120301,13988,4412,106314,1534,5597,79,-2930
Halifax,SSP245,2050,0.05,0.01,0.6,0.2,0.2,130,0.13,0.2,0.4,5.46,0,25000,4.05,0.2,0.75,1.25,0,0.7,4,0.6,119532,13520,3596,106012,1530,6051,59,-1560
Halifax,SSP245,2050,0.01,0.05,0.6,0.2,0.2,130,0.25,0.7,0.5,5.46,8000,40000,4.05,0.35,0.25,0.5,6,0.7,8,0.6,120301,13988,5193,106314,1534,8007,65,-2729
Halifax,SSP245,2050,0.05,0.05,0.6,0.2,0.2,130,0.21,0.5,0.4,5.96,10000,35000,4.05,0.15,1.25,0.75,6,0.7,8,0.6,120026,14517,5222,105510,1522,8461,62,-2422
Halifax,SSP245,2050,0.01,0.01,0.6,0.2,0.2,130,0.25,0.2,0.1,5.46,4000,35000,4.05,0.2,0.75,0.5,2,0.6,8,0.6,118514,13988,3674,104526,1508,5597,66,-2262
Halifax,SSP245,2050,0.05,0.01,0.6,0.2,0.2,130,0.25,0.7,0.1,5.46,0,25000,4.05,0.1,1,1.5,8,0.7,0,0.6,120301,13988,3669,106314,1534,6051,61,-1608
Halifax,SSP245,2050,0.01,0.05,0.6,0.2,0.2,130,0.25,0.5,0.6,5.46,4000,25000,4.05,0.15,1,0.75,10,0.7,8,0.6,120301,13988,4330,106314,1534,8007,54,-1826
Halifax,SSP245,2050,0.05,0.05,0.6,0.2,0.2,130,0.25,0.1,0.1,5.96,6000,45000,4.05,0.25,0.25,0.5,2,0.7,2,0.6,120301,14673,5619,105629,1524,8461,66,-2814
Halifax,SSP245,2050,0.01,0.01,0.6,0.2,0.2,130,0.25,0.1,0.6,5.46,4000,20000,4.05,0.4,0.75,1.5,8,0.7,8,0.6,120301,13988,2986,106314,1534,5597,53,-1437
Halifax,SSP245,2050,0.05,0.01,0.6,0.2,0.2,130,0.25,0.1,0.2,5.46,2000,30000,4.55,0.1,1,1.25,10,0.7,6,0.6,120301,15358,3765,104944,1514,6051,62,-2053
Halifax,SSP245,2050,0.01,0.05,0.6,0.2,0.2,130,0.25,0.1,0.3,5.46,4000,25000,4.05,0.4,0.75,1,0,0.7,6,0.6,120301,13988,4182,106314,1534,8007,52,-1678
Halifax,SSP245,2050,0.05,0.05,0.6,0.2,0.2,130,0.25,0.1,0.2,5.46,4000,50000,4.05,0.3,1.25,1,2,0.7,8,0.6,120301,13988,6207,106314,1534,8461,73,-3241
Halifax,SSP245,2050,0.01,0.01,0.6,0.2,0.2,130,0.21,0.4,0.3,5.46,10000,35000,4.05,0.3,0.25,1.25,2,0.7,6,0.6,120026,13832,3786,106195,1532,5597,68,-2294
Halifax,SSP245,2050,0.05,0.01,0.6,0.2,0.2,130,0.25,0.6,0.3,5.46,10000,25000,4.55,0.25,0.75,0.5,8,0.6,2,0.6,118514,15358,3330,103156,1488,6051,55,-1703
Halifax,SSP245,2050,0.01,0.05,0.6,0.2,0.2,130,0.25,0.4,0.5,5.46,0,20000,4.55,0.1,0.25,1.5,0,0.7,10,0.6,120301,15358,3658,104944,1514,8007,46,-1470
Halifax,SSP245,2050,0.05,0.05,0.6,0.2,0.2,130,0.21,0.6,0.2,5.96,10000,45000,4.05,0.3,1,0.75,6,0.7,4,0.6,120026,14517,5699,105510,1522,8461,67,-2921
Halifax,SSP245,2050,0.01,0.01,0.6,0.2,0.2,130,0.25,0.4,0.1,5.46,8000,45000,4.05,0.2,1.25,0.5,10,0.7,6,0.6,120301,13988,4395,106314,1534,5597,79,-2908
Halifax,SSP245,2050,0.05,0.01,0.6,0.2,0.2,130,0.25,0.4,0.1,5.46,10000,20000,4.05,0.35,1.25,1.5,2,0.7,8,0.6,120301,13988,3445,106314,1534,6051,57,-1394
Halifax,SSP245,2050,0.01,0.05,0.6,0.2,0.2,130,0.25,0.5,0.2,5.46,0,20000,4.05,0.35,0.5,1.25,4,0.6,2,0.6,118514,13988,3633,104526,1508,8007,45,-1284
Halifax,SSP245,2050,0.05,0.05,0.6,0.2,0.2,130,0.21,0.3,0.2,5.46,2000,25000,4.05,0.3,1.5,1,10,0.7,4,0.6,120026,13832,4757,106195,1532,8461,56,-1752
Halifax,SSP585,2025,0.01,0.01,0.6,0.2,0.2,130,0.25,0.4,0.3,5.46,0,25000,4.05,0.15,0.25,0.75,2,0.7,4,0.6,110649,13988,2847,96662,1394,5887,48,-1580
Halifax,SSP585,2025,0.05,0.01,0.6,0.2,0.2,130,0.25,0.7,0.4,5.46,6000,30000,4.05,0.1,1,0.75,10,0.7,4,0.6,110649,13988,3643,96662,1394,6337,57,-2002
Halifax,SSP585,2025,0.01,0.05,0.6,0.2,0.2,130,0.25,0.3,0.3,5.96,0,25000,4.05,0.3,0.75,0.75,4,0.7,6,0.6,110649,14673,3805,95977,1384,8455,45,-1694
Halifax,SSP585,2025,0.05,0.05,0.6,0.2,0.2,130,0.25,0.3,0.3,5.46,2000,35000,4.05,0.35,0.5,1,2,0.6,2,0.6,108363,13988,4661,94375,1361,8904,52,-2176
Halifax,SSP585,2025,0.01,0.01,0.6,0.2,0.2,130,0.25,0.5,0.4,5.46,4000,35000,4.05,0.25,0.25,1.5,2,0.7,4,0.6,110649,13988,3446,96662,1394,5887,59,-2208
Halifax,SSP585,2025,0.05,0.01,0.6,0.2,0.2,130,0.21,0.5,0.1,5.46,0,40000,4.05,0.2,0.75,1.5,8,0.7,10,0.6,110334,13832,4285,96503,1392,6337,68,-2664
Halifax,SSP585,2025,0.01,0.05,0.6,0.2,0.2,130,0.25,0.2,0.6,5.96,0,35000,4.05,0.3,1.5,1.5,2,0.7,6,0.6,110649,14673,4364,95977,1384,8455,52,-2274
Halifax,SSP585,2025,0.05,0.05,0.6,0.2,0.2,130,0.25,0.1,0.4,5.46,4000,45000,4.55,0.3,1.25,0.75,0,0.7,8,0.6,110649,15358,5214,95292,1374,8904,59,-2924
Halifax,SSP585,2025,0.01,0.01,0.6,0.2,0.2,130,0.21,0.6,0.6,5.46,2000,50000,4.05,0.2,0.5,1.5,8,0.7,0,0.6,110334,13832,4247,96503,1392,5887,72,-3051
Halifax,SSP585,2025,0.05,0.01,0.6,0.2,0.2,130,0.21,0.5,0.5,5.46,4000,30000,4.05,0.1,0.75,1,10,0.7,0,0.6,110334,13832,3558,96503,1392,6337,56,-1924
Halifax,SSP585,2025,0.01,0.05,0.6,0.2,0.2,130,0.25,0.4,0.3,5.46,2000,35000,4.05,0.1,1.5,1.25,4,0.7,10,0.6,110649,13988,4662,96662,1394,8455,55,-2409
Halifax,SSP585,2025,0.05,0.05,0.6,0.2,0.2,130,0.25,0.4,0.1,5.96,2000,20000,4.05,0.25,0.5,1.5,2,0.7,4,0.6,110649,14673,3859,95977,1384,8904,43,-1344
Halifax,SSP585,2025,0.01,0.01,0.6,0.2,0.2,130,0.25,0.5,0.3,5.46,6000,40000,4.05,0.1,1,0.75,4,0.7,4,0.6,110649,13988,3736,96662,1394,5887,63,-2513
Halifax,SSP585,2025,0.05,0.01,0.6,0.2,0.2,130,0.25,0.5,0.6,5.46,6000,20000,4.05,0.4,1.5,0.5,10,0.7,10,0.6,110649,13988,3167,96662,1394,6337,50,-1505
Halifax,SSP585,2025,0.01,0.05,0.6,0.2,0.2,130,0.25,0.2,0.4,5.46,6000,25000,4.05,0.35,0.25,1.25,6,0.7,6,0.6,110649,13988,4024,96662,1394,8455,48,-1758
Halifax,SSP585,2025,0.05,0.05,0.6,0.2,0.2,130,0.25,0.1,0.2,5.46,2000,30000,4.05,0.15,1,1,0,0.7,8,0.6,110649,13988,4689,96662,1394,8904,53,-2028
Halifax,SSP585,2025,0.01,0.01,0.6,0.2,0.2,130,0.25,0.3,0.1,5.96,6000,30000,4.05,0.4,0.25,1.25,4,0.7,0,0.6,110649,14673,2942,95977,1384,5887,50,-1865
Halifax,SSP585,2025,0.05,0.01,0.6,0.2,0.2,130,0.25,0.6,0.3,5.46,10000,35000,4.05,0.25,1,1.5,2,0.6,0,0.6,108363,13988,3671,94375,1361,6337,58,-2149
Halifax,SSP585,2025,0.01,0.05,0.6,0.2,0.2,130,0.25,0.3,0.5,5.46,0,45000,4.05,0.25,1.5,1,2,0.7,8,0.6,110649,13988,5164,96662,1394,8455,61,-2928
Halifax,SSP585,2025,0.05,0.05,0.6,0.2,0.2,130,0.25,0.2,0.2,5.46,4000,50000,4.05,0.3,1.5,0.5,0,0.7,2,0.6,110649,13988,5654,96662,1394,8904,63,-3040
Halifax,SSP585,2030,0.01,0.01,0.6,0.2,0.2,130,0.25,0.3,0.5,5.46,4000,30000,4.05,0.15,0.25,0.5,0,0.7,8,0.6,120942,13988,3595,106955,1543,6130,59,-1980
Halifax,SSP585,2030,0.05,0.01,0.6,0.2,0.2,130,0.21,0.3,0.3,5.46,6000,20000,4.05,0.4,1.5,1,2,0.7,0,0.6,120655,13832,3308,106823,1541,6558,50,-1225
Halifax,SSP585,2030,0.01,0.05,0.6,0.2,0.2,130,0.21,0.6,0.1,5.46,6000,20000,4.05,0.35,0.5,1.25,10,0.7,0,0.6,120655,13832,3989,106823,1541,8847,45,-1320
Halifax,SSP585,2030,0.05,0.05,0.6,0.2,0.2,130,0.25,0.2,0.3,5.46,2000,20000,4.55,0.1,0.75,0.75,4,0.7,0,0.6,120942,15358,4083,105585,1523,9275,44,-1255
Halifax,SSP585,2030,0.01,0.01,0.6,0.2,0.2,130,0.05,0.1,0.3,5.46,10000,30000,4.05,0.25,0.75,0.5,4,0.7,4,0.6,119966,13208,3509,106759,1540,6130,57,-1955
Halifax,SSP585,2030,0.05,0.01,0.6,0.2,0.2,130,0.25,0.6,0.2,5.96,6000,25000,4.05,0.3,1,1.5,2,0.7,6,0.6,120942,14673,3576,106270,1533,6558,55,-1660
Halifax,SSP585,2030,0.01,0.05,0.6,0.2,0.2,130,0.25,0.2,0.5,5.46,4000,40000,4.05,0.3,1.25,1,6,0.7,6,0.6,120942,13988,5284,106955,1543,8847,60,-2629
Halifax,SSP585,2030,0.05,0.05,0.6,0.2,0.2,130,0.21,0.3,0.4,5.46,0,20000,4.05,0.2,0.5,1.5,6,0.7,8,0.6,120655,13832,4662,106823,1541,9275,50,-1515
Halifax,SSP585,2030,0.01,0.01,0.6,0.2,0.2,130,0.25,0.3,0.1,5.46,2000,20000,4.05,0.2,1.5,1,2,0.7,4,0.6,120942,13988,2932,106955,1543,6130,48,-1291
Halifax,SSP585,2030,0.05,0.01,0.6,0.2,0.2,130,0.17,0.2,0.1,5.96,0,30000,4.05,0.3,1.5,0.5,4,0.7,2,0.6,120399,14361,3779,106039,1530,6558,58,-1880
Halifax,SSP585,2030,0.01,0.05,0.6,0.2,0.2,130,0.21,0.7,0.1,5.46,2000,50000,4.05,0.25,0.25,0.5,8,0.7,0,0.6,120655,13832,5678,106823,1541,8847,64,-3064
Halifax,SSP585,2030,0.05,0.05,0.6,0.2,0.2,130,0.21,0.2,0.2,5.46,6000,20000,4.05,0.25,0.75,0.75,4,0.6,0,0.6,117841,13832,4217,104009,1500,9275,45,-1280
Halifax,SSP585,2030,0.01,0.01,0.6,0.2,0.2,130,0.25,0.6,0.5,5.46,2000,40000,4.05,0.35,0.75,1.25,8,0.7,0,0.6,120942,13988,4060,106955,1543,6130,66,-2462
Halifax,SSP585,2030,0.05,0.01,0.6,0.2,0.2,130,0.25,0.7,0.3,5.46,4000,25000,4.55,0.4,1.25,1.5,8,0.7,6,0.6,120942,15358,3479,105585,1523,6558,53,-1727
Halifax,SSP585,2030,0.01,0.05,0.6,0.2,0.2,130,0.25,0.2,0.1,5.46,0,30000,4.05,0.35,0.75,1.5,4,0.7,6,0.6,120942,13988,4690,106955,1543,8847,53,-2005
Halifax,SSP585,2030,0.05,0.05,0.6,0.2,0.2,130,0.25,0.2,0.5,5.96,8000,25000,4.05,0.4,0.75,1.5,0,0.6,10,0.6,118170,14673,4595,103497,1493,9275,50,-1818
Halifax,SSP585,2030,0.01,0.01,0.6,0.2,0.2,130,0.25,0.7,0.2,5.96,2000,30000,4.05,0.15,0.25,1.25,4,0.7,10,0.6,120942,14673,3490,106270,1533,6130,57,-2039
Halifax,SSP585,2030,0.05,0.01,0.6,0.2,0.2,130,0.25,0.2,0.4,5.96,10000,35000,4.05,0.15,1,1.25,2,0.6,6,0.6,118170,14673,4030,103497,1493,6558,61,-2265
Halifax,SSP585,2030,0.01,0.05,0.6,0.2,0.2,130,0.25,0.6,0.6,5.46,6000,20000,4.05,0.25,0.75,0.5,2,0.7,6,0.6,120942,13988,4119,106955,1543,8847,47,-1426
Halifax,SSP585,2030,0.05,0.05,0.6,0.2,0.2,130,0.17,0.2,0.2,5.96,6000,45000,4.05,0.15,1.5,0.75,6,0.7,8,0.6,120399,14361,5905,106039,1530,9275,64,-3009
Halifax,SSP585,2035,0.01,0.01,0.6,0.2,0.2,130,0.25,0.5,0.1,5.46,4000,25000,4.05,0.3,0.25,1.25,0,0.7,10,0.6,118008,13988,3222,104020,1500,5931,54,-1716
Halifax,SSP585,2035,0.05,0.01,0.6,0.2,0.2,130,0.25,0.4,0.6,5.46,6000,20000,4.05,0.2,0.25,1.5,10,0.7,8,0.6,118008,13988,3496,104020,1500,6353,55,-1528
Halifax,SSP585,2035,0.01,0.05,0.6,0.2,0.2,130,0.13,0.1,0.4,5.46,2000,30000,4.05,0.25,0.5,1.5,4,0.7,8,0.6,117270,13520,4527,103750,1497,8549,53,-2066
Halifax,SSP585,2035,0.05,0.05,0.6,0.2,0.2,130,0.13,0.7,0.1,5.46,0,45000,4.05,0.4,0.75,0.5,4,0.7,0,0.6,117270,13520,5634,103750,1497,8971,63,-2733
Halifax,SSP585,2035,0.01,0.01,0.6,0.2,0.2,130,0.25,0.2,0.6,5.46,4000,45000,4.05,0.15,0.25,0.75,2,0.6,6,0.6,114867,13988,4150,100879,1455,5931,70,-2838
Halifax,SSP585,2035,0.05,0.01,0.6,0.2,0.2,130,0.21,0.2,0.3,5.46,0,35000,4.05,0.4,1.25,1,0,0.7,10,0.6,117723,13832,4216,103891,1499,6353,66,-2276
Halifax,SSP585,2035,0.01,0.05,0.6,0.2,0.2,130,0.25,0.1,0.4,5.46,8000,50000,4.05,0.1,0.5,0.75,6,0.7,0,0.6,118008,13988,5554,104020,1500,8549,65,-3083
Halifax,SSP585,2035,0.05,0.05,0.6,0.2,0.2,130,0.21,0.6,0.1,5.46,0,20000,4.05,0.15,1,0.5,4,0.6,2,0.6,114540,13832,4076,100709,1453,8971,45,-1300
Halifax,SSP585,2035,0.01,0.01,0.6,0.2,0.2,130,0.21,0.4,0.5,5.96,0,20000,4.05,0.15,1,0.75,6,0.7,6,0.6,117723,14517,2703,103206,1489,5931,46,-1358
Halifax,SSP585,2035,0.05,0.01,0.6,0.2,0.2,130,0.25,0.7,0.1,5.46,8000,50000,4.05,0.1,0.5,0.75,6,0.7,2,0.6,118008,13988,5051,104020,1500,6353,80,-3150
Halifax,SSP585,2035,0.01,0.05,0.6,0.2,0.2,130,0.05,0.4,0.6,5.96,0,30000,4.05,0.35,1,1.25,6,0.7,2,0.6,117060,13893,4170,103167,1488,8549,49,-1897
Halifax,SSP585,2035,0.05,0.05,0.6,0.2,0.2,130,0.13,0.5,0.1,5.46,4000,20000,4.05,0.15,0.5,0.5,6,0.7,4,0.6,117270,13520,4360,103750,1497,8971,49,-1415
Halifax,SSP585,2035,0.01,0.01,0.6,0.2,0.2,130,0.25,0.3,0.3,5.46,6000,30000,4.05,0.3,0.5,0.5,2,0.7,10,0.6,118008,13988,3530,104020,1500,5931,60,-2039
Halifax,SSP585,2035,0.05,0.01,0.6,0.2,0.2,130,0.25,0.4,0.4,5.46,10000,25000,4.05,0.15,0.5,1.25,2,0.7,0,0.6,118008,13988,3533,104020,1500,6353,56,-1583
Halifax,SSP585,2035,0.01,0.05,0.6,0.2,0.2,130,0.25,0.4,0.6,6.46,8000,25000,4.05,0.1,1,1,6,0.7,10,0.6,118008,15358,4059,102650,1480,8549,47,-1870
Halifax,SSP585,2035,0.05,0.05,0.6,0.2,0.2,130,0.17,0.2,0.6,5.46,4000,20000,4.05,0.15,0.25,0.5,8,0.7,4,0.6,117471,13676,4408,103795,1497,8971,49,-1447
Halifax,SSP585,2035,0.01,0.01,0.6,0.2,0.2,130,0.25,0.6,0.3,5.46,0,25000,4.05,0.35,0.5,1,0,0.7,0,0.6,118008,13988,3003,104020,1500,5931,51,-1488
Halifax,SSP585,2035,0.05,0.01,0.6,0.2,0.2,130,0.17,0.5,0.5,5.96,6000,25000,4.05,0.1,1.25,0.75,2,0.7,10,0.6,117471,14361,3495,103110,1487,6353,55,-1722
Halifax,SSP585,2035,0.01,0.05,0.6,0.2,0.2,130,0.25,0.5,0.4,5.46,0,50000,4.05,0.25,0.75,0.75,6,0.7,0,0.6,118008,13988,5516,104020,1500,8549,65,-3028
Halifax,SSP585,2035,0.05,0.05,0.6,0.2,0.2,130,0.25,0.5,0.5,6.46,2000,20000,4.05,0.1,0.25,1,8,0.7,2,0.6,118008,15358,4040,102650,1480,8971,45,-1372
Halifax,SSP585,2040,0.01,0.01,0.6,0.2,0.2,130,0.09,0.5,0.3,5.46,8000,20000,4.05,0.3,1,1.5,6,0.7,8,0.6,113647,13364,2626,100283,1447,5012,52,-1408
Halifax,SSP585,2040,0.05,0.01,0.6,0.2,0.2,130,0.25,0.7,0.2,5.46,4000,50000,4.05,0.1,0.75,1.5,10,0.7,2,0.6,114395,13988,4934,100407,1448,5471,90,-3189
Halifax,SSP585,2040,0.01,0.05,0.6,0.2,0.2,130,0.25,0.7,0.4,5.96,2000,25000,4.05,0.1,1.25,0.5,2,0.7,2,0.6,114395,14673,3471,99722,1438,7108,49,-1562
Halifax,SSP585,2040,0.05,0.05,0.6,0.2,0.2,130,0.25,0.4,0.1,5.46,0,20000,4.05,0.3,1.5,1,10,0.7,0,0.6,114395,13988,3991,100407,1448,7567,53,-1350
Halifax,SSP585,2040,0.01,0.01,0.6,0.2,0.2,130,0.05,0.5,0.3,5.46,6000,35000,4.05,0.25,0.25,0.75,2,0.7,4,0.6,113513,13208,3399,100306,1447,5012,68,-2214
Halifax,SSP585,2040,0.05,0.01,0.6,0.2,0.2,130,0.25,0.2,0.6,5.46,4000,35000,4.05,0.3,1,0.75,6,0.6,0,0.6,114102,13988,3962,100114,1444,5471,72,-2201
Halifax,SSP585,2040,0.01,0.05,0.6,0.2,0.2,130,0.21,0.5,0.6,5.46,8000,25000,4.05,0.3,1,0.75,2,0.7,6,0.6,114196,13832,3731,100364,1448,7108,52,-1684
Halifax,SSP585,2040,0.05,0.05,0.6,0.2,0.2,130,0.25,0.5,0.5,5.96,8000,35000,4.05,0.15,0.5,1.25,2,0.7,4,0.6,114395,14673,4691,99722,1438,7567,62,-2266
Halifax,SSP585,2040,0.01,0.01,0.6,0.2,0.2,130,0.25,0.3,0.1,5.46,0,45000,4.05,0.4,0.75,1,2,0.7,6,0.6,114395,13988,4008,100407,1448,5012,80,-2793
Halifax,SSP585,2040,0.05,0.01,0.6,0.2,0.2,130,0.25,0.3,0.3,5.46,4000,20000,4.05,0.1,1.25,0.5,2,0.7,0,0.6,114395,13988,3042,100407,1448,5471,56,-1233
Halifax,SSP585,2040,0.01,0.05,0.6,0.2,0.2,130,0.25,0.1,0.1,5.46,6000,20000,4.05,0.2,0.5,1.25,0,0.7,10,0.6,114395,13988,3549,100407,1448,7108,50,-1470
Halifax,SSP585,2040,0.05,0.05,0.6,0.2,0.2,130,0.21,0.6,0.5,5.46,8000,20000,4.05,0.25,1.25,0.75,2,0.7,8,0.6,114196,13832,4044,100364,1448,7567,53,-1433
Halifax,SSP585,2040,0.01,0.01,0.6,0.2,0.2,130,0.21,0.7,0.2,5.46,10000,30000,4.05,0.2,1.25,1.25,2,0.7,4,0.6,114196,13832,3112,100364,1448,5012,62,-1896
Halifax,SSP585,2040,0.05,0.01,0.6,0.2,0.2,130,0.25,0.2,0.6,5.46,2000,35000,4.55,0.2,0.25,1.5,8,0.7,10,0.6,114395,15358,3830,99037,1428,5471,70,-2384
Halifax,SSP585,2040,0.01,0.05,0.6,0.2,0.2,130,0.25,0.2,0.6,5.46,0,20000,4.05,0.35,0.25,0.75,10,0.6,0,0.6,114102,13988,3285,100114,1444,7108,46,-1301
Halifax,SSP585,2040,0.05,0.05,0.6,0.2,0.2,130,0.13,0.2,0.5,5.46,0,20000,4.05,0.2,0.75,1.25,10,0.7,2,0.6,113800,13520,4000,100281,1447,7567,53,-1399
Halifax,SSP585,2040,0.01,0.01,0.6,0.2,0.2,130,0.25,0.1,0.4,5.46,4000,45000,4.05,0.4,0.25,0.5,0,0.7,6,0.6,114395,13988,4012,100407,1448,5012,80,-2805
Halifax,SSP585,2040,0.05,0.01,0.6,0.2,0.2,130,0.25,0.5,0.1,5.46,0,30000,4.05,0.1,1.5,1.5,2,0.7,10,0.6,114395,13988,3770,100407,1448,5471,69,-1974
Halifax,SSP585,2040,0.01,0.05,0.6,0.2,0.2,130,0.21,0.6,0.5,5.46,8000,35000,4.05,0.15,0.75,1,8,0.7,8,0.6,114196,13832,4427,100364,1448,7108,62,-2401
Halifax,SSP585,2040,0.05,0.05,0.6,0.2,0.2,130,0.25,0.4,0.1,5.46,4000,40000,4.05,0.2,1.25,1,0,0.7,2,0.6,114395,13988,5030,100407,1448,7567,66,-2440
Halifax,SSP585,2045,0.01,0.01,0.6,0.2,0.2,130,0.25,0.3,0.4,5.46,8000,30000,4.55,0.2,0.75,1,8,0.7,0,0.6,114848,15358,2845,99491,1435,5139,55,-1910
Halifax,SSP585,2045,0.05,0.01,0.6,0.2,0.2,130,0.25,0.1,0.4,5.46,0,25000,4.05,0.4,0.75,1.5,2,0.7,4,0.6,114848,13988,3412,100861,1455,5603,61,-1584
Halifax,SSP585,2045,0.01,0.05,0.6,0.2,0.2,130,0.25,0.2,0.3,5.46,0,45000,4.05,0.1,0.5,1,6,0.7,8,0.6,114848,13988,5054,100861,1455,7298,69,-2939
Halifax,SSP585,2045,0.05,0.05,0.6,0.2,0.2,130,0.25,0.4,0.6,5.46,6000,35000,4.05,0.35,1.25,0.5,2,0.6,2,0.6,114311,13988,4749,100323,1447,7762,61,-2179
Halifax,SSP585,2045,0.01,0.01,0.6,0.2,0.2,130,0.25,0.1,0.5,5.46,6000,20000,4.05,0.35,0.5,1.25,6,0.7,4,0.6,114848,13988,2653,100861,1455,5139,52,-1357
Halifax,SSP585,2045,0.05,0.01,0.6,0.2,0.2,130,0.25,0.6,0.5,5.46,0,20000,4.05,0.25,1,1.5,4,0.7,10,0.6,114848,13988,3254,100861,1455,5603,58,-1415
Halifax,SSP585,2045,0.01,0.05,0.6,0.2,0.2,130,0.25,0.6,0.1,5.46,6000,50000,4.05,0.1,0.25,1,4,0.7,4,0.6,114848,13988,5258,100861,1455,7298,72,-3166
Halifax,SSP585,2045,0.05,0.05,0.6,0.2,0.2,130,0.21,0.6,0.3,5.46,4000,50000,4.05,0.2,1.25,1.25,6,0.6,8,0.6,114084,13832,5796,100252,1446,7762,75,-3270
Halifax,SSP585,2045,0.01,0.01,0.6,0.2,0.2,130,0.25,0.3,0.2,5.46,0,30000,4.05,0.1,0.75,1,4,0.7,10,0.6,114848,13988,3276,100861,1455,5139,64,-1989
Halifax,SSP585,2045,0.05,0.01,0.6,0.2,0.2,130,0.25,0.6,0.3,5.96,2000,35000,4.05,0.35,1.25,1.25,4,0.7,10,0.6,114848,14673,3949,100176,1445,5603,70,-2314
Halifax,SSP585,2045,0.01,0.05,0.6,0.2,0.2,130,0.21,0.1,0.4,5.46,2000,20000,4.05,0.2,1,0.75,2,0.6,0,0.6,114084,13832,3249,100252,1446,7298,45,-1220
Halifax,SSP585,2045,0.05,0.05,0.6,0.2,0.2,130,0.25,0.1,0.3,5.46,0,25000,4.05,0.2,0.75,0.5,4,0.7,4,0.6,114848,13988,4338,100861,1455,7762,56,-1649
Halifax,SSP585,2045,0.01,0.01,0.6,0.2,0.2,130,0.25,0.7,0.3,5.46,4000,45000,4.05,0.3,0.75,1.25,0,0.7,4,0.6,114848,13988,4013,100861,1455,5139,78,-2766
Halifax,SSP585,2045,0.05,0.01,0.6,0.2,0.2,130,0.25,0.4,0.5,5.46,0,20000,4.55,0.1,0.25,1,10,0.7,6,0.6,114848,15358,2946,99491,1435,5603,53,-1442
Halifax,SSP585,2045,0.01,0.05,0.6,0.2,0.2,130,0.25,0.7,0.1,5.46,2000,20000,4.55,0.1,0.5,1.5,2,0.7,2,0.6,114848,15358,3104,99491,1435,7298,43,-1274
Halifax,SSP585,2045,0.05,0.05,0.6,0.2,0.2,130,0.25,0.6,0.4,5.46,8000,30000,4.05,0.2,1.5,0.75,2,0.7,8,0.6,114848,13988,4688,100861,1455,7762,60,-2026
Halifax,SSP585,2045,0.01,0.01,0.6,0.2,0.2,130,0.25,0.2,0.6,5.46,0,25000,4.05,0.15,1.25,0.75,10,0.7,10,0.6,114848,13988,3049,100861,1455,5139,59,-1752
Halifax,SSP585,2045,0.05,0.01,0.6,0.2,0.2,130,0.25,0.7,0.3,5.96,8000,35000,4.05,0.15,0.75,0.75,2,0.6,6,0.6,114311,14673,3847,99638,1437,5603,69,-2251
Halifax,SSP585,2045,0.01,0.05,0.6,0.2,0.2,130,0.17,0.4,0.2,5.46,4000,40000,4.05,0.1,0.25,1.25,6,0.7,0,0.6,114445,13676,4558,100769,1454,7298,62,-2475
Halifax,SSP585,2045,0.05,0.05,0.6,0.2,0.2,130,0.25,0.7,0.3,5.46,0,20000,4.05,0.35,1.25,1.5,2,0.7,0,0.6,114848,13988,3921,100861,1455,7762,51,-1221
Halifax,SSP585,2050,0.01,0.01,0.6,0.2,0.2,130,0.25,0.7,0.1,5.46,6000,25000,4.05,0.4,0.75,1.25,10,0.5,6,0.6,110453,13988,2758,96466,1392,5114,54,-1713
Halifax,SSP585,2050,0.05,0.01,0.6,0.2,0.2,130,0.21,0.3,0.4,5.46,10000,30000,4.05,0.3,1.5,0.75,6,0.5,2,0.6,110153,13832,3520,96321,1390,5612,63,-1927
Halifax,SSP585,2050,0.01,0.05,0.6,0.2,0.2,130,0.25,0.1,0.6,5.46,8000,25000,4.05,0.35,0.25,1.5,0,0.7,10,0.6,112286,13988,3836,98299,1418,7225,53,-1799
Halifax,SSP585,2050,0.05,0.05,0.6,0.2,0.2,130,0.25,0.7,0.2,5.46,2000,20000,4.05,0.4,0.25,1,0,0.7,0,0.6,112286,13988,3782,98299,1418,7723,49,-1207
Halifax,SSP585,2050,0.01,0.01,0.6,0.2,0.2,130,0.25,0.1,0.3,5.46,2000,20000,4.55,0.2,1.25,1,4,0.7,8,0.6,112286,15358,2241,96929,1398,5114,44,-1364
Halifax,SSP585,2050,0.05,0.01,0.6,0.2,0.2,130,0.25,0.4,0.3,5.96,2000,40000,4.55,0.4,1,1.5,8,0.7,4,0.6,112286,16043,3756,96244,1388,5612,67,-2573
Halifax,SSP585,2050,0.01,0.05,0.6,0.2,0.2,130,0.25,0.1,0.4,5.46,2000,45000,4.05,0.3,1,1.5,8,0.7,2,0.6,112286,13988,4821,98299,1418,7225,67,-2814
Halifax,SSP585,2050,0.05,0.05,0.6,0.2,0.2,130,0.25,0.5,0.3,5.96,10000,35000,4.55,0.35,1.25,1,2,0.6,6,0.6,112083,16043,4235,96040,1385,7723,55,-2280
Halifax,SSP585,2050,0.01,0.01,0.6,0.2,0.2,130,0.17,0.5,0.1,5.46,4000,25000,4.05,0.25,1,0.75,6,0.6,10,0.6,111622,13676,2844,97946,1413,5114,56,-1715
Halifax,SSP585,2050,0.05,0.01,0.6,0.2,0.2,130,0.25,0.3,0.1,5.46,6000,40000,4.05,0.25,0.75,0.5,2,0.7,8,0.6,112286,13988,4249,98299,1418,5612,76,-2573
Halifax,SSP585,2050,0.01,0.05,0.6,0.2,0.2,130,0.25,0.3,0.2,5.46,4000,35000,4.05,0.15,0.25,1,8,0.6,10,0.6,112083,13988,4349,98095,1415,7225,60,-2429
Halifax,SSP585,2050,0.05,0.05,0.6,0.2,0.2,130,0.25,0.5,0.5,5.46,8000,25000,4.05,0.25,1,1.25,4,0.7,8,0.6,112286,13988,4328,98299,1418,7723,56,-1777
Halifax,SSP585,2050,0.01,0.01,0.6,0.2,0.2,130,0.25,0.2,0.2,5.46,8000,25000,4.55,0.3,1.25,0.75,4,0.7,10,0.6,112286,15358,2564,96929,1398,5114,50,-1710
Halifax,SSP585,2050,0.05,0.01,0.6,0.2,0.2,130,0.17,0.2,0.4,5.46,10000,35000,4.05,0.2,1,0.5,6,0.7,2,0.6,111809,13676,3910,98134,1416,5612,70,-2247
Halifax,SSP585,2050,0.01,0.05,0.6,0.2,0.2,130,0.25,0.3,0.6,5.46,10000,35000,4.05,0.1,1,0.5,10,0.7,8,0.6,112286,13988,4430,98299,1418,7225,61,-2419
Halifax,SSP585,2050,0.05,0.05,0.6,0.2,0.2,130,0.25,0.7,0.1,5.96,0,25000,4.05,0.4,0.75,0.75,4,0.7,6,0.6,112286,14673,4096,97614,1408,7723,53,-1695
Halifax,SSP585,2050,0.01,0.01,0.6,0.2,0.2,130,0.25,0.2,0.3,5.46,2000,20000,4.05,0.15,1,1,6,0.6,0,0.6,112083,13988,2427,98095,1415,5114,47,-1261
Halifax,SSP585,2050,0.05,0.01,0.6,0.2,0.2,130,0.25,0.4,0.2,5.46,4000,45000,4.05,0.2,0.5,1,10,0.7,8,0.6,112286,13988,4654,98299,1418,5612,83,-2984
Halifax,SSP585,2050,0.01,0.05,0.6,0.2,0.2,130,0.25,0.3,0.1,5.46,0,20000,4.05,0.1,0.5,0.5,10,0.6,8,0.6,112083,13988,3439,98095,1415,7225,48,-1478
Halifax,SSP585,2050,0.05,0.05,0.6,0.2,0.2,130,0.25,0.7,0.1,5.46,0,20000,4.05,0.4,1.25,1.5,0,0.6,8,0.6,112083,13988,3884,98095,1415,7723,50,-1374
Montreal,SSP126,2025,0.01,0.01,0.6,0.2,0.2,130,0.21,0.2,0.4,5.46,8000,35000,4.55,0.1,0.25,0.75,6,0.7,6,0.1,82417,6986,2931,75432,1088,4398,67,-2215
Montreal,SSP126,2025,0.05,0.01,0.6,0.2,0.2,130,0.25,0.6,0.3,5.46,4000,50000,4.05,0.15,0.75,1.5,2,0.7,0,0.1,83225,5772,3825,77453,1118,4554,84,-2986
Montreal,SSP126,2025,0.01,0.05,0.6,0.2,0.2,130,0.25,0.7,0.3,5.46,0,20000,4.05,0.15,0.25,1,4,0.7,8,0.1,83225,5772,3274,77453,1118,6475,51,-1359
Montreal,SSP126,2025,0.05,0.05,0.6,0.2,0.2,130,0.25,0.1,0.2,5.46,4000,25000,4.05,0.25,0.5,1.5,6,0.7,2,0.1,83225,5772,3212,77453,1118,6630,48,-1525
Montreal,SSP126,2025,0.01,0.01,0.6,0.2,0.2,130,0.25,0.4,0.3,6.46,2000,25000,4.05,0.4,1,1.25,6,0.7,4,0.1,83225,7142,2303,76083,1097,4398,52,-1533
Montreal,SSP126,2025,0.05,0.01,0.6,0.2,0.2,130,0.25,0.2,0.5,6.46,8000,20000,4.05,0.3,0.5,0.75,6,0.7,8,0.1,83225,7142,1888,76083,1097,4554,41,-1330
Montreal,SSP126,2025,0.01,0.05,0.6,0.2,0.2,130,0.25,0.6,0.3,5.46,4000,40000,4.05,0.1,0.25,0.75,0,0.7,0,0.1,83225,5772,4278,77453,1118,6475,66,-2414
Montreal,SSP126,2025,0.05,0.05,0.6,0.2,0.2,130,0.25,0.3,0.2,5.46,4000,25000,4.05,0.3,1.25,1.5,8,0.7,0,0.1,83225,5772,3137,77453,1118,6630,47,-1451
Montreal,SSP126,2025,0.01,0.01,0.6,0.2,0.2,130,0.25,0.3,0.4,5.46,2000,30000,4.05,0.35,0.25,0.5,2,0.7,0,0.1,83225,5772,2888,77453,1118,4398,66,-1794
Montreal,SSP126,2025,0.05,0.01,0.6,0.2,0.2,130,0.25,0.6,0.5,5.46,2000,20000,4.05,0.35,0.5,0.5,8,0.7,2,0.1,83225,5772,2092,77453,1118,4554,46,-1186
Montreal,SSP126,2025,0.01,0.05,0.6,0.2,0.2,130,0.25,0.3,0.3,5.46,4000,45000,4.05,0.35,1.25,0.75,8,0.7,8,0.1,83225,5772,4696,77453,1118,6475,73,-2842
Montreal,SSP126,2025,0.05,0.05,0.6,0.2,0.2,130,0.17,0.3,0.5,5.46,4000,25000,4.05,0.25,1,0.5,2,0.7,6,0.1,81654,5460,3263,76194,1099,6630,49,-1628
Montreal,SSP126,2025,0.01,0.01,0.6,0.2,0.2,130,0.25,0.4,0.4,5.46,0,25000,4.05,0.3,0.25,1.5,6,0.7,2,0.1,83225,5772,2604,77453,1118,4398,59,-1495
Montreal,SSP126,2025,0.05,0.01,0.6,0.2,0.2,130,0.21,0.7,0.1,5.46,8000,20000,4.05,0.4,0.5,1.25,0,0.7,8,0.1,82417,5616,2239,76802,1108,4554,49,-1365
Montreal,SSP126,2025,0.01,0.05,0.6,0.2,0.2,130,0.25,0.6,0.2,5.46,8000,20000,4.05,0.4,0.5,1,0,0.7,2,0.1,83225,5772,3189,77453,1118,6475,49,-1292
Montreal,SSP126,2025,0.05,0.05,0.6,0.2,0.2,130,0.25,0.2,0.6,5.46,0,20000,4.05,0.4,1.5,0.75,10,0.6,6,0.1,78351,5772,2803,72579,1047,6630,42,-1264
Montreal,SSP126,2025,0.01,0.01,0.6,0.2,0.2,130,0.25,0.3,0.3,6.46,4000,25000,4.05,0.15,0.5,1,6,0.7,6,0.1,83225,7142,2348,76083,1097,4398,53,-1582
Montreal,SSP126,2025,0.05,0.01,0.6,0.2,0.2,130,0.17,0.2,0.6,5.46,0,40000,4.05,0.4,0.75,1,4,0.7,2,0.1,81654,5460,3218,76194,1099,4554,71,-2387
Montreal,SSP126,2025,0.01,0.05,0.6,0.2,0.2,130,0.25,0.6,0.4,5.46,10000,25000,4.55,0.4,0.5,1.25,10,0.7,4,0.1,83225,7142,3158,76083,1097,6475,49,-1609
Montreal,SSP126,2025,0.05,0.05,0.6,0.2,0.2,130,0.21,0.7,0.5,5.46,10000,30000,4.05,0.2,0.5,1.25,0,0.7,2,0.1,82417,5616,3536,76802,1108,6630,53,-1900
Montreal,SSP126,2030,0.01,0.01,0.6,0.2,0.2,130,0.21,0.1,0.1,5.46,4000,20000,4.55,0.25,0.75,1.5,6,0.7,6,0.1,82417,6986,2034,75432,1088,4398,46,-1279
Montreal,SSP126,2030,0.05,0.01,0.6,0.2,0.2,130,0.25,0.5,0.2,5.46,6000,20000,4.05,0.3,0.25,1,6,0.7,10,0.1,89859,5772,2389,84087,1213,4771,50,-1361
Montreal,SSP126,2030,0.01,0.05,0.6,0.2,0.2,130,0.25,0.6,0.3,5.46,4000,30000,4.05,0.35,0.25,1.25,8,0.7,2,0.1,89859,5772,3941,84087,1213,6835,58,-1832
Montreal,SSP126,2030,0.05,0.05,0.6,0.2,0.2,130,0.25,0.7,0.1,5.46,4000,50000,4.05,0.15,1,1.25,6,0.7,10,0.1,89859,5772,5028,84087,1213,6980,72,-3200
Montreal,SSP126,2030,0.01,0.01,0.6,0.2,0.2,130,0.25,0.1,0.3,5.46,10000,20000,4.05,0.4,1.5,1.25,10,0.7,8,0.1,83225,5772,2383,77453,1118,4398,54,-1284
Montreal,SSP126,2030,0.05,0.01,0.6,0.2,0.2,130,0.25,0.5,0.1,5.46,4000,25000,4.05,0.35,1.25,0.75,4,0.7,0,0.1,89859,5772,2493,84087,1213,4771,52,-1471
Montreal,SSP126,2030,0.01,0.05,0.6,0.2,0.2,130,0.25,0.7,0.2,5.46,2000,20000,4.05,0.35,0.75,1.5,6,0.6,10,0.1,84370,5772,3340,78599,1134,6835,49,-1410
Montreal,SSP126,2030,0.05,0.05,0.6,0.2,0.2,130,0.21,0.6,0.5,6.46,6000,30000,4.05,0.2,1,0.5,2,0.7,6,0.1,89059,6986,3449,82073,1184,6980,49,-1945
Montreal,SSP126,2030,0.01,0.01,0.6,0.2,0.2,130,0.05,0.4,0.6,5.46,4000,30000,4.05,0.2,0.25,1.5,4,0.7,0,0.1,79775,4992,2807,74783,1079,4398,64,-1803
Montreal,SSP126,2030,0.05,0.01,0.6,0.2,0.2,130,0.25,0.3,0.4,5.46,0,20000,4.05,0.25,1.5,0.75,10,0.7,10,0.1,89859,5772,2325,84087,1213,4771,49,-1284
Montreal,SSP126,2030,0.01,0.05,0.6,0.2,0.2,130,0.25,0.4,0.2,5.46,0,20000,4.05,0.35,0.75,1.25,8,0.7,4,0.1,89859,5772,3392,84087,1213,6835,50,-1254
Montreal,SSP126,2030,0.05,0.05,0.6,0.2,0.2,130,0.25,0.1,0.1,5.46,0,50000,4.05,0.35,1.5,1.25,6,0.7,2,0.1,89859,5772,4821,84087,1213,6980,69,-2985
Montreal,SSP126,2030,0.01,0.01,0.6,0.2,0.2,130,0.25,0.5,0.2,5.46,6000,25000,4.05,0.4,0.25,0.5,8,0.6,10,0.1,78351,5772,2613,72579,1047,4398,59,-1650
Montreal,SSP126,2030,0.05,0.01,0.6,0.2,0.2,130,0.25,0.2,0.2,5.46,0,45000,4.05,0.3,1.25,1.25,10,0.7,6,0.1,89859,5772,3695,84087,1213,4771,77,-2707
Montreal,SSP126,2030,0.01,0.05,0.6,0.2,0.2,130,0.25,0.6,0.2,5.46,4000,35000,4.55,0.4,0.5,0.75,8,0.7,4,0.1,89859,7142,3938,82717,1193,6835,58,-2174
Montreal,SSP126,2030,0.05,0.05,0.6,0.2,0.2,130,0.25,0.6,0.2,5.46,0,25000,4.55,0.2,0.25,1,4,0.7,4,0.1,89859,7142,3114,82717,1193,6980,45,-1560
Montreal,SSP126,2030,0.01,0.01,0.6,0.2,0.2,130,0.21,0.4,0.5,5.46,10000,25000,4.05,0.2,1.25,0.75,4,0.7,10,0.1,82417,5616,2716,76802,1108,4398,62,-1649
Montreal,SSP126,2030,0.05,0.01,0.6,0.2,0.2,130,0.25,0.1,0.3,5.96,4000,45000,4.05,0.15,1,0.75,4,0.7,0,0.1,89859,6457,3480,83402,1203,4771,73,-2668
Montreal,SSP126,2030,0.01,0.05,0.6,0.2,0.2,130,0.25,0.3,0.4,5.96,6000,20000,4.55,0.2,1.25,1.5,10,0.7,6,0.1,89859,7827,2934,82032,1183,6835,43,-1311
Montreal,SSP126,2030,0.05,0.05,0.6,0.2,0.2,130,0.25,0.6,0.4,5.46,2000,40000,4.05,0.35,1.25,0.75,4,0.7,6,0.1,89859,5772,4361,84087,1213,6980,62,-2508
Montreal,SSP126,2035,0.01,0.01,0.6,0.2,0.2,130,0.25,0.1,0.2,5.46,0,25000,4.05,0.35,0.25,1,10,0.7,8,0.1,90878,5772,2897,85107,1228,4686,62,-1577
Montreal,SSP126,2035,0.05,0.01,0.6,0.2,0.2,130,0.25,0.4,0.4,5.46,2000,30000,4.05,0.3,1.5,0.5,2,0.7,0,0.1,90878,5772,2851,85107,1228,4840,59,-1775
Montreal,SSP126,2035,0.01,0.05,0.6,0.2,0.2,130,0.25,0.5,0.6,5.96,8000,25000,4.05,0.25,1,0.5,4,0.7,8,0.1,90878,6457,3709,84422,1218,6915,54,-1705
Montreal,SSP126,2035,0.05,0.05,0.6,0.2,0.2,130,0.25,0.7,0.4,5.46,4000,20000,4.05,0.15,0.75,1.25,4,0.7,4,0.1,90878,5772,3248,85107,1228,7069,46,-1287
Montreal,SSP126,2035,0.01,0.01,0.6,0.2,0.2,130,0.25,0.2,0.2,5.46,0,25000,4.05,0.1,1,0.5,4,0.7,2,0.2,90921,7722,2599,83199,1200,4686,55,-1509
Montreal,SSP126,2035,0.05,0.01,0.6,0.2,0.2,130,0.25,0.4,0.4,5.96,0,35000,4.05,0.2,1,1,8,0.7,2,0.1,90878,6457,2966,84422,1218,4840,61,-2063
Montreal,SSP126,2035,0.01,0.05,0.6,0.2,0.2,130,0.17,0.1,0.3,6.46,6000,20000,4.05,0.35,0.25,1.25,0,0.7,2,0.2,89327,8780,2855,80547,1161,6915,41,-1289
Montreal,SSP126,2035,0.05,0.05,0.6,0.2,0.2,130,0.25,0.5,0.5,5.46,8000,20000,4.05,0.25,0.25,0.75,4,0.7,2,0.1,90878,5772,3233,85107,1228,7069,46,-1280
Montreal,SSP126,2035,0.01,0.01,0.6,0.2,0.2,130,0.09,0.1,0.6,5.96,6000,20000,4.05,0.3,1.5,1.5,4,0.7,0,0.1,88034,5833,2262,82201,1186,4686,48,-1181
Montreal,SSP126,2035,0.05,0.01,0.6,0.2,0.2,130,0.21,0.4,0.6,5.46,8000,50000,4.05,0.4,1,0.5,6,0.7,8,0.1,90055,5616,4102,84440,1218,4840,85,-3100
Montreal,SSP126,2035,0.01,0.05,0.6,0.2,0.2,130,0.25,0.2,0.4,5.96,8000,40000,4.05,0.15,1,1,10,0.7,4,0.1,90878,6457,4444,84422,1218,6915,64,-2471
Montreal,SSP126,2035,0.05,0.05,0.6,0.2,0.2,130,0.25,0.4,0.5,5.46,2000,30000,4.05,0.4,1.5,1,2,0.7,10,0.1,90878,5772,3971,85107,1228,7069,56,-2027
Montreal,SSP126,2035,0.01,0.01,0.6,0.2,0.2,130,0.17,0.3,0.2,5.46,2000,40000,4.05,0.2,1.5,1,0,0.7,2,0.1,89284,5460,3660,83824,1210,4686,78,-2416
Montreal,SSP126,2035,0.05,0.01,0.6,0.2,0.2,130,0.25,0.5,0.4,5.46,6000,50000,4.05,0.15,1,1.25,4,0.7,4,0.1,90878,5772,4066,85107,1228,4840,84,-3041
Montreal,SSP126,2035,0.01,0.05,0.6,0.2,0.2,130,0.13,0.1,0.1,5.46,0,30000,4.55,0.1,0.25,0.5,6,0.7,8,0.1,88598,6674,3721,81924,1182,6915,54,-1957
Montreal,SSP126,2035,0.05,0.05,0.6,0.2,0.2,130,0.25,0.2,0.5,5.96,0,20000,4.05,0.35,0.25,1,2,0.7,8,0.1,90878,6457,3181,84422,1218,7069,45,-1379
Montreal,SSP126,2035,0.01,0.01,0.6,0.2,0.2,130,0.25,0.4,0.3,5.46,2000,25000,4.05,0.1,0.75,0.75,2,0.7,6,0.2,90921,7722,2678,83199,1200,4686,57,-1592
Montreal,SSP126,2035,0.05,0.01,0.6,0.2,0.2,130,0.21,0.7,0.2,5.46,6000,45000,4.05,0.2,1.25,0.75,8,0.7,0,0.1,90055,5616,3659,84440,1218,4840,76,-2642
Montreal,SSP126,2035,0.01,0.05,0.6,0.2,0.2,130,0.25,0.6,0.3,5.46,8000,25000,4.05,0.15,0.25,1,10,0.7,10,0.1,90878,5772,3934,85107,1228,6915,57,-1762
Montreal,SSP126,2035,0.05,0.05,0.6,0.2,0.2,130,0.25,0.7,0.3,5.46,2000,40000,4.05,0.3,1.25,1.25,6,0.7,4,0.1,90878,5772,4371,85107,1228,7069,62,-2447
Montreal,SSP126,2040,0.01,0.01,0.6,0.2,0.2,130,0.25,0.5,0.4,5.46,0,45000,4.05,0.35,1,0.75,8,0.7,4,0.2,90945,7722,3745,83223,1200,4776,78,-2719
Montreal,SSP126,2040,0.05,0.01,0.6,0.2,0.2,130,0.25,0.7,0.3,5.46,4000,45000,4.05,0.3,0.25,0.75,6,0.7,6,0.1,90904,5772,3787,85133,1228,4913,77,-2769
Montreal,SSP126,2040,0.01,0.05,0.6,0.2,0.2,130,0.25,0.6,0.4,5.46,2000,50000,4.05,0.4,0.75,1.5,8,0.7,4,0.1,90904,5772,5169,85133,1228,7071,73,-3052
Montreal,SSP126,2040,0.05,0.05,0.6,0.2,0.2,130,0.25,0.6,0.4,5.46,6000,35000,4.05,0.2,1.25,1.25,4,0.7,8,0.1,90904,5772,4177,85133,1228,7207,58,-2274
Montreal,SSP126,2040,0.01,0.01,0.6,0.2,0.2,130,0.25,0.4,0.2,5.46,4000,50000,4.05,0.3,1.25,0.75,6,0.7,0,0.1,90904,5772,4205,85133,1228,4776,88,-2960
Montreal,SSP126,2040,0.05,0.01,0.6,0.2,0.2,130,0.25,0.4,0.6,5.46,2000,30000,4.05,0.3,1.25,0.5,0,0.7,0,0.1,90904,5772,2845,85133,1228,4913,58,-1791
Montreal,SSP126,2040,0.01,0.05,0.6,0.2,0.2,130,0.25,0.4,0.2,5.46,4000,30000,4.05,0.15,1.25,1,0,0.7,2,0.1,90904,5772,4002,85133,1228,7071,57,-1847
Montreal,SSP126,2040,0.05,0.05,0.6,0.2,0.2,130,0.25,0.5,0.3,5.46,2000,40000,4.05,0.15,0.5,1,8,0.6,6,0.1,85378,5772,4181,79606,1149,7207,58,-2484
Montreal,SSP126,2040,0.01,0.01,0.6,0.2,0.2,130,0.25,0.7,0.5,5.46,8000,50000,4.05,0.4,0.5,1,8,0.7,4,0.1,90904,5772,4297,85133,1228,4776,90,-3061
Montreal,SSP126,2040,0.05,0.01,0.6,0.2,0.2,130,0.21,0.6,0.1,5.46,0,45000,4.05,0.1,1.5,0.75,2,0.7,10,0.1,90016,5616,3834,84401,1218,4913,78,-2828
Montreal,SSP126,2040,0.01,0.05,0.6,0.2,0.2,130,0.25,0.7,0.2,5.46,8000,25000,4.55,0.15,1,0.75,0,0.7,6,0.1,90904,7142,3495,83763,1208,7071,49,-1672
Montreal,SSP126,2040,0.05,0.05,0.6,0.2,0.2,130,0.25,0.6,0.5,5.96,0,20000,4.05,0.25,1.5,1,6,0.7,0,0.1,90904,6457,2929,84448,1218,7207,41,-1149
Montreal,SSP126,2040,0.01,0.01,0.6,0.2,0.2,130,0.25,0.4,0.1,5.46,0,35000,4.55,0.4,0.5,1,2,0.7,6,0.1,90904,7142,3123,83763,1208,4776,65,-2173
Montreal,SSP126,2040,0.05,0.01,0.6,0.2,0.2,130,0.25,0.7,0.3,5.46,0,40000,4.55,0.2,1.25,1.5,2,0.7,4,0.1,90904,7142,3135,83763,1208,4913,64,-2433
Montreal,SSP126,2040,0.01,0.05,0.6,0.2,0.2,130,0.25,0.5,0.6,5.46,10000,20000,4.05,0.1,1.25,1.5,6,0.7,8,0.1,90904,5772,3556,85133,1228,7071,50,-1392
Montreal,SSP126,2040,0.05,0.05,0.6,0.2,0.2,130,0.25,0.6,0.5,5.96,10000,25000,4.05,0.4,1,1.5,0,0.7,4,0.1,90904,6457,3378,84448,1218,7207,47,-1630
Montreal,SSP126,2040,0.01,0.01,0.6,0.2,0.2,130,0.25,0.5,0.3,6.46,6000,30000,4.05,0.2,1.25,1.25,2,0.7,4,0.1,90904,7142,2807,83763,1208,4776,59,-1859
Montreal,SSP126,2040,0.05,0.01,0.6,0.2,0.2,130,0.25,0.6,0.6,5.96,0,20000,4.05,0.4,0.25,1.5,10,0.7,0,0.2,90945,8407,1882,82538,1190,4913,38,-1141
Montreal,SSP126,2040,0.01,0.05,0.6,0.2,0.2,130,0.25,0.6,0.3,5.46,0,35000,4.05,0.3,1.5,1.25,6,0.7,4,0.1,90904,5772,4310,85133,1228,7071,61,-2157
Montreal,SSP126,2040,0.05,0.05,0.6,0.2,0.2,130,0.25,0.3,0.5,5.46,2000,20000,4.55,0.35,0.25,0.5,8,0.7,2,0.1,90904,7142,2811,83763,1208,7207,39,-1202
Montreal,SSP126,2045,0.01,0.01,0.6,0.2,0.2,130,0.25,0.1,0.6,5.46,8000,50000,4.05,0.35,1.5,1.5,10,0.7,4,0.1,82452,5772,4037,76680,1106,4241,95,-3008
Montreal,SSP126,2045,0.05,0.01,0.6,0.2,0.2,130,0.25,0.7,0.1,5.46,0,20000,4.05,0.15,1.5,0.75,8,0.7,4,0.1,82452,5772,2111,76680,1106,4381,48,-1204
Montreal,SSP126,2045,0.01,0.05,0.6,0.2,0.2,130,0.25,0.2,0.2,5.46,6000,50000,4.55,0.2,0.5,0.75,6,0.7,4,0.1,82452,7142,4572,75310,1086,6251,73,-3086
Montreal,SSP126,2045,0.05,0.05,0.6,0.2,0.2,130,0.25,0.1,0.6,5.46,2000,30000,4.55,0.2,0.75,1.5,6,0.7,4,0.1,82452,7142,3188,75310,1086,6390,50,-1853
Montreal,SSP126,2045,0.01,0.01,0.6,0.2,0.2,130,0.25,0.7,0.1,5.96,6000,20000,4.05,0.4,1,1,2,0.7,8,0.1,82452,6457,2256,75995,1096,4241,53,-1327
Montreal,SSP126,2045,0.05,0.01,0.6,0.2,0.2,130,0.25,0.6,0.5,5.46,8000,30000,4.05,0.1,0.25,1,8,0.7,10,0.1,82452,5772,2823,76680,1106,4381,64,-1954
Montreal,SSP126,2045,0.01,0.05,0.6,0.2,0.2,130,0.25,0.2,0.5,5.46,4000,20000,4.05,0.25,1.25,0.5,0,0.7,0,0.1,82452,5772,3089,76680,1106,6251,49,-1201
Montreal,SSP126,2045,0.05,0.05,0.6,0.2,0.2,130,0.25,0.4,0.1,5.96,0,35000,4.05,0.2,1,1.25,8,0.7,8,0.1,82452,6457,3715,75995,1096,6390,58,-2219
Montreal,SSP126,2045,0.01,0.01,0.6,0.2,0.2,130,0.25,0.3,0.5,5.46,4000,40000,4.05,0.4,1,1.5,4,0.7,2,0.1,82452,5772,3470,76680,1106,4241,82,-2412
Montreal,SSP126,2045,0.05,0.01,0.6,0.2,0.2,130,0.25,0.6,0.1,5.46,10000,35000,4.05,0.35,1.5,1.5,6,0.7,6,0.1,82452,5772,3005,76680,1106,4381,69,-2151
Montreal,SSP126,2045,0.01,0.05,0.6,0.2,0.2,130,0.25,0.2,0.2,5.96,0,20000,4.05,0.2,0.5,0.75,8,0.7,10,0.1,82452,6457,3117,75995,1096,6251,50,-1388
Montreal,SSP126,2045,0.05,0.05,0.6,0.2,0.2,130,0.25,0.4,0.4,5.46,2000,25000,4.05,0.25,1,0.75,8,0.7,8,0.2,82494,7722,3168,74772,1078,6390,50,-1649
Montreal,SSP126,2045,0.01,0.01,0.6,0.2,0.2,130,0.25,0.3,0.3,5.46,6000,20000,4.55,0.2,1.5,1,2,0.7,6,0.1,82452,7142,2041,75310,1086,4241,48,-1280
Montreal,SSP126,2045,0.05,0.01,0.6,0.2,0.2,130,0.25,0.1,0.1,5.46,10000,20000,4.05,0.3,0.25,1.5,4,0.7,4,0.1,82452,5772,2195,76680,1106,4381,50,-1309
Montreal,SSP126,2045,0.01,0.05,0.6,0.2,0.2,130,0.25,0.6,0.2,6.46,2000,30000,4.05,0.35,0.5,0.75,4,0.7,6,0.1,82452,7142,3458,75310,1086,6251,55,-1921
Montreal,SSP126,2045,0.05,0.05,0.6,0.2,0.2,130,0.25,0.4,0.5,5.46,2000,25000,4.05,0.15,1.5,1.25,4,0.7,4,0.1,82452,5772,3239,76680,1106,6390,51,-1559
Montreal,SSP126,2045,0.01,0.01,0.6,0.2,0.2,130,0.25,0.7,0.5,5.46,4000,20000,4.55,0.15,0.75,0.75,2,0.7,8,0.1,82452,7142,2090,75310,1086,4241,49,-1324
Montreal,SSP126,2045,0.05,0.01,0.6,0.2,0.2,130,0.25,0.5,0.2,5.46,0,45000,4.05,0.15,1,0.75,2,0.7,2,0.1,82452,5772,3551,76680,1106,4381,81,-2697
Montreal,SSP126,2045,0.01,0.05,0.6,0.2,0.2,130,0.25,0.3,0.3,5.46,0,20000,4.05,0.1,0.5,1.25,6,0.7,2,0.1,82452,5772,3110,76680,1106,6251,50,-1213
Montreal,SSP126,2045,0.05,0.05,0.6,0.2,0.2,130,0.25,0.1,0.3,5.46,8000,35000,4.05,0.2,0.5,0.75,8,0.7,4,0.1,82452,5772,3829,76680,1106,6390,60,-2183
Montreal,SSP126,2050,0.01,0.01,0.6,0.2,0.2,130,0.21,0.5,0.2,5.46,4000,50000,4.05,0.15,1,0.75,2,0.7,6,0.1,79615,5616,4001,73999,1068,4209,95,-3072
Montreal,SSP126,2050,0.05,0.01,0.6,0.2,0.2,130,0.25,0.1,0.6,5.46,10000,40000,4.55,0.1,1,1.25,8,0.7,2,0.1,80403,7142,2812,73262,1057,4370,64,-2402
Montreal,SSP126,2050,0.01,0.05,0.6,0.2,0.2,130,0.25,0.3,0.5,5.96,0,30000,4.55,0.2,0.75,0.5,0,0.7,0,0.1,80403,7827,3052,72576,1047,6180,49,-1786
Montreal,SSP126,2050,0.05,0.05,0.6,0.2,0.2,130,0.25,0.4,0.1,5.46,2000,40000,4.05,0.3,0.75,1.25,4,0.7,10,0.1,80403,5772,4120,74632,1077,6341,65,-2590
Montreal,SSP126,2050,0.01,0.01,0.6,0.2,0.2,130,0.25,0.5,0.4,5.46,2000,25000,4.05,0.35,0.25,1.5,0,0.7,6,0.1,80403,5772,2598,74632,1077,4209,62,-1592
Montreal,SSP126,2050,0.05,0.01,0.6,0.2,0.2,130,0.25,0.7,0.1,5.46,6000,25000,4.55,0.25,0.75,1.5,2,0.7,8,0.1,80403,7142,2075,73262,1057,4370,47,-1625
Montreal,SSP126,2050,0.01,0.05,0.6,0.2,0.2,130,0.17,0.1,0.6,6.46,6000,35000,4.55,0.25,1.5,1.5,0,0.7,8,0.1,78869,8200,3289,70669,1019,6180,53,-2266
Montreal,SSP126,2050,0.05,0.05,0.6,0.2,0.2,130,0.25,0.3,0.2,5.96,6000,25000,4.05,0.3,1,1.5,8,0.7,4,0.1,80403,6457,2938,73946,1067,6341,46,-1553
Montreal,SSP126,2050,0.01,0.01,0.6,0.2,0.2,130,0.25,0.1,0.6,5.46,4000,45000,4.05,0.1,1,1.25,4,0.7,8,0.1,80403,5772,3755,74632,1077,4209,89,-2796
Montreal,SSP126,2050,0.05,0.01,0.6,0.2,0.2,130,0.25,0.4,0.4,5.46,4000,35000,4.05,0.3,0.75,1.5,0,0.7,10,0.1,80403,5772,3019,74632,1077,4370,69,-2251
Montreal,SSP126,2050,0.01,0.05,0.6,0.2,0.2,130,0.25,0.6,0.2,6.46,10000,40000,4.05,0.1,0.5,1,0,0.7,2,0.1,80403,7142,3885,73261,1057,6180,63,-2494
Montreal,SSP126,2050,0.05,0.05,0.6,0.2,0.2,130,0.25,0.6,0.2,5.46,0,30000,4.05,0.1,0.25,1,8,0.7,4,0.3,80487,9672,3086,70815,1021,6341,49,-1858
Montreal,SSP126,2050,0.01,0.01,0.6,0.2,0.2,130,0.25,0.7,0.5,5.96,0,40000,4.05,0.15,1.5,1.25,8,0.7,10,0.1,80403,6457,3306,73946,1067,4209,79,-2495
Montreal,SSP126,2050,0.05,0.01,0.6,0.2,0.2,130,0.25,0.2,0.6,5.46,10000,20000,4.05,0.3,0.5,1.25,0,0.7,0,0.1,80403,5772,2046,74632,1077,4370,47,-1259
Montreal,SSP126,2050,0.01,0.05,0.6,0.2,0.2,130,0.25,0.2,0.4,5.46,2000,30000,4.05,0.4,1.5,1,4,0.7,6,0.1,80403,5772,3669,74632,1077,6180,59,-1906
Montreal,SSP126,2050,0.05,0.05,0.6,0.2,0.2,130,0.25,0.4,0.2,5.96,6000,30000,4.05,0.15,0.75,0.75,10,0.7,10,0.1,80403,6457,3354,73946,1067,6341,53,-1980
Montreal,SSP126,2050,0.01,0.01,0.6,0.2,0.2,130,0.13,0.3,0.4,5.46,4000,25000,4.05,0.3,1.5,1,6,0.7,4,0.1,78194,5304,2474,72890,1052,4209,59,-1526
Montreal,SSP126,2050,0.05,0.01,0.6,0.2,0.2,130,0.25,0.7,0.3,5.46,0,45000,4.05,0.1,0.5,0.5,2,0.7,8,0.1,80403,5772,3538,74632,1077,4370,81,-2783
Montreal,SSP126,2050,0.01,0.05,0.6,0.2,0.2,130,0.25,0.4,0.4,5.46,4000,45000,4.05,0.2,0.75,0.5,2,0.7,6,0.1,80403,5772,4554,74632,1077,6180,74,-2826
Montreal,SSP126,2050,0.05,0.05,0.6,0.2,0.2,130,0.21,0.7,0.5,5.46,8000,30000,4.05,0.2,1.5,1.25,6,0.7,8,0.1,79615,5616,3449,73999,1068,6341,54,-1936
Montreal,SSP245,2025,0.05,0.01,0.6,0.2,0.2,130,0.25,0.7,0.1,6.46,10000,30000,4.05,0.1,0.5,1,8,0.6,2,0.1,84025,7142,2352,76883,1109,4805,49,-1833
Montreal,SSP245,2025,0.01,0.05,0.6,0.2,0.2,130,0.25,0.6,0.3,5.96,2000,20000,4.05,0.35,1,0.75,4,0.7,6,0.1,89395,6457,3280,82939,1197,6875,48,-1329
Montreal,SSP245,2025,0.05,0.05,0.6,0.2,0.2,130,0.25,0.1,0.1,5.46,10000,20000,4.05,0.3,1.25,0.75,8,0.7,10,0.1,89395,5772,3274,83624,1207,7024,47,-1410
Montreal,SSP245,2025,0.01,0.01,0.6,0.2,0.2,130,0.25,0.4,0.6,5.46,10000,25000,4.05,0.35,1.25,1.5,8,0.7,0,0.1,89395,5772,2716,83624,1207,4656,58,-1479
Montreal,SSP245,2025,0.05,0.01,0.6,0.2,0.2,130,0.25,0.7,0.2,5.46,4000,50000,4.05,0.2,0.25,1.5,4,0.7,0,0.1,89395,5772,3941,83624,1207,4805,82,-2982
Montreal,SSP245,2025,0.01,0.05,0.6,0.2,0.2,130,0.25,0.2,0.3,5.96,10000,30000,4.05,0.15,1,1.25,6,0.7,10,0.1,89395,6457,3960,82939,1197,6875,58,-2048
Montreal,SSP245,2025,0.05,0.05,0.6,0.2,0.2,130,0.25,0.3,0.1,5.46,4000,30000,4.05,0.1,1.5,1.25,0,0.7,0,0.1,89395,5772,3646,83624,1207,7024,52,-1791
Montreal,SSP245,2025,0.01,0.01,0.6,0.2,0.2,130,0.17,0.7,0.1,5.46,4000,25000,4.05,0.1,1.25,0.5,0,0.7,0,0.1,87744,5460,2707,82285,1187,4656,58,-1499
Montreal,SSP245,2025,0.05,0.01,0.6,0.2,0.2,130,0.25,0.6,0.6,5.46,6000,30000,4.55,0.25,1.25,0.5,10,0.7,4,0.1,89395,7142,2460,82254,1187,4805,51,-1798
Montreal,SSP245,2025,0.01,0.05,0.6,0.2,0.2,130,0.09,0.7,0.3,5.46,4000,35000,4.05,0.2,0.75,1,6,0.7,0,0.1,86421,5148,4061,81273,1173,6875,59,-2079
Montreal,SSP245,2025,0.05,0.05,0.6,0.2,0.2,130,0.21,0.3,0.6,5.46,0,30000,4.05,0.2,1,1.5,4,0.7,10,0.1,88542,5616,3840,82926,1197,7024,55,-2004
Montreal,SSP245,2025,0.01,0.01,0.6,0.2,0.2,130,0.21,0.4,0.6,5.46,2000,20000,4.05,0.4,1.25,1,2,0.7,4,0.1,88542,5616,2494,82926,1197,4656,54,-1251
Montreal,SSP245,2025,0.05,0.01,0.6,0.2,0.2,130,0.21,0.7,0.5,5.46,2000,30000,4.05,0.4,1,1,10,0.6,10,0.1,83148,5616,2732,77533,1119,4805,57,-1881
Montreal,SSP245,2025,0.01,0.05,0.6,0.2,0.2,130,0.25,0.6,0.4,5.46,4000,20000,4.05,0.35,1.25,1.25,2,0.7,6,0.1,89395,5772,3455,83624,1207,6875,50,-1341
Montreal,SSP245,2025,0.05,0.05,0.6,0.2,0.2,130,0.25,0.7,0.3,5.46,2000,25000,4.05,0.3,0.75,1.5,10,0.7,4,0.1,89395,5772,3400,83624,1207,7024,48,-1530
Montreal,SSP245,2025,0.01,0.01,0.6,0.2,0.2,130,0.25,0.6,0.4,5.96,6000,20000,4.05,0.35,0.5,0.75,8,0.7,6,0.1,89395,6457,2381,82939,1197,4656,51,-1293
Montreal,SSP245,2025,0.05,0.01,0.6,0.2,0.2,130,0.25,0.4,0.6,5.96,4000,40000,4.55,0.2,0.5,0.75,4,0.7,8,0.1,89395,7827,2989,81569,1176,4805,62,-2511
Montreal,SSP245,2025,0.01,0.05,0.6,0.2,0.2,130,0.25,0.2,0.1,5.46,4000,30000,4.05,0.25,0.25,0.5,10,0.7,10,0.1,89395,5772,4114,83624,1207,6875,60,-2021
Montreal,SSP245,2025,0.05,0.05,0.6,0.2,0.2,130,0.25,0.5,0.4,5.46,4000,40000,4.55,0.25,0.5,0.5,10,0.7,0,0.1,89395,7142,3840,82254,1187,7024,55,-2340
Montreal,SSP245,2030,0.01,0.01,0.6,0.2,0.2,130,0.25,0.2,0.3,5.46,4000,45000,4.05,0.1,1.5,0.75,4,0.7,2,0.1,80336,5772,3666,74564,1076,4156,88,-2697
Montreal,SSP245,2030,0.05,0.01,0.6,0.2,0.2,130,0.25,0.4,0.2,5.46,10000,20000,4.05,0.1,0.25,0.5,4,0.7,8,0.1,80336,5772,2167,74564,1076,4306,50,-1365
Montreal,SSP245,2030,0.01,0.05,0.6,0.2,0.2,130,0.25,0.7,0.4,5.46,4000,30000,4.05,0.2,0.75,1.25,0,0.7,2,0.1,80336,5772,3620,74564,1076,6110,59,-1852
Montreal,SSP245,2030,0.05,0.05,0.6,0.2,0.2,130,0.21,0.7,0.1,5.46,8000,20000,4.05,0.3,0.75,1,8,0.7,2,0.1,79598,5616,2781,73982,1067,6260,44,-1231
Montreal,SSP245,2030,0.01,0.01,0.6,0.2,0.2,130,0.25,0.5,0.2,5.46,8000,30000,4.55,0.1,0.25,0.75,0,0.7,6,0.1,80336,7142,2596,73194,1056,4156,62,-1939
Montreal,SSP245,2030,0.05,0.01,0.6,0.2,0.2,130,0.25,0.4,0.3,5.46,4000,45000,4.05,0.4,1.25,0.5,8,0.7,0,0.1,80336,5772,3403,74564,1076,4306,79,-2642
Montreal,SSP245,2030,0.01,0.05,0.6,0.2,0.2,130,0.25,0.5,0.5,5.46,10000,25000,4.05,0.4,1.25,1.5,4,0.7,0,0.1,80336,5772,3265,74564,1076,6110,53,-1500
Montreal,SSP245,2030,0.05,0.05,0.6,0.2,0.2,130,0.25,0.5,0.5,5.46,10000,20000,4.05,0.2,1.5,1.25,0,0.7,4,0.1,80336,5772,2862,74564,1076,6260,46,-1292
Montreal,SSP245,2030,0.01,0.01,0.6,0.2,0.2,130,0.25,0.4,0.1,5.46,4000,45000,4.05,0.25,1.5,0.75,10,0.7,10,0.1,80336,5772,3759,74564,1076,4156,90,-2790
Montreal,SSP245,2030,0.05,0.01,0.6,0.2,0.2,130,0.25,0.5,0.2,5.96,4000,25000,4.05,0.1,0.5,0.5,0,0.7,8,0.2,80376,8407,2099,71970,1038,4306,49,-1632
Montreal,SSP245,2030,0.01,0.05,0.6,0.2,0.2,130,0.25,0.5,0.3,5.46,6000,20000,4.05,0.1,0.75,1,2,0.7,6,0.1,80336,5772,3134,74564,1076,6110,51,-1349
Montreal,SSP245,2030,0.05,0.05,0.6,0.2,0.2,130,0.25,0.2,0.5,5.46,4000,40000,4.05,0.2,0.75,1,0,0.7,4,0.2,80376,7722,3862,72655,1048,6260,62,-2492
Montreal,SSP245,2030,0.01,0.01,0.6,0.2,0.2,130,0.17,0.1,0.2,5.46,0,20000,4.05,0.25,1,1,8,0.7,2,0.1,78906,5460,2183,73446,1060,4156,53,-1188
Montreal,SSP245,2030,0.05,0.01,0.6,0.2,0.2,130,0.25,0.3,0.1,5.46,2000,35000,4.05,0.2,0.5,0.5,0,0.6,8,0.1,75651,5772,2882,69880,1008,4306,67,-2207
Montreal,SSP245,2030,0.01,0.05,0.6,0.2,0.2,130,0.25,0.4,0.1,5.46,4000,35000,4.55,0.2,0.5,1,8,0.7,2,0.1,80336,7142,3547,73194,1056,6110,58,-2124
Montreal,SSP245,2030,0.05,0.05,0.6,0.2,0.2,130,0.25,0.3,0.5,5.46,6000,45000,4.55,0.2,1,1,10,0.7,4,0.2,80376,9092,3773,71285,1028,6260,60,-2752
Montreal,SSP245,2030,0.01,0.01,0.6,0.2,0.2,130,0.25,0.4,0.2,5.46,10000,25000,4.05,0.35,0.5,1.5,6,0.7,2,0.1,80336,5772,2561,74564,1076,4156,62,-1563
Montreal,SSP245,2030,0.05,0.01,0.6,0.2,0.2,130,0.25,0.6,0.6,5.46,6000,30000,4.05,0.35,0.75,1.5,8,0.7,4,0.2,80376,7722,2464,72655,1048,4306,57,-1845
Montreal,SSP245,2030,0.01,0.05,0.6,0.2,0.2,130,0.25,0.5,0.6,5.46,4000,30000,4.05,0.2,0.75,1.5,4,0.7,10,0.1,80336,5772,3782,74564,1076,6110,62,-2015
Montreal,SSP245,2030,0.05,0.05,0.6,0.2,0.2,130,0.17,0.7,0.5,5.46,6000,45000,4.05,0.3,0.25,1,10,0.7,6,0.1,78906,5460,4279,73446,1060,6260,68,-2800
Montreal,SSP245,2035,0.01,0.01,0.6,0.2,0.2,130,0.25,0.6,0.1,5.46,8000,30000,4.05,0.3,1,1.25,2,0.7,8,0.1,89887,5772,3189,84116,1214,4720,68,-1940
Montreal,SSP245,2035,0.05,0.01,0.6,0.2,0.2,130,0.25,0.2,0.1,6.46,4000,20000,4.05,0.35,0.25,0.5,4,0.7,10,0.1,89887,7142,2067,82746,1194,4870,42,-1359
Montreal,SSP245,2035,0.01,0.05,0.6,0.2,0.2,130,0.25,0.5,0.2,5.46,4000,20000,4.55,0.35,1.25,1.5,0,0.7,0,0.1,89887,7142,3004,82746,1194,6971,43,-1201
Montreal,SSP245,2035,0.05,0.05,0.6,0.2,0.2,130,0.25,0.4,0.5,5.46,4000,25000,4.05,0.4,1,0.75,8,0.7,2,0.1,89887,5772,3392,84116,1214,7121,48,-1500
Montreal,SSP245,2035,0.01,0.01,0.6,0.2,0.2,130,0.25,0.3,0.4,5.46,4000,20000,4.05,0.35,0.75,1,10,0.7,0,0.1,89887,5772,2447,84116,1214,4720,52,-1168
Montreal,SSP245,2035,0.05,0.01,0.6,0.2,0.2,130,0.21,0.4,0.3,5.46,10000,30000,4.05,0.35,1,1.25,10,0.7,8,0.1,89073,5616,2880,83457,1204,4870,59,-1889
Montreal,SSP245,2035,0.01,0.05,0.6,0.2,0.2,130,0.25,0.4,0.1,5.46,0,20000,4.05,0.15,0.75,1,8,0.7,10,0.1,89887,5772,3550,84116,1214,6971,51,-1404
Montreal,SSP245,2035,0.05,0.05,0.6,0.2,0.2,130,0.25,0.6,0.3,5.46,8000,50000,4.05,0.4,0.5,1.5,10,0.7,8,0.1,89887,5772,4993,84116,1214,7121,70,-3162
Montreal,SSP245,2035,0.01,0.01,0.6,0.2,0.2,130,0.25,0.6,0.6,5.46,6000,35000,4.05,0.25,0.75,0.5,6,0.7,8,0.1,89887,5772,3463,84116,1214,4720,73,-2220
Montreal,SSP245,2035,0.05,0.01,0.6,0.2,0.2,130,0.25,0.7,0.5,5.46,8000,25000,4.05,0.3,1.25,0.5,8,0.7,0,0.1,89887,5772,2480,84116,1214,4870,51,-1455
Montreal,SSP245,2035,0.01,0.05,0.6,0.2,0.2,130,0.25,0.1,0.1,5.46,2000,35000,4.05,0.1,1.25,1.5,6,0.7,8,0.1,89887,5772,4371,84116,1214,6971,63,-2261
Montreal,SSP245,2035,0.05,0.05,0.6,0.2,0.2,130,0.25,0.7,0.6,5.46,0,35000,4.05,0.15,0.75,1.25,0,0.7,6,0.1,89887,5772,4112,84116,1214,7121,58,-2233
Montreal,SSP245,2035,0.01,0.01,0.6,0.2,0.2,130,0.25,0.6,0.4,5.96,4000,25000,5.05,0.2,0.5,1.5,6,0.7,8,0.1,89887,9197,2050,80691,1163,4720,43,-1619
Montreal,SSP245,2035,0.05,0.01,0.6,0.2,0.2,130,0.25,0.2,0.3,5.46,4000,30000,4.05,0.3,0.5,1.25,6,0.7,10,0.2,89929,7722,2805,82207,1186,4870,58,-1947
Montreal,SSP245,2035,0.01,0.05,0.6,0.2,0.2,130,0.25,0.1,0.5,5.46,4000,40000,4.05,0.4,1,1.5,0,0.7,0,0.1,89887,5772,4493,84116,1214,6971,64,-2398
Montreal,SSP245,2035,0.05,0.05,0.6,0.2,0.2,130,0.25,0.7,0.4,5.46,6000,35000,4.05,0.3,1,1.5,2,0.7,2,0.1,89887,5772,4011,84116,1214,7121,56,-2144
Montreal,SSP245,2035,0.01,0.01,0.6,0.2,0.2,130,0.25,0.6,0.2,5.46,0,45000,4.05,0.1,1.5,1,8,0.7,6,0.1,89887,5772,3975,84116,1214,4720,84,-2741
Montreal,SSP245,2035,0.05,0.01,0.6,0.2,0.2,130,0.25,0.1,0.3,5.46,8000,20000,4.05,0.15,0.5,0.5,0,0.7,2,0.1,89887,5772,2313,84116,1214,4870,47,-1278
Montreal,SSP245,2035,0.01,0.05,0.6,0.2,0.2,130,0.25,0.1,0.4,5.96,6000,30000,4.05,0.1,1.5,0.75,6,0.7,2,0.2,89929,8407,3536,81522,1176,6971,51,-1825
Montreal,SSP245,2035,0.05,0.05,0.6,0.2,0.2,130,0.21,0.6,0.1,5.46,4000,40000,4.05,0.4,0.5,0.75,2,0.7,2,0.2,89115,7566,4118,81549,1176,7121,58,-2449
Montreal,SSP245,2040,0.01,0.01,0.6,0.2,0.2,130,0.25,0.5,0.2,5.46,4000,25000,4.55,0.15,0.5,0.5,4,0.7,10,0.1,85868,7142,2471,78726,1136,4496,55,-1654
Montreal,SSP245,2040,0.05,0.01,0.6,0.2,0.2,130,0.25,0.3,0.6,5.96,8000,40000,4.05,0.2,1,1.5,4,0.7,2,0.1,85868,6457,3135,79411,1146,4675,67,-2419
Montreal,SSP245,2040,0.01,0.05,0.6,0.2,0.2,130,0.17,0.3,0.5,5.46,0,50000,4.05,0.2,0.25,1,0,0.7,2,0.1,84334,5460,4899,78874,1138,6601,74,-3023
Montreal,SSP245,2040,0.05,0.05,0.6,0.2,0.2,130,0.25,0.6,0.5,5.46,8000,30000,4.05,0.4,1,0.75,8,0.7,0,0.1,85868,5772,3491,80096,1156,6779,51,-1766
Montreal,SSP245,2040,0.01,0.01,0.6,0.2,0.2,130,0.25,0.6,0.3,5.96,8000,50000,4.05,0.3,0.25,1,4,0.7,10,0.1,85868,6457,4103,79411,1146,4496,91,-3181
Montreal,SSP245,2040,0.05,0.01,0.6,0.2,0.2,130,0.25,0.5,0.4,5.46,0,40000,4.05,0.4,0.5,1.5,4,0.7,6,0.1,85868,5772,3348,80096,1156,4675,72,-2448
Montreal,SSP245,2040,0.01,0.05,0.6,0.2,0.2,130,0.25,0.1,0.2,5.46,10000,25000,4.05,0.25,1.5,0.75,2,0.7,2,0.1,85868,5772,3499,80096,1156,6601,53,-1540
Montreal,SSP245,2040,0.05,0.05,0.6,0.2,0.2,130,0.25,0.6,0.3,5.46,0,25000,4.05,0.35,1,1.25,10,0.7,8,0.1,85868,5772,3365,80096,1156,6779,50,-1612
Montreal,SSP245,2040,0.01,0.01,0.6,0.2,0.2,130,0.25,0.6,0.4,5.46,6000,35000,4.05,0.2,1.5,0.75,0,0.7,10,0.1,85868,5772,3373,80096,1156,4496,75,-2247
Montreal,SSP245,2040,0.05,0.01,0.6,0.2,0.2,130,0.21,0.3,0.6,5.46,0,25000,4.05,0.35,0.5,1,8,0.7,6,0.1,85076,5616,2443,79460,1147,4675,52,-1528
Montreal,SSP245,2040,0.01,0.05,0.6,0.2,0.2,130,0.25,0.3,0.4,5.46,4000,30000,4.05,0.2,0.75,1.25,2,0.7,8,0.1,85868,5772,3951,80096,1156,6601,60,-1989
Montreal,SSP245,2040,0.05,0.05,0.6,0.2,0.2,130,0.13,0.7,0.6,5.46,6000,30000,4.05,0.15,1.25,0.5,10,0.7,6,0.1,83664,5304,3537,78360,1131,6779,52,-1877
Montreal,SSP245,2040,0.01,0.01,0.6,0.2,0.2,130,0.21,0.3,0.5,5.46,2000,30000,4.05,0.15,0.75,0.75,2,0.7,0,0.1,85076,5616,2914,79460,1147,4496,65,-1788
Montreal,SSP245,2040,0.05,0.01,0.6,0.2,0.2,130,0.25,0.7,0.3,5.46,10000,35000,4.05,0.15,1,0.5,2,0.7,4,0.1,85868,5772,3063,80096,1156,4675,66,-2174
Montreal,SSP245,2040,0.01,0.05,0.6,0.2,0.2,130,0.21,0.5,0.6,5.46,6000,35000,4.55,0.25,1,1.5,0,0.7,4,0.1,85076,6986,3787,78090,1126,6601,57,-2202
Montreal,SSP245,2040,0.05,0.05,0.6,0.2,0.2,130,0.25,0.5,0.1,5.46,4000,35000,4.05,0.15,0.75,0.5,0,0.7,6,0.1,85868,5772,3971,80096,1156,6779,59,-2248
Montreal,SSP245,2040,0.01,0.01,0.6,0.2,0.2,130,0.25,0.4,0.6,5.96,10000,25000,4.05,0.25,0.25,1.25,4,0.6,4,0.1,80787,6457,2450,74330,1072,4496,54,-1613
Montreal,SSP245,2040,0.05,0.01,0.6,0.2,0.2,130,0.25,0.5,0.5,5.46,6000,20000,4.05,0.35,1,1,10,0.7,6,0.2,85910,7722,2032,78188,1128,4675,43,-1263
Montreal,SSP245,2040,0.01,0.05,0.6,0.2,0.2,130,0.25,0.1,0.2,5.46,2000,50000,4.05,0.15,1,1,6,0.7,6,0.1,85868,5772,5025,80096,1156,6601,76,-3101
Montreal,SSP245,2040,0.05,0.05,0.6,0.2,0.2,130,0.25,0.2,0.6,5.46,6000,35000,4.05,0.4,1.25,1,10,0.7,6,0.1,85868,5772,3895,80096,1156,6779,57,-2176
Montreal,SSP245,2045,0.01,0.01,0.6,0.2,0.2,130,0.25,0.7,0.4,5.46,0,20000,4.05,0.2,1.5,1.25,8,0.7,8,0.1,85995,5772,2477,80223,1158,4414,56,-1282
Montreal,SSP245,2045,0.05,0.01,0.6,0.2,0.2,130,0.25,0.7,0.1,5.46,2000,20000,4.05,0.3,1.5,0.75,8,0.7,4,0.1,85995,5772,2178,80223,1158,4574,48,-1205
Montreal,SSP245,2045,0.01,0.05,0.6,0.2,0.2,130,0.21,0.1,0.4,5.46,6000,45000,4.55,0.1,0.25,1.25,0,0.7,0,0.1,85208,6986,4317,78223,1128,6495,66,-2728
Montreal,SSP245,2045,0.05,0.05,0.6,0.2,0.2,130,0.25,0.3,0.6,5.96,4000,25000,4.05,0.3,1.5,1.25,4,0.7,4,0.1,85995,6457,3176,79538,1147,6654,48,-1563
Montreal,SSP245,2045,0.01,0.01,0.6,0.2,0.2,130,0.25,0.3,0.4,5.46,0,20000,4.05,0.1,1.5,0.75,4,0.7,2,0.1,85995,5772,2400,80223,1158,4414,54,-1205
Montreal,SSP245,2045,0.05,0.01,0.6,0.2,0.2,130,0.25,0.2,0.1,5.46,0,35000,4.05,0.2,1,1.25,6,0.7,8,0.1,85995,5772,3116,80223,1158,4574,68,-2170
Montreal,SSP245,2045,0.01,0.05,0.6,0.2,0.2,130,0.09,0.5,0.5,5.46,6000,30000,4.05,0.25,1.5,1.5,4,0.7,10,0.1,83162,5148,3894,78015,1126,6495,60,-2008
Montreal,SSP245,2045,0.05,0.05,0.6,0.2,0.2,130,0.25,0.7,0.6,5.46,0,30000,4.55,0.25,0.25,0.75,10,0.7,2,0.1,85995,7142,3214,78853,1137,6654,48,-1771
Montreal,SSP245,2045,0.01,0.01,0.6,0.2,0.2,130,0.21,0.3,0.2,5.46,10000,35000,4.55,0.3,1.25,1.5,8,0.7,10,0.1,85208,6986,3020,78223,1128,4414,68,-2232
Montreal,SSP245,2045,0.05,0.01,0.6,0.2,0.2,130,0.25,0.2,0.6,5.96,4000,40000,4.05,0.1,1.5,1.5,6,0.7,10,0.1,85995,6457,3264,79538,1147,4574,71,-2504
Montreal,SSP245,2045,0.01,0.05,0.6,0.2,0.2,130,0.25,0.1,0.5,5.46,4000,35000,4.05,0.1,1.25,1,2,0.7,8,0.2,86037,7722,4023,78315,1129,6495,62,-2279
Montreal,SSP245,2045,0.05,0.05,0.6,0.2,0.2,130,0.21,0.4,0.1,5.46,10000,40000,4.05,0.35,0.25,1.25,8,0.7,8,0.1,85208,5616,4313,79593,1148,6654,65,-2602
Montreal,SSP245,2045,0.01,0.01,0.6,0.2,0.2,130,0.25,0.7,0.3,5.46,8000,40000,4.55,0.25,0.5,1,4,0.7,8,0.1,85995,7142,3345,78853,1137,4414,76,-2544
Montreal,SSP245,2045,0.05,0.01,0.6,0.2,0.2,130,0.25,0.2,0.3,5.46,10000,25000,4.05,0.3,1,1.5,8,0.7,10,0.1,85995,5772,2580,80223,1158,4574,56,-1635
Montreal,SSP245,2045,0.01,0.05,0.6,0.2,0.2,130,0.25,0.3,0.2,5.96,10000,50000,4.05,0.4,0.25,1,10,0.7,10,0.1,85995,6457,5020,79538,1147,6495,77,-3255
Montreal,SSP245,2045,0.05,0.05,0.6,0.2,0.2,130,0.25,0.7,0.1,5.96,2000,25000,4.05,0.1,1.25,1.25,4,0.7,6,0.1,85995,6457,3228,79538,1147,6654,49,-1611
Montreal,SSP245,2045,0.01,0.01,0.6,0.2,0.2,130,0.25,0.1,0.5,5.46,10000,25000,4.05,0.25,0.5,1,10,0.7,4,0.1,85995,5772,2741,80223,1158,4414,62,-1578
Montreal,SSP245,2045,0.05,0.01,0.6,0.2,0.2,130,0.25,0.5,0.3,5.46,4000,30000,4.05,0.1,0.5,0.5,2,0.7,2,0.1,85995,5772,2780,80223,1158,4574,61,-1832
Montreal,SSP245,2045,0.01,0.05,0.6,0.2,0.2,130,0.25,0.4,0.4,5.96,6000,20000,4.05,0.4,0.75,1,4,0.7,6,0.1,85995,6457,3186,79538,1147,6495,49,-1350
Montreal,SSP245,2045,0.05,0.05,0.6,0.2,0.2,130,0.21,0.4,0.6,5.46,10000,20000,4.05,0.1,1,0.5,8,0.7,10,0.1,85208,5616,3171,79593,1148,6654,48,-1418
Montreal,SSP245,2050,0.01,0.01,0.6,0.2,0.2,130,0.25,0.2,0.3,5.46,8000,30000,4.05,0.35,1.5,1.25,4,0.7,4,0.1,87727,5772,3034,81955,1183,4527,67,-1842
Montreal,SSP245,2050,0.05,0.01,0.6,0.2,0.2,130,0.25,0.3,0.6,5.46,10000,20000,4.05,0.4,0.75,1.25,10,0.7,8,0.1,87727,5772,2286,81955,1183,4681,49,-1307
Montreal,SSP245,2050,0.01,0.05,0.6,0.2,0.2,130,0.25,0.5,0.3,5.46,4000,35000,4.05,0.25,0.75,0.75,8,0.7,8,0.1,87727,5772,4293,81955,1183,6671,64,-2265
Montreal,SSP245,2050,0.05,0.05,0.6,0.2,0.2,130,0.25,0.4,0.5,5.46,0,35000,4.05,0.1,1,1.25,4,0.7,4,0.2,87768,7722,3805,80047,1154,6826,56,-2162
Montreal,SSP245,2050,0.01,0.01,0.6,0.2,0.2,130,0.25,0.5,0.4,5.96,2000,50000,4.55,0.2,1.25,1.25,2,0.7,0,0.1,87727,7827,3633,79900,1152,4527,80,-2973
Montreal,SSP245,2050,0.05,0.01,0.6,0.2,0.2,130,0.25,0.3,0.4,5.46,8000,35000,4.05,0.4,0.25,1.5,8,0.7,6,0.1,87727,5772,3144,81955,1183,4681,67,-2192
Montreal,SSP245,2050,0.01,0.05,0.6,0.2,0.2,130,0.25,0.5,0.5,5.46,2000,20000,4.05,0.15,1,0.75,8,0.7,8,0.1,87727,5772,3422,81955,1183,6671,51,-1358
Montreal,SSP245,2050,0.05,0.05,0.6,0.2,0.2,130,0.25,0.1,0.5,5.46,8000,25000,4.05,0.4,0.75,0.75,4,0.7,10,0.1,87727,5772,3560,81955,1183,6826,52,-1749
Montreal,SSP245,2050,0.01,0.01,0.6,0.2,0.2,130,0.25,0.4,0.1,5.46,0,50000,4.05,0.35,0.5,0.5,8,0.7,2,0.1,87727,5772,4140,81955,1183,4527,91,-2974
Montreal,SSP245,2050,0.05,0.01,0.6,0.2,0.2,130,0.21,0.2,0.2,5.46,8000,25000,4.05,0.35,0.25,0.75,2,0.7,2,0.2,86947,7566,2366,79381,1145,4681,51,-1576
Montreal,SSP245,2050,0.01,0.05,0.6,0.2,0.2,130,0.25,0.1,0.1,5.46,0,25000,4.05,0.35,1.5,1.5,2,0.7,10,0.1,87727,5772,3780,81955,1183,6671,57,-1722
Montreal,SSP245,2050,0.05,0.05,0.6,0.2,0.2,130,0.25,0.6,0.5,5.46,0,30000,4.05,0.25,1.25,1,0,0.7,10,0.1,87727,5772,3847,81955,1183,6826,56,-2029
Montreal,SSP245,2050,0.01,0.01,0.6,0.2,0.2,130,0.25,0.2,0.2,5.46,10000,35000,4.05,0.15,1.25,1.25,4,0.7,10,0.1,87727,5772,3429,81955,1183,4527,76,-2252
Montreal,SSP245,2050,0.05,0.01,0.6,0.2,0.2,130,0.25,0.6,0.6,5.46,6000,20000,4.05,0.15,0.5,1,2,0.7,2,0.1,87727,5772,2239,81955,1183,4681,48,-1250
Montreal,SSP245,2050,0.01,0.05,0.6,0.2,0.2,130,0.13,0.2,0.6,5.46,2000,20000,4.05,0.35,0.25,0.5,10,0.7,2,0.1,85437,5304,3197,80134,1156,6671,48,-1212
Montreal,SSP245,2050,0.05,0.05,0.6,0.2,0.2,130,0.25,0.6,0.6,5.46,0,40000,4.05,0.1,0.25,0.5,6,0.7,2,0.1,87727,5772,4187,81955,1183,6826,61,-2390
Montreal,SSP245,2050,0.01,0.01,0.6,0.2,0.2,130,0.21,0.2,0.4,6.46,6000,35000,4.05,0.15,0.25,1.5,0,0.7,2,0.1,86905,6986,2994,79920,1153,4527,66,-2164
Montreal,SSP245,2050,0.05,0.01,0.6,0.2,0.2,130,0.25,0.4,0.3,5.46,6000,50000,4.05,0.4,0.5,0.5,8,0.7,8,0.1,87727,5772,4017,81955,1183,4681,86,-3092
Montreal,SSP245,2050,0.01,0.05,0.6,0.2,0.2,130,0.21,0.1,0.1,5.96,0,30000,4.55,0.2,1.5,0.75,6,0.7,2,0.1,86905,7671,3324,79235,1143,6671,50,-1808
Montreal,SSP245,2050,0.05,0.05,0.6,0.2,0.2,130,0.25,0.1,0.1,5.96,2000,30000,4.05,0.1,1.5,0.75,4,0.7,2,0.1,87727,6457,3457,81270,1172,6826,51,-1811
Montreal,SSP585,2025,0.01,0.01,0.6,0.2,0.2,130,0.25,0.7,0.4,5.46,4000,20000,4.55,0.1,1,1.5,4,0.7,8,0.1,87812,7142,2200,80670,1164,4568,48,-1317
Montreal,SSP585,2025,0.05,0.01,0.6,0.2,0.2,130,0.25,0.4,0.6,5.46,6000,35000,4.05,0.2,0.25,1.25,4,0.7,8,0.1,87812,5772,3183,82040,1184,4711,68,-2233
Montreal,SSP585,2025,0.01,0.05,0.6,0.2,0.2,130,0.25,0.5,0.6,5.46,6000,40000,4.05,0.35,0.75,0.75,10,0.7,10,0.1,87812,5772,4624,82040,1184,6747,69,-2613
Montreal,SSP585,2025,0.05,0.05,0.6,0.2,0.2,130,0.25,0.7,0.6,5.46,8000,30000,4.05,0.15,0.25,1.5,2,0.7,6,0.1,87812,5772,3780,82040,1184,6890,55,-1984
Montreal,SSP585,2025,0.01,0.01,0.6,0.2,0.2,130,0.25,0.2,0.3,5.46,4000,25000,4.05,0.35,1.25,1,2,0.7,4,0.1,87812,5772,2761,82040,1184,4568,60,-1554
Montreal,SSP585,2025,0.05,0.01,0.6,0.2,0.2,130,0.25,0.7,0.3,5.46,2000,35000,4.05,0.3,0.25,1.25,8,0.6,8,0.1,82887,5772,3001,77115,1113,4711,64,-2169
Montreal,SSP585,2025,0.01,0.05,0.6,0.2,0.2,130,0.17,0.2,0.1,5.46,4000,50000,4.05,0.15,1.5,0.5,6,0.7,8,0.1,86181,5460,5084,80721,1165,6747,75,-3147
Montreal,SSP585,2025,0.05,0.05,0.6,0.2,0.2,130,0.25,0.2,0.4,5.46,2000,40000,4.05,0.1,1.5,1.5,4,0.7,4,0.1,87812,5772,4241,82040,1184,6890,62,-2454
Montreal,SSP585,2025,0.01,0.01,0.6,0.2,0.2,130,0.25,0.2,0.1,5.96,6000,20000,4.05,0.2,1.5,1,2,0.7,8,0.1,87812,6457,2363,81355,1174,4568,52,-1317
Montreal,SSP585,2025,0.05,0.01,0.6,0.2,0.2,130,0.25,0.1,0.2,5.46,6000,30000,4.05,0.4,1,1.25,4,0.7,8,0.1,87812,5772,2872,82040,1184,4711,61,-1911
Montreal,SSP585,2025,0.01,0.05,0.6,0.2,0.2,130,0.25,0.7,0.6,5.46,0,30000,4.55,0.3,1,0.75,4,0.7,0,0.1,87812,7142,3478,80670,1164,6747,52,-1768
Montreal,SSP585,2025,0.05,0.05,0.6,0.2,0.2,130,0.25,0.1,0.4,5.46,8000,20000,4.55,0.2,0.75,0.75,0,0.7,8,0.1,87812,7142,2911,80670,1164,6890,42,-1429
Montreal,SSP585,2025,0.01,0.01,0.6,0.2,0.2,130,0.25,0.6,0.4,5.46,6000,30000,4.05,0.1,0.25,1,4,0.7,4,0.1,87812,5772,3074,82040,1184,4568,67,-1881
Montreal,SSP585,2025,0.05,0.01,0.6,0.2,0.2,130,0.25,0.3,0.6,5.46,0,45000,4.55,0.35,0.75,1,2,0.7,8,0.1,87812,7142,3400,80670,1164,4711,72,-2793
Montreal,SSP585,2025,0.01,0.05,0.6,0.2,0.2,130,0.25,0.4,0.4,5.46,10000,35000,4.05,0.3,0.5,0.5,4,0.7,6,0.1,87812,5772,4293,82040,1184,6747,64,-2280
Montreal,SSP585,2025,0.05,0.05,0.6,0.2,0.2,130,0.25,0.1,0.3,5.46,0,45000,4.05,0.3,1.5,1,6,0.7,4,0.1,87812,5772,4517,82040,1184,6890,66,-2736
Montreal,SSP585,2025,0.01,0.01,0.6,0.2,0.2,130,0.25,0.1,0.3,5.46,2000,30000,4.05,0.15,1.25,1,6,0.7,2,0.1,87812,5772,2998,82040,1184,4568,66,-1797
Montreal,SSP585,2025,0.05,0.01,0.6,0.2,0.2,130,0.25,0.1,0.6,5.46,2000,20000,4.05,0.25,1,1,2,0.7,0,0.1,87812,5772,2176,82040,1184,4711,46,-1185
Montreal,SSP585,2025,0.01,0.05,0.6,0.2,0.2,130,0.25,0.6,0.1,5.46,2000,20000,4.05,0.15,1.25,1.25,2,0.7,4,0.1,87812,5772,3346,82040,1184,6747,50,-1284
Montreal,SSP585,2025,0.05,0.05,0.6,0.2,0.2,130,0.25,0.2,0.5,5.46,10000,25000,4.05,0.1,1.5,0.5,0,0.7,0,0.1,87812,5772,3303,82040,1184,6890,48,-1501
Montreal,SSP585,2030,0.01,0.01,0.6,0.2,0.2,130,0.25,0.5,0.6,5.46,8000,20000,4.05,0.4,0.25,1,4,0.7,10,0.1,89267,5772,2651,83496,1205,4577,58,-1400
Montreal,SSP585,2030,0.05,0.01,0.6,0.2,0.2,130,0.25,0.5,0.6,5.46,10000,45000,4.05,0.3,0.75,1.5,6,0.7,8,0.1,89267,5772,3781,83496,1205,4723,80,-2822
Montreal,SSP585,2030,0.01,0.05,0.6,0.2,0.2,130,0.25,0.7,0.2,5.46,8000,40000,4.05,0.35,0.75,1.25,2,0.7,0,0.1,89267,5772,4478,83496,1205,6756,66,-2416
Montreal,SSP585,2030,0.05,0.05,0.6,0.2,0.2,130,0.21,0.3,0.5,5.46,6000,35000,4.05,0.25,0.75,1.5,8,0.7,2,0.1,88416,5616,3925,82800,1195,6902,57,-2112
Montreal,SSP585,2030,0.01,0.01,0.6,0.2,0.2,130,0.25,0.1,0.1,5.46,4000,20000,4.05,0.25,0.5,1.25,8,0.7,10,0.1,89267,5772,2603,83496,1205,4577,57,-1344
Montreal,SSP585,2030,0.05,0.01,0.6,0.2,0.2,130,0.25,0.6,0.2,5.46,6000,35000,4.55,0.3,1,1,10,0.7,6,0.1,89267,7142,2790,82126,1185,4723,59,-2137
Montreal,SSP585,2030,0.01,0.05,0.6,0.2,0.2,130,0.25,0.6,0.1,5.46,0,40000,4.05,0.4,0.75,0.75,6,0.7,4,0.1,89267,5772,4531,83496,1205,6756,67,-2453
Montreal,SSP585,2030,0.05,0.05,0.6,0.2,0.2,130,0.25,0.4,0.3,5.46,0,20000,4.05,0.1,0.25,1.5,4,0.7,0,0.1,89267,5772,3049,83496,1205,6902,44,-1163
Montreal,SSP585,2030,0.01,0.01,0.6,0.2,0.2,130,0.25,0.3,0.5,5.46,4000,20000,4.05,0.15,1.25,1.5,10,0.7,4,0.1,89267,5772,2480,83496,1205,4577,54,-1222
Montreal,SSP585,2030,0.05,0.01,0.6,0.2,0.2,130,0.25,0.7,0.4,5.46,2000,35000,4.05,0.4,0.75,1.5,6,0.7,4,0.1,89267,5772,3115,83496,1205,4723,66,-2118
Montreal,SSP585,2030,0.01,0.05,0.6,0.2,0.2,130,0.25,0.5,0.4,5.46,2000,50000,4.05,0.25,1.5,1.5,4,0.7,0,0.1,89267,5772,5014,83496,1205,6756,74,-2961
Montreal,SSP585,2030,0.05,0.05,0.6,0.2,0.2,130,0.25,0.7,0.6,5.96,0,30000,4.05,0.15,0.5,0.75,10,0.7,2,0.1,89267,6457,3464,82811,1195,6902,50,-1767
Montreal,SSP585,2030,0.01,0.01,0.6,0.2,0.2,130,0.25,0.5,0.4,5.46,10000,25000,4.05,0.15,1.5,0.75,4,0.7,4,0.1,89267,5772,2784,83496,1205,4577,61,-1548
Montreal,SSP585,2030,0.05,0.01,0.6,0.2,0.2,130,0.25,0.7,0.1,5.46,10000,30000,4.05,0.2,0.25,1,8,0.7,6,0.1,89267,5772,2901,83496,1205,4723,61,-1911
Montreal,SSP585,2030,0.01,0.05,0.6,0.2,0.2,130,0.17,0.4,0.1,5.46,2000,20000,4.05,0.25,0.25,0.75,0,0.7,0,0.1,87608,5460,3266,82148,1185,6756,48,-1207
Montreal,SSP585,2030,0.05,0.05,0.6,0.2,0.2,130,0.25,0.4,0.6,5.46,8000,35000,4.05,0.25,0.75,0.75,0,0.7,8,0.1,89267,5772,4162,83496,1205,6902,60,-2325
Montreal,SSP585,2030,0.01,0.01,0.6,0.2,0.2,130,0.25,0.1,0.6,5.46,4000,25000,4.05,0.4,1.25,1,6,0.7,2,0.1,89267,5772,2753,83496,1205,4577,60,-1505
Montreal,SSP585,2030,0.05,0.01,0.6,0.2,0.2,130,0.21,0.4,0.6,5.96,6000,35000,4.05,0.25,0.5,0.75,2,0.7,4,0.1,88416,6301,2976,82115,1185,4723,63,-2175
Montreal,SSP585,2030,0.01,0.05,0.6,0.2,0.2,130,0.25,0.1,0.6,5.46,6000,45000,4.55,0.15,0.5,1.25,10,0.7,6,0.1,89267,7142,4544,82126,1185,6756,67,-2824
Montreal,SSP585,2030,0.05,0.05,0.6,0.2,0.2,130,0.25,0.4,0.3,5.46,6000,30000,4.55,0.2,0.25,1.5,0,0.7,6,0.1,89267,7142,3500,82126,1185,6902,51,-1983
Montreal,SSP585,2035,0.01,0.01,0.6,0.2,0.2,130,0.25,0.1,0.2,5.96,0,20000,4.05,0.1,1.25,1,10,0.7,10,0.1,82876,6457,2239,76419,1102,4310,52,-1301
Montreal,SSP585,2035,0.05,0.01,0.6,0.2,0.2,130,0.25,0.2,0.3,5.46,2000,35000,4.05,0.15,0.5,1,8,0.6,4,0.1,77777,5772,2835,72006,1039,4446,64,-2108
Montreal,SSP585,2035,0.01,0.05,0.6,0.2,0.2,130,0.25,0.5,0.6,5.46,6000,35000,4.05,0.4,0.5,1.5,0,0.7,8,0.1,82876,5772,4162,77104,1112,6358,65,-2308
Montreal,SSP585,2035,0.05,0.05,0.6,0.2,0.2,130,0.25,0.5,0.5,5.46,4000,30000,4.05,0.2,0.5,1.25,6,0.7,10,0.1,82876,5772,3664,77104,1112,6495,56,-2006
Montreal,SSP585,2035,0.01,0.01,0.6,0.2,0.2,130,0.25,0.3,0.3,5.46,0,30000,4.05,0.35,0.5,0.5,6,0.7,10,0.1,82876,5772,2997,77104,1112,4310,70,-1912
Montreal,SSP585,2035,0.05,0.01,0.6,0.2,0.2,130,0.25,0.4,0.6,5.46,6000,30000,4.05,0.1,1.5,1.5,10,0.7,2,0.1,82876,5772,2625,77104,1112,4446,59,-1763
Montreal,SSP585,2035,0.01,0.05,0.6,0.2,0.2,130,0.25,0.6,0.3,5.46,4000,35000,4.05,0.4,1.25,1.25,2,0.7,8,0.1,82876,5772,4128,77104,1112,6358,65,-2270
Montreal,SSP585,2035,0.05,0.05,0.6,0.2,0.2,130,0.25,0.6,0.2,5.46,4000,50000,4.05,0.1,0.5,1,6,0.7,4,0.1,82876,5772,4675,77104,1112,6495,72,-3059
Montreal,SSP585,2035,0.01,0.01,0.6,0.2,0.2,130,0.25,0.1,0.4,5.46,4000,30000,4.05,0.35,0.25,1.5,10,0.7,10,0.1,82876,5772,3005,77104,1112,4310,70,-1929
Montreal,SSP585,2035,0.05,0.01,0.6,0.2,0.2,130,0.25,0.7,0.4,5.46,0,30000,4.05,0.15,0.75,0.5,8,0.7,8,0.1,82876,5772,2732,77104,1112,4446,61,-1857
Montreal,SSP585,2035,0.01,0.05,0.6,0.2,0.2,130,0.25,0.2,0.3,5.96,10000,45000,4.05,0.15,0.75,0.5,8,0.7,8,0.1,82876,6457,4542,76419,1102,6358,71,-2886
Montreal,SSP585,2035,0.05,0.05,0.6,0.2,0.2,130,0.25,0.5,0.4,5.46,0,25000,4.05,0.4,1.25,0.5,8,0.7,10,0.1,82876,5772,3346,77104,1112,6495,52,-1669
Montreal,SSP585,2035,0.01,0.01,0.6,0.2,0.2,130,0.25,0.4,0.6,5.96,10000,40000,4.05,0.3,0.5,0.5,4,0.7,2,0.1,82876,6457,3339,76419,1102,4310,77,-2464
Montreal,SSP585,2035,0.05,0.01,0.6,0.2,0.2,130,0.21,0.3,0.6,5.46,4000,20000,4.05,0.1,0.75,1.25,2,0.7,10,0.1,82053,5616,2218,76438,1103,4446,50,-1349
Montreal,SSP585,2035,0.01,0.05,0.6,0.2,0.2,130,0.25,0.5,0.2,5.46,2000,40000,4.05,0.4,0.25,1,0,0.7,0,0.1,82876,5772,4249,77104,1112,6358,67,-2398
Montreal,SSP585,2035,0.05,0.05,0.6,0.2,0.2,130,0.25,0.2,0.1,5.46,10000,20000,4.05,0.35,0.5,0.75,8,0.7,4,0.1,82876,5772,2969,77104,1112,6495,46,-1302
Montreal,SSP585,2035,0.01,0.01,0.6,0.2,0.2,130,0.25,0.2,0.3,5.46,4000,30000,4.55,0.3,0.5,1.5,4,0.7,2,0.1,82876,7142,2569,75734,1092,4310,60,-1827
Montreal,SSP585,2035,0.05,0.01,0.6,0.2,0.2,130,0.25,0.1,0.2,5.46,4000,25000,4.05,0.15,1,0.5,4,0.7,10,0.1,82876,5772,2507,77104,1112,4446,56,-1631
Montreal,SSP585,2035,0.01,0.05,0.6,0.2,0.2,130,0.25,0.7,0.1,5.96,0,25000,4.05,0.4,1.5,0.5,4,0.7,10,0.1,82876,6457,3422,76419,1102,6358,54,-1702
Montreal,SSP585,2035,0.05,0.05,0.6,0.2,0.2,130,0.25,0.3,0.6,5.46,4000,50000,4.05,0.1,0.75,0.75,0,0.7,4,0.1,82876,5772,4706,77104,1112,6495,72,-3090
Montreal,SSP585,2040,0.01,0.01,0.6,0.2,0.2,130,0.25,0.2,0.5,5.46,4000,30000,4.05,0.1,1.5,0.5,2,0.7,8,0.1,72035,5772,2648,66264,956,3770,70,-1888
Montreal,SSP585,2040,0.05,0.01,0.6,0.2,0.2,130,0.25,0.4,0.6,5.46,2000,20000,4.05,0.2,0.25,1,2,0.7,0,0.1,72035,5772,1790,66264,956,3937,45,-1196
Montreal,SSP585,2040,0.01,0.05,0.6,0.2,0.2,130,0.25,0.7,0.6,5.46,2000,25000,4.05,0.4,0.5,1.5,2,0.7,8,0.1,72035,5772,3117,66264,956,5504,57,-1654
Montreal,SSP585,2040,0.05,0.05,0.6,0.2,0.2,130,0.25,0.2,0.2,5.46,4000,25000,4.05,0.2,1,1.25,2,0.7,6,0.1,72035,5772,2881,66264,956,5670,51,-1613
Montreal,SSP585,2040,0.01,0.01,0.6,0.2,0.2,130,0.21,0.1,0.1,5.46,8000,25000,4.05,0.4,1.5,0.5,4,0.6,2,0.1,66970,5616,2150,61355,885,3770,57,-1510
Montreal,SSP585,2040,0.05,0.01,0.6,0.2,0.2,130,0.17,0.2,0.4,5.46,10000,35000,4.05,0.15,1.25,1.5,6,0.7,0,0.1,70773,5460,2597,65313,942,3937,66,-2078
Montreal,SSP585,2040,0.01,0.05,0.6,0.2,0.2,130,0.25,0.5,0.2,5.46,10000,30000,4.55,0.15,0.5,1.5,4,0.7,2,0.1,72035,7142,2981,64894,936,5504,54,-1880
Montreal,SSP585,2040,0.05,0.05,0.6,0.2,0.2,130,0.25,0.5,0.1,5.46,0,25000,4.05,0.25,0.75,0.75,4,0.7,6,0.1,72035,5772,2862,66264,956,5670,50,-1586
Montreal,SSP585,2040,0.01,0.01,0.6,0.2,0.2,130,0.25,0.2,0.4,5.46,6000,20000,4.05,0.4,1,0.75,0,0.7,0,0.1,72035,5772,1992,66264,956,3770,53,-1215
Montreal,SSP585,2040,0.05,0.01,0.6,0.2,0.2,130,0.25,0.7,0.1,5.96,0,25000,4.05,0.15,1.5,1,2,0.7,10,0.1,72035,6457,2028,65579,946,3937,52,-1608
Montreal,SSP585,2040,0.01,0.05,0.6,0.2,0.2,130,0.25,0.1,0.6,5.46,2000,30000,4.05,0.15,1,0.75,6,0.7,0,0.1,72035,5772,3225,66264,956,5504,59,-1772
Montreal,SSP585,2040,0.05,0.05,0.6,0.2,0.2,130,0.25,0.6,0.1,5.96,6000,35000,4.05,0.1,0.5,0.75,10,0.7,10,0.1,72035,6457,3344,65579,946,5670,59,-2269
Montreal,SSP585,2040,0.01,0.01,0.6,0.2,0.2,130,0.25,0.1,0.4,5.46,0,20000,4.55,0.25,0.25,1,6,0.6,0,0.1,67633,7142,1519,60491,872,3770,40,-1171
Montreal,SSP585,2040,0.05,0.01,0.6,0.2,0.2,130,0.25,0.6,0.4,5.46,6000,30000,4.05,0.25,0.25,0.75,2,0.7,4,0.1,72035,5772,2441,66264,956,3937,62,-1876
Montreal,SSP585,2040,0.01,0.05,0.6,0.2,0.2,130,0.25,0.2,0.2,5.46,4000,25000,4.05,0.15,0.5,1,6,0.7,2,0.1,72035,5772,2993,66264,956,5504,54,-1534
Montreal,SSP585,2040,0.05,0.05,0.6,0.2,0.2,130,0.25,0.6,0.6,5.46,6000,20000,4.05,0.4,0.75,0.75,4,0.7,10,0.1,72035,5772,2675,66264,956,5670,47,-1401
Montreal,SSP585,2040,0.01,0.01,0.6,0.2,0.2,130,0.21,0.6,0.3,5.46,2000,25000,4.05,0.2,1.25,0.5,4,0.7,10,0.1,71388,5616,2368,65773,949,3770,63,-1609
Montreal,SSP585,2040,0.05,0.01,0.6,0.2,0.2,130,0.21,0.7,0.3,5.46,6000,45000,4.05,0.15,1.5,1.25,10,0.7,6,0.1,71388,5616,3229,65773,949,3937,82,-2709
Montreal,SSP585,2040,0.01,0.05,0.6,0.2,0.2,130,0.17,0.2,0.4,5.46,10000,25000,4.05,0.2,0.25,1.25,4,0.7,6,0.1,70773,5460,3078,65313,942,5504,56,-1674
Montreal,SSP585,2040,0.05,0.05,0.6,0.2,0.2,130,0.25,0.1,0.1,5.46,8000,20000,4.05,0.3,1,1,2,0.7,4,0.1,72035,5772,2562,66264,956,5670,45,-1292
Montreal,SSP585,2045,0.01,0.01,0.6,0.2,0.2,130,0.25,0.7,0.5,5.96,4000,30000,4.05,0.1,1,0.75,10,0.7,6,0.1,74133,6457,2504,67677,976,3905,64,-1846
Montreal,SSP585,2045,0.05,0.01,0.6,0.2,0.2,130,0.25,0.7,0.5,5.96,4000,20000,4.05,0.1,1.5,0.75,4,0.7,0,0.1,74133,6457,1659,67677,976,4071,41,-1173
Montreal,SSP585,2045,0.01,0.05,0.6,0.2,0.2,130,0.25,0.4,0.2,5.46,10000,20000,5.05,0.3,0.25,1.5,2,0.7,2,0.1,74133,8512,2179,65622,946,5710,38,-1306
Montreal,SSP585,2045,0.05,0.05,0.6,0.2,0.2,130,0.13,0.1,0.4,6.46,4000,20000,4.05,0.2,0.75,0.5,2,0.7,0,0.1,72108,6674,2163,65434,944,5876,37,-1202
Montreal,SSP585,2045,0.01,0.01,0.6,0.2,0.2,130,0.17,0.7,0.1,5.46,0,20000,4.55,0.4,0.5,0.5,6,0.7,0,0.1,72737,6830,1655,65908,950,3905,42,-1169
Montreal,SSP585,2045,0.05,0.01,0.6,0.2,0.2,130,0.25,0.6,0.6,5.46,2000,35000,4.05,0.3,1.5,0.75,4,0.7,8,0.1,74133,5772,2797,68362,986,4071,69,-2171
Montreal,SSP585,2045,0.01,0.05,0.6,0.2,0.2,130,0.25,0.4,0.3,5.96,10000,25000,4.05,0.3,0.5,1.5,10,0.7,4,0.1,74133,6457,2966,67677,976,5710,52,-1602
Montreal,SSP585,2045,0.05,0.05,0.6,0.2,0.2,130,0.25,0.5,0.4,5.46,10000,30000,4.05,0.4,1,1.25,2,0.7,2,0.1,74133,5772,3185,68362,986,5876,54,-1857
Montreal,SSP585,2045,0.01,0.01,0.6,0.2,0.2,130,0.25,0.6,0.5,5.46,8000,45000,4.05,0.2,0.5,1.5,8,0.7,4,0.1,74133,5772,3543,68362,986,3905,91,-2758
Montreal,SSP585,2045,0.05,0.01,0.6,0.2,0.2,130,0.25,0.7,0.4,5.46,0,20000,4.55,0.4,0.75,0.75,6,0.7,0,0.1,74133,7142,1484,66992,966,4071,36,-1157
Montreal,SSP585,2045,0.01,0.05,0.6,0.2,0.2,130,0.21,0.6,0.5,5.46,4000,25000,4.05,0.15,1,0.5,6,0.7,4,0.1,73420,5616,3084,67804,978,5710,54,-1564
Montreal,SSP585,2045,0.05,0.05,0.6,0.2,0.2,130,0.25,0.4,0.2,5.46,4000,25000,4.05,0.3,1.25,0.5,4,0.7,2,0.1,74133,5772,2869,68362,986,5876,49,-1518
Montreal,SSP585,2045,0.01,0.01,0.6,0.2,0.2,130,0.25,0.2,0.3,5.46,2000,25000,4.05,0.2,1.25,0.5,2,0.7,2,0.1,74133,5772,2353,68362,986,3905,60,-1513
Montreal,SSP585,2045,0.05,0.01,0.6,0.2,0.2,130,0.25,0.6,0.5,5.46,0,20000,4.55,0.4,0.25,1.5,0,0.7,4,0.1,74133,7142,1571,66992,966,4071,39,-1244
Montreal,SSP585,2045,0.01,0.05,0.6,0.2,0.2,130,0.25,0.1,0.3,5.46,4000,20000,4.05,0.2,1.25,1.5,2,0.7,2,0.1,74133,5772,2790,68362,986,5710,49,-1235
Montreal,SSP585,2045,0.05,0.05,0.6,0.2,0.2,130,0.13,0.6,0.2,5.46,2000,25000,4.05,0.25,0.25,1.25,0,0.7,0,0.1,72108,5304,2795,66804,964,5876,48,-1505
Montreal,SSP585,2045,0.01,0.01,0.6,0.2,0.2,130,0.25,0.4,0.5,5.46,10000,20000,4.05,0.25,0.25,1.25,10,0.7,10,0.1,74133,5772,2204,68362,986,3905,56,-1370
Montreal,SSP585,2045,0.05,0.01,0.6,0.2,0.2,130,0.21,0.4,0.1,6.46,4000,25000,4.05,0.3,0.25,1.5,0,0.7,10,0.1,73420,6986,1946,66434,958,4071,48,-1654
Montreal,SSP585,2045,0.01,0.05,0.6,0.2,0.2,130,0.25,0.5,0.2,5.46,4000,35000,5.05,0.15,0.75,1,6,0.7,8,0.1,74133,8512,3101,65622,946,5710,54,-2248
Montreal,SSP585,2045,0.05,0.05,0.6,0.2,0.2,130,0.25,0.2,0.5,5.46,4000,30000,4.05,0.4,1.25,1.5,4,0.7,0,0.1,74133,5772,3115,68362,986,5876,53,-1774
Montreal,SSP585,2050,0.01,0.01,0.6,0.2,0.2,130,0.25,0.2,0.3,5.96,10000,30000,4.05,0.3,0.5,0.5,4,0.7,4,0.1,72792,6457,2506,66335,957,3766,67,-1893
Montreal,SSP585,2050,0.05,0.01,0.6,0.2,0.2,130,0.25,0.5,0.2,5.46,6000,30000,4.05,0.35,1.5,1.5,4,0.7,2,0.1,72792,5772,2401,67020,967,3945,61,-1798
Montreal,SSP585,2050,0.01,0.05,0.6,0.2,0.2,130,0.25,0.7,0.4,5.46,2000,35000,4.05,0.4,1.25,1.25,4,0.7,2,0.2,72833,7722,3366,65111,939,5483,61,-2120
Montreal,SSP585,2050,0.05,0.05,0.6,0.2,0.2,130,0.25,0.7,0.3,5.46,4000,20000,4.55,0.15,0.25,1.25,4,0.7,8,0.2,72833,9092,2191,63741,919,5663,39,-1371
Montreal,SSP585,2050,0.01,0.01,0.6,0.2,0.2,130,0.25,0.3,0.1,5.46,6000,40000,4.05,0.1,1.5,0.5,10,0.7,8,0.1,72792,5772,3227,67020,967,3766,86,-2459
Montreal,SSP585,2050,0.05,0.01,0.6,0.2,0.2,130,0.25,0.7,0.4,5.46,10000,20000,4.05,0.25,1.25,1.25,8,0.7,10,0.1,72792,5772,1921,67020,967,3945,49,-1306
Montreal,SSP585,2050,0.01,0.05,0.6,0.2,0.2,130,0.25,0.4,0.2,5.46,0,35000,4.05,0.1,1.25,1.5,0,0.7,10,0.1,72792,5772,3772,67020,967,5483,69,-2285
Montreal,SSP585,2050,0.05,0.05,0.6,0.2,0.2,130,0.25,0.4,0.6,5.46,8000,20000,4.05,0.35,1.5,1.25,4,0.7,8,0.1,72792,5772,2655,67020,967,5663,47,-1340
Montreal,SSP585,2050,0.01,0.01,0.6,0.2,0.2,130,0.25,0.4,0.3,5.46,2000,30000,4.05,0.25,1.25,0.5,10,0.7,2,0.1,72792,5772,2580,67020,967,3766,69,-1782
Montreal,SSP585,2050,0.05,0.01,0.6,0.2,0.2,130,0.25,0.6,0.6,5.46,2000,25000,4.05,0.1,1.5,1.25,8,0.7,2,0.1,72792,5772,2095,67020,967,3945,53,-1474
Montreal,SSP585,2050,0.01,0.05,0.6,0.2,0.2,130,0.25,0.4,0.3,5.96,6000,35000,4.05,0.3,0.5,0.5,8,0.7,6,0.1,72792,6457,3524,66335,957,5483,64,-2217
Montreal,SSP585,2050,0.05,0.05,0.6,0.2,0.2,130,0.25,0.2,0.2,5.46,0,30000,4.55,0.2,1.5,1,0,0.6,0,0.1,68553,7142,2634,61412,885,5663,47,-1786
Montreal,SSP585,2050,0.01,0.01,0.6,0.2,0.2,130,0.21,0.1,0.4,5.46,0,25000,4.05,0.1,1,0.5,2,0.7,2,0.1,72100,5616,2303,66484,959,3766,61,-1507
Montreal,SSP585,2050,0.05,0.01,0.6,0.2,0.2,130,0.25,0.5,0.5,5.46,2000,25000,4.05,0.35,1.5,0.5,0,0.7,8,0.1,72792,5772,2218,67020,967,3945,56,-1596
Montreal,SSP585,2050,0.01,0.05,0.6,0.2,0.2,130,0.25,0.2,0.2,5.46,6000,20000,4.05,0.3,1.5,0.75,6,0.7,8,0.2,72833,7722,2615,65111,939,5483,48,-1346
Montreal,SSP585,2050,0.05,0.05,0.6,0.2,0.2,130,0.25,0.4,0.5,5.46,4000,30000,4.05,0.1,1.25,1.25,8,0.7,10,0.1,72792,5772,3257,67020,967,5663,58,-1955
Montreal,SSP585,2050,0.01,0.01,0.6,0.2,0.2,130,0.25,0.2,0.5,5.46,10000,50000,4.05,0.25,1.25,1.25,0,0.7,10,0.1,72792,5772,3874,67020,967,3766,103,-3136
Montreal,SSP585,2050,0.05,0.01,0.6,0.2,0.2,130,0.25,0.7,0.4,5.46,6000,20000,4.05,0.4,0.75,0.5,10,0.7,10,0.1,72792,5772,1925,67020,967,3945,49,-1301
Montreal,SSP585,2050,0.01,0.05,0.6,0.2,0.2,130,0.25,0.3,0.3,5.46,4000,35000,4.05,0.1,1.25,1,8,0.7,0,0.1,72792,5772,3544,67020,967,5483,65,-2066
Montreal,SSP585,2050,0.05,0.05,0.6,0.2,0.2,130,0.25,0.7,0.1,5.46,4000,25000,4.05,0.3,0.25,0.5,10,0.7,10,0.1,72792,5772,2981,67020,967,5663,53,-1669
Saskatoon,SSP126,2025,0.01,0.01,0.6,0.2,0.2,130,0.25,0.2,0.3,6.17,4000,30000,4.76,0.15,1,1.5,10,0.7,0,0.6,98171,13988,940,84183,1213,4030,23,-1804
Saskatoon,SSP126,2025,0.05,0.01,0.6,0.2,0.2,130,0.21,0.6,0.3,6.17,6000,35000,4.76,0.3,0.5,1,6,0.6,4,0.6,93924,13832,1265,80092,1154,4593,28,-2158
Saskatoon,SSP126,2025,0.01,0.05,0.6,0.2,0.2,130,0.25,0.4,0.5,6.17,2000,25000,4.76,0.25,0.75,1.25,10,0.7,6,0.6,98171,13988,1101,84183,1213,5505,20,-1567
Saskatoon,SSP126,2025,0.05,0.05,0.6,0.2,0.2,130,0.25,0.2,0.6,6.17,4000,20000,4.76,0.4,0.25,0.5,6,0.7,4,0.6,98171,13988,816,84183,1213,6068,13,-1269
Saskatoon,SSP126,2025,0.01,0.01,0.6,0.2,0.2,130,0.25,0.5,0.6,6.67,4000,35000,4.76,0.15,0.75,1.5,10,0.7,4,0.6,98171,14673,1094,83498,1203,4030,27,-2136
Saskatoon,SSP126,2025,0.05,0.01,0.6,0.2,0.2,130,0.25,0.3,0.2,6.17,10000,25000,4.76,0.3,0.75,1.25,0,0.7,0,0.6,98171,13988,684,84183,1213,4593,15,-1543
Saskatoon,SSP126,2025,0.01,0.05,0.6,0.2,0.2,130,0.25,0.3,0.5,6.17,0,35000,4.76,0.4,1.5,1.5,8,0.7,6,0.6,98171,13988,1668,84183,1213,5505,30,-2151
Saskatoon,SSP126,2025,0.05,0.05,0.6,0.2,0.2,130,0.21,0.1,0.6,6.17,4000,40000,5.26,0.35,0.75,0.75,4,0.7,0,0.6,97620,15202,1579,82419,1187,6068,26,-2405
Saskatoon,SSP126,2025,0.01,0.01,0.6,0.2,0.2,130,0.25,0.3,0.6,6.17,2000,20000,4.76,0.4,0.75,1,0,0.6,6,0.6,94465,13988,350,80477,1159,4030,9,-1243
Saskatoon,SSP126,2025,0.05,0.01,0.6,0.2,0.2,130,0.25,0.2,0.3,6.17,0,35000,4.76,0.4,1.5,0.75,10,0.7,2,0.6,98171,13988,1241,84183,1213,4593,27,-2100
Saskatoon,SSP126,2025,0.01,0.05,0.6,0.2,0.2,130,0.25,0.1,0.1,6.17,2000,20000,4.76,0.2,0.5,1.25,6,0.7,6,0.6,98171,13988,816,84183,1213,5505,15,-1272
Saskatoon,SSP126,2025,0.05,0.05,0.6,0.2,0.2,130,0.25,0.6,0.5,6.17,8000,25000,4.76,0.25,1,0.5,2,0.7,2,0.6,98171,13988,1071,84183,1213,6068,18,-1544
Saskatoon,SSP126,2025,0.01,0.01,0.6,0.2,0.2,130,0.25,0.1,0.4,6.17,10000,25000,4.76,0.1,1.5,1.25,0,0.7,8,0.6,98171,13988,693,84183,1213,4030,17,-1559
Saskatoon,SSP126,2025,0.05,0.01,0.6,0.2,0.2,130,0.21,0.6,0.6,7.17,0,25000,4.76,0.3,0.75,1.5,8,0.7,8,0.6,97620,15202,386,82419,1187,4593,8,-1549
Saskatoon,SSP126,2025,0.01,0.05,0.6,0.2,0.2,130,0.21,0.1,0.5,6.17,6000,35000,4.76,0.25,1,1.25,8,0.6,8,0.6,93924,13832,1619,80092,1154,5505,29,-2196
Saskatoon,SSP126,2025,0.05,0.05,0.6,0.2,0.2,130,0.25,0.6,0.6,6.67,4000,45000,4.76,0.4,1,0.5,10,0.7,6,0.6,98171,14673,2090,83498,1203,6068,34,-2764
Saskatoon,SSP126,2025,0.01,0.01,0.6,0.2,0.2,130,0.21,0.6,0.5,6.17,4000,25000,4.76,0.4,0.5,1.5,6,0.5,6,0.6,89533,13832,581,75701,1090,4030,14,-1560
Saskatoon,SSP126,2025,0.05,0.01,0.6,0.2,0.2,130,0.25,0.5,0.4,7.17,4000,30000,6.26,0.35,1.5,0.5,2,0.6,6,0.6,94465,19468,-395,74997,1079,4593,-9,-1834
Saskatoon,SSP126,2025,0.01,0.05,0.6,0.2,0.2,130,0.25,0.6,0.6,6.17,4000,20000,4.76,0.2,1.5,0.5,0,0.7,4,0.6,98171,13988,780,84183,1213,5505,14,-1240
Saskatoon,SSP126,2025,0.05,0.05,0.6,0.2,0.2,130,0.25,0.1,0.6,6.17,4000,35000,4.76,0.35,0.5,1,8,0.7,2,0.6,98171,13988,1650,84183,1213,6068,27,-2135
Saskatoon,SSP126,2030,0.01,0.01,0.6,0.2,0.2,130,0.25,0.4,0.3,6.67,0,25000,4.76,0.4,0.25,0.5,10,0.7,4,0.6,92709,14673,381,78037,1124,3805,10,-1516
Saskatoon,SSP126,2030,0.05,0.01,0.6,0.2,0.2,130,0.25,0.6,0.5,6.17,0,20000,4.76,0.4,0.25,0.5,6,0.7,2,0.6,92709,13988,251,78722,1134,4325,6,-1205
Saskatoon,SSP126,2030,0.01,0.05,0.6,0.2,0.2,130,0.25,0.6,0.5,6.17,2000,50000,4.76,0.35,1.25,1,10,0.7,2,0.6,92709,13988,2341,78722,1134,5204,45,-3004
Saskatoon,SSP126,2030,0.05,0.05,0.6,0.2,0.2,130,0.21,0.2,0.6,6.67,2000,25000,4.76,0.15,0.5,0.75,8,0.7,2,0.6,92166,14517,756,77649,1118,5724,13,-1525
Saskatoon,SSP126,2030,0.01,0.01,0.6,0.2,0.2,130,0.25,0.3,0.4,6.17,0,30000,4.76,0.3,0.5,1.5,2,0.7,0,0.6,92709,13988,807,78722,1134,3805,21,-1786
Saskatoon,SSP126,2030,0.05,0.01,0.6,0.2,0.2,130,0.25,0.6,0.4,6.17,8000,30000,4.76,0.25,1,0.75,4,0.7,2,0.6,92709,13988,841,78722,1134,4325,19,-1833
Saskatoon,SSP126,2030,0.01,0.05,0.6,0.2,0.2,130,0.21,0.7,0.5,6.17,4000,30000,4.76,0.25,0.25,0.75,8,0.7,6,0.6,92166,13832,1254,78334,1128,5204,24,-1883
Saskatoon,SSP126,2030,0.05,0.05,0.6,0.2,0.2,130,0.25,0.6,0.6,6.17,4000,20000,4.76,0.4,0.5,0.75,8,0.7,4,0.6,92709,13988,660,78722,1134,5724,12,-1261
Saskatoon,SSP126,2030,0.01,0.01,0.6,0.2,0.2,130,0.17,0.5,0.1,6.67,8000,25000,5.26,0.2,1,0.5,8,0.6,2,0.6,88243,15731,6,72512,1044,3805,0,-1540
Saskatoon,SSP126,2030,0.05,0.01,0.6,0.2,0.2,130,0.21,0.2,0.2,6.17,2000,35000,4.76,0.25,1,1.25,8,0.7,6,0.6,92166,13832,1155,78334,1128,4325,27,-2135
Saskatoon,SSP126,2030,0.01,0.05,0.6,0.2,0.2,130,0.25,0.7,0.5,6.17,6000,20000,4.76,0.25,1,0.5,4,0.6,4,0.6,89286,13988,578,75298,1084,5204,11,-1257
Saskatoon,SSP126,2030,0.05,0.05,0.6,0.2,0.2,130,0.05,0.4,0.4,6.17,4000,20000,4.76,0.25,1,1,2,0.7,10,0.6,90814,13208,735,77607,1118,5724,13,-1308
Saskatoon,SSP126,2030,0.01,0.01,0.6,0.2,0.2,130,0.25,0.2,0.3,6.17,10000,25000,4.76,0.2,1,1,10,0.6,10,0.6,89286,13988,560,75298,1084,3805,15,-1599
Saskatoon,SSP126,2030,0.05,0.01,0.6,0.2,0.2,130,0.05,0.4,0.1,6.17,10000,35000,4.76,0.2,1,1.25,10,0.7,0,0.6,90814,13208,1175,77607,1118,4325,27,-2136
Saskatoon,SSP126,2030,0.01,0.05,0.6,0.2,0.2,130,0.21,0.2,0.5,6.17,8000,20000,4.76,0.15,0.25,1.25,0,0.7,8,0.6,92166,13832,723,78334,1128,5204,14,-1339
Saskatoon,SSP126,2030,0.05,0.05,0.6,0.2,0.2,130,0.25,0.3,0.5,6.17,2000,35000,4.76,0.1,1.5,1.5,10,0.7,0,0.6,92709,13988,1459,78722,1134,5724,25,-2087
Saskatoon,SSP126,2030,0.01,0.01,0.6,0.2,0.2,130,0.21,0.1,0.2,9.67,0,35000,5.26,0.25,1,1.5,8,0.7,4,0.5,78992,18047,-492,60945,876,3805,-13,-2091
Saskatoon,SSP126,2030,0.05,0.01,0.6,0.2,0.2,130,0.25,0.4,0.5,6.17,6000,20000,4.76,0.2,0.5,0.75,4,0.7,2,0.6,92709,13988,279,78722,1134,4325,6,-1246
Saskatoon,SSP126,2030,0.01,0.05,0.6,0.2,0.2,130,0.25,0.7,0.3,6.17,8000,30000,4.76,0.3,1,1,0,0.6,8,0.6,89286,13988,1194,75298,1084,5204,23,-1898
Saskatoon,SSP126,2030,0.05,0.05,0.6,0.2,0.2,130,0.25,0.7,0.4,6.17,6000,25000,4.76,0.3,1,1.25,2,0.7,8,0.6,92709,13988,982,78722,1134,5724,17,-1597
Saskatoon,SSP126,2035,0.01,0.01,0.6,0.2,0.2,130,0.25,0.6,0.6,6.17,6000,35000,4.76,0.2,0.75,0.5,8,0.7,6,0.6,93804,13988,1128,79816,1149,3986,28,-2154
Saskatoon,SSP126,2035,0.05,0.01,0.6,0.2,0.2,130,0.25,0.5,0.6,6.17,10000,50000,4.76,0.1,0.25,0.75,8,0.7,10,0.6,93804,13988,2020,79816,1149,4527,45,-3123
Saskatoon,SSP126,2035,0.01,0.05,0.6,0.2,0.2,130,0.25,0.4,0.4,6.17,8000,30000,4.76,0.2,1.25,1.5,6,0.7,8,0.6,93804,13988,1254,79816,1149,5459,23,-1892
Saskatoon,SSP126,2035,0.05,0.05,0.6,0.2,0.2,130,0.21,0.5,0.4,6.17,4000,20000,5.26,0.2,0.5,0.5,2,0.7,8,0.6,93252,15202,329,78050,1124,6000,5,-1304
Saskatoon,SSP126,2035,0.01,0.01,0.6,0.2,0.2,130,0.25,0.3,0.6,6.17,10000,25000,4.76,0.2,1,1.5,0,0.7,8,0.6,93804,13988,574,79816,1149,3986,14,-1587
Saskatoon,SSP126,2035,0.05,0.01,0.6,0.2,0.2,130,0.17,0.5,0.6,6.17,6000,20000,4.76,0.4,0.5,1,4,0.7,4,0.6,92749,13676,248,79074,1139,4527,5,-1258
Saskatoon,SSP126,2035,0.01,0.05,0.6,0.2,0.2,130,0.25,0.6,0.1,6.17,2000,35000,4.76,0.2,0.25,1.5,10,0.7,8,0.6,93804,13988,1546,79816,1149,5459,28,-2181
Saskatoon,SSP126,2035,0.05,0.05,0.6,0.2,0.2,130,0.25,0.4,0.3,6.67,4000,30000,4.76,0.4,0.5,0.5,0,0.7,2,0.6,93804,14673,1002,79131,1139,6000,17,-1836
Saskatoon,SSP126,2035,0.01,0.01,0.6,0.2,0.2,130,0.25,0.5,0.3,6.17,6000,20000,4.76,0.4,1,0.75,6,0.7,0,0.6,93804,13988,217,79816,1149,3986,5,-1211
Saskatoon,SSP126,2035,0.05,0.01,0.6,0.2,0.2,130,0.25,0.4,0.6,6.17,2000,20000,4.76,0.35,1.25,1.25,2,0.6,10,0.6,90134,13988,209,76146,1096,4527,5,-1263
Saskatoon,SSP126,2035,0.01,0.05,0.6,0.2,0.2,130,0.21,0.7,0.1,7.17,8000,20000,5.26,0.25,1.25,1,8,0.7,2,0.6,93252,16572,-60,76680,1104,5459,-1,-1230
Saskatoon,SSP126,2035,0.05,0.05,0.6,0.2,0.2,130,0.25,0.2,0.3,6.17,8000,25000,4.76,0.4,1,1.5,4,0.7,0,0.6,93804,13988,853,79816,1149,6000,14,-1517
Saskatoon,SSP126,2035,0.01,0.01,0.6,0.2,0.2,130,0.25,0.2,0.1,6.17,10000,20000,4.76,0.1,1.25,0.75,4,0.7,6,0.6,93804,13988,256,79816,1149,3986,6,-1258
Saskatoon,SSP126,2035,0.05,0.01,0.6,0.2,0.2,130,0.25,0.3,0.6,6.17,4000,25000,4.76,0.3,0.5,0.5,6,0.7,6,0.6,93804,13988,515,79816,1149,4527,11,-1553
Saskatoon,SSP126,2035,0.01,0.05,0.6,0.2,0.2,130,0.25,0.6,0.2,6.17,0,35000,4.76,0.1,0.25,0.75,8,0.6,0,0.6,90134,13988,1373,76146,1096,5459,25,-2081
Saskatoon,SSP126,2035,0.05,0.05,0.6,0.2,0.2,130,0.25,0.7,0.5,6.17,0,40000,5.26,0.2,1.5,0.75,6,0.7,6,0.6,93804,15358,1427,78446,1129,6000,24,-2441
Saskatoon,SSP126,2035,0.01,0.01,0.6,0.2,0.2,130,0.25,0.2,0.4,6.17,4000,20000,4.76,0.2,1,1.25,6,0.7,0,0.6,93804,13988,213,79816,1149,3986,5,-1203
Saskatoon,SSP126,2035,0.05,0.01,0.6,0.2,0.2,130,0.25,0.4,0.3,6.17,4000,25000,4.76,0.3,0.25,0.75,6,0.7,10,0.6,93804,13988,550,79816,1149,4527,12,-1587
Saskatoon,SSP126,2035,0.01,0.05,0.6,0.2,0.2,130,0.25,0.2,0.4,6.17,0,30000,5.26,0.35,1,1,10,0.7,6,0.6,93804,15358,889,78446,1129,5459,16,-1845
Saskatoon,SSP126,2035,0.05,0.05,0.6,0.2,0.2,130,0.25,0.4,0.3,6.17,4000,40000,4.76,0.15,0.5,1.5,6,0.7,8,0.6,93804,13988,1803,79816,1149,6000,30,-2491
Saskatoon,SSP126,2040,0.01,0.01,0.6,0.2,0.2,130,0.25,0.5,0.3,7.17,0,20000,4.76,0.2,0.75,1.5,10,0.7,4,0.6,94554,15358,-131,79196,1140,4008,-3,-1208
Saskatoon,SSP126,2040,0.05,0.01,0.6,0.2,0.2,130,0.25,0.6,0.6,6.17,6000,35000,4.76,0.4,0.5,1,6,0.7,4,0.6,94554,13988,1026,80566,1160,4517,23,-2143
Saskatoon,SSP126,2040,0.01,0.05,0.6,0.2,0.2,130,0.17,0.1,0.1,6.17,2000,35000,4.76,0.4,0.75,1.25,10,0.7,6,0.6,93445,13676,1501,79770,1149,5526,27,-2152
Saskatoon,SSP126,2040,0.05,0.05,0.6,0.2,0.2,130,0.17,0.1,0.5,7.17,2000,40000,6.26,0.2,1.25,1.5,2,0.4,6,0.5,64669,17206,-179,47464,681,6034,-3,-2432
Saskatoon,SSP126,2040,0.01,0.01,0.6,0.2,0.2,130,0.25,0.3,0.2,6.17,8000,50000,4.76,0.1,0.25,1,4,0.7,2,0.6,94554,13988,1968,80566,1160,4008,49,-3052
Saskatoon,SSP126,2040,0.05,0.01,0.6,0.2,0.2,130,0.25,0.4,0.4,6.67,4000,20000,4.76,0.25,0.25,0.5,8,0.7,4,0.6,94554,14673,-11,79881,1150,4517,0,-1238
Saskatoon,SSP126,2040,0.01,0.05,0.6,0.2,0.2,130,0.25,0.6,0.1,6.17,2000,25000,4.76,0.1,0.5,1,0,0.7,0,0.6,94554,13988,880,80566,1160,5526,16,-1502
Saskatoon,SSP126,2040,0.05,0.05,0.6,0.2,0.2,130,0.25,0.2,0.5,6.17,2000,25000,4.76,0.3,1.5,0.5,6,0.7,0,0.6,94554,13988,788,80566,1160,6034,13,-1479
Saskatoon,SSP126,2040,0.01,0.01,0.6,0.2,0.2,130,0.17,0.6,0.3,6.17,10000,30000,4.76,0.35,1.5,1.5,2,0.7,8,0.6,93445,13676,813,79770,1149,4008,20,-1855
Saskatoon,SSP126,2040,0.05,0.01,0.6,0.2,0.2,130,0.25,0.4,0.5,6.17,4000,35000,4.76,0.3,0.5,1.25,10,0.7,4,0.6,94554,13988,1009,80566,1160,4517,22,-2121
Saskatoon,SSP126,2040,0.01,0.05,0.6,0.2,0.2,130,0.25,0.1,0.5,6.67,0,20000,5.26,0.3,0.5,1.25,6,0.6,8,0.6,90285,16043,67,74242,1068,5526,1,-1271
Saskatoon,SSP126,2040,0.05,0.05,0.6,0.2,0.2,130,0.25,0.2,0.4,6.17,0,50000,4.76,0.2,1.25,0.75,6,0.7,8,0.6,94554,13988,2317,80566,1160,6034,38,-3056
Saskatoon,SSP126,2040,0.01,0.01,0.6,0.2,0.2,130,0.25,0.3,0.3,6.17,8000,50000,5.76,0.4,0.75,0.75,2,0.7,6,0.6,94554,16728,1310,77826,1120,4008,33,-3063
Saskatoon,SSP126,2040,0.05,0.01,0.6,0.2,0.2,130,0.25,0.5,0.3,6.17,10000,50000,4.76,0.25,1.5,1.5,2,0.6,6,0.6,90285,13988,1818,76297,1099,4517,40,-3029
Saskatoon,SSP126,2040,0.01,0.05,0.6,0.2,0.2,130,0.21,0.6,0.2,6.17,6000,50000,4.76,0.25,0.5,0.75,0,0.7,2,0.6,93975,13832,2353,80143,1154,5526,43,-3040
Saskatoon,SSP126,2040,0.05,0.05,0.6,0.2,0.2,130,0.25,0.6,0.3,6.67,6000,30000,4.76,0.25,1.25,0.5,4,0.7,0,0.6,94554,14673,917,79881,1150,6034,15,-1794
Saskatoon,SSP126,2040,0.01,0.01,0.6,0.2,0.2,130,0.25,0.4,0.5,6.17,0,20000,4.76,0.2,1,1.25,6,0.7,2,0.6,94554,13988,194,80566,1160,4008,5,-1198
Saskatoon,SSP126,2040,0.05,0.01,0.6,0.2,0.2,130,0.25,0.6,0.6,6.17,2000,40000,4.76,0.35,0.5,0.75,8,0.7,6,0.6,94554,13988,1305,80566,1160,4517,29,-2424
Saskatoon,SSP126,2040,0.01,0.05,0.6,0.2,0.2,130,0.25,0.3,0.1,6.67,0,40000,4.76,0.1,0.25,0.5,10,0.7,4,0.6,94554,14673,1597,79881,1150,5526,29,-2414
Saskatoon,SSP126,2040,0.05,0.05,0.6,0.2,0.2,130,0.25,0.5,0.2,6.17,2000,20000,4.76,0.4,1.5,1,10,0.7,10,0.6,94554,13988,608,80566,1160,6034,10,-1288
Saskatoon,SSP126,2045,0.01,0.01,0.6,0.2,0.2,130,0.25,0.6,0.4,6.17,4000,25000,4.76,0.4,0.75,1,4,0.7,8,0.6,95929,13988,689,81941,1180,3821,18,-1568
Saskatoon,SSP126,2045,0.05,0.01,0.6,0.2,0.2,130,0.25,0.3,0.2,6.67,2000,30000,4.76,0.25,0.5,1.5,0,0.6,8,0.6,92063,14673,779,77390,1114,4347,18,-1852
Saskatoon,SSP126,2045,0.01,0.05,0.6,0.2,0.2,130,0.25,0.3,0.1,6.17,2000,20000,4.76,0.4,1.5,1.5,8,0.7,10,0.6,95929,13988,806,81941,1180,5221,15,-1303
Saskatoon,SSP126,2045,0.05,0.05,0.6,0.2,0.2,130,0.25,0.1,0.1,6.17,2000,20000,4.76,0.2,1.5,1.5,4,0.7,6,0.6,95929,13988,788,81941,1180,5747,14,-1260
Saskatoon,SSP126,2045,0.01,0.01,0.6,0.2,0.2,130,0.25,0.7,0.6,6.67,6000,20000,4.76,0.3,0.5,1,6,0.7,10,0.6,95929,14673,264,81256,1170,3821,7,-1304
Saskatoon,SSP126,2045,0.05,0.01,0.6,0.2,0.2,130,0.25,0.4,0.2,7.17,2000,30000,4.76,0.2,0.75,1,4,0.7,8,0.6,95929,15358,661,80571,1160,4347,15,-1856
Saskatoon,SSP126,2045,0.01,0.05,0.6,0.2,0.2,130,0.25,0.2,0.3,6.17,10000,45000,4.76,0.2,1.5,0.5,0,0.7,0,0.6,95929,13988,2124,81941,1180,5221,41,-2692
Saskatoon,SSP126,2045,0.05,0.05,0.6,0.2,0.2,130,0.25,0.4,0.1,6.17,8000,50000,4.76,0.2,1.25,1.25,2,0.7,0,0.6,95929,13988,2452,81941,1180,5747,43,-3000
Saskatoon,SSP126,2045,0.01,0.01,0.6,0.2,0.2,130,0.25,0.7,0.4,6.17,0,35000,5.26,0.3,1.5,1,8,0.7,2,0.6,95929,15358,875,80571,1160,3821,23,-2101
Saskatoon,SSP126,2045,0.05,0.01,0.6,0.2,0.2,130,0.25,0.3,0.1,6.17,0,35000,4.76,0.3,1,0.75,8,0.7,4,0.6,95929,13988,1252,81941,1180,4347,29,-2117
Saskatoon,SSP126,2045,0.01,0.05,0.6,0.2,0.2,130,0.25,0.3,0.6,6.17,6000,25000,4.76,0.35,1.25,1,4,0.7,8,0.6,95929,13988,1075,81941,1180,5221,21,-1591
Saskatoon,SSP126,2045,0.05,0.05,0.6,0.2,0.2,130,0.25,0.5,0.3,6.17,4000,30000,4.76,0.35,1,1.25,6,0.7,4,0.6,95929,13988,1352,81941,1180,5747,24,-1849
Saskatoon,SSP126,2045,0.01,0.01,0.6,0.2,0.2,130,0.17,0.6,0.2,6.17,10000,40000,4.76,0.1,1,0.5,4,0.7,6,0.6,94841,13676,1543,81165,1169,3821,40,-2466
Saskatoon,SSP126,2045,0.05,0.01,0.6,0.2,0.2,130,0.25,0.5,0.4,6.17,4000,45000,4.76,0.15,0.5,0.75,10,0.7,10,0.6,95929,13988,1888,81941,1180,4347,43,-2783
Saskatoon,SSP126,2045,0.01,0.05,0.6,0.2,0.2,130,0.25,0.5,0.4,6.17,2000,25000,4.76,0.15,1,0.5,8,0.7,0,0.6,95929,13988,992,81941,1180,5221,19,-1500
Saskatoon,SSP126,2045,0.05,0.05,0.6,0.2,0.2,130,0.25,0.5,0.4,6.17,6000,30000,4.76,0.4,0.75,0.75,6,0.7,8,0.6,95929,13988,1407,81941,1180,5747,24,-1908
Saskatoon,SSP126,2045,0.01,0.01,0.6,0.2,0.2,130,0.25,0.2,0.3,6.17,8000,30000,4.76,0.3,1,0.5,6,0.7,6,0.6,95929,13988,965,81941,1180,3821,25,-1864
Saskatoon,SSP126,2045,0.05,0.01,0.6,0.2,0.2,130,0.25,0.2,0.5,6.17,6000,35000,4.76,0.15,1,1,4,0.7,2,0.6,95929,13988,1247,81941,1180,4347,29,-2125
Saskatoon,SSP126,2045,0.01,0.05,0.6,0.2,0.2,130,0.25,0.7,0.4,6.17,2000,20000,4.76,0.1,0.25,1.5,4,0.6,8,0.6,92063,13988,707,78075,1124,5221,14,-1290
Saskatoon,SSP126,2045,0.05,0.05,0.6,0.2,0.2,130,0.25,0.7,0.5,6.17,8000,30000,5.26,0.35,1,0.75,2,0.7,8,0.6,95929,15358,1065,80571,1160,5747,19,-1905
Saskatoon,SSP126,2050,0.01,0.01,0.6,0.2,0.2,130,0.25,0.4,0.1,6.17,6000,20000,4.76,0.15,1,1.25,4,0.7,2,0.6,96569,13988,341,82581,1189,3997,9,-1230
Saskatoon,SSP126,2050,0.05,0.01,0.6,0.2,0.2,130,0.25,0.2,0.1,6.67,2000,25000,4.76,0.1,0.5,1.5,0,0.7,2,0.6,96569,14673,459,81896,1179,4560,10,-1516
Saskatoon,SSP126,2050,0.01,0.05,0.6,0.2,0.2,130,0.25,0.6,0.6,6.17,8000,25000,5.26,0.15,1.5,1.25,10,0.7,8,0.6,96569,15358,727,81211,1169,5455,13,-1586
Saskatoon,SSP126,2050,0.05,0.05,0.6,0.2,0.2,130,0.25,0.4,0.1,6.17,2000,30000,4.76,0.4,0.25,1.5,2,0.5,4,0.6,88229,13988,1177,74242,1069,6018,20,-1843
Saskatoon,SSP126,2050,0.01,0.01,0.6,0.2,0.2,130,0.25,0.3,0.1,6.17,0,45000,4.76,0.25,1.5,1.5,10,0.6,10,0.6,92737,13988,1764,78749,1134,3997,44,-2751
Saskatoon,SSP126,2050,0.05,0.01,0.6,0.2,0.2,130,0.25,0.2,0.4,6.17,0,25000,4.76,0.15,0.5,0.5,0,0.7,10,0.6,96569,13988,675,82581,1189,4560,15,-1560
Saskatoon,SSP126,2050,0.01,0.05,0.6,0.2,0.2,130,0.09,0.3,0.3,6.67,6000,35000,6.76,0.4,1.5,1.25,0,0.4,2,0.6,80858,19529,-264,61329,881,5455,-5,-2108
Saskatoon,SSP126,2050,0.05,0.05,0.6,0.2,0.2,130,0.25,0.3,0.5,6.67,10000,25000,4.76,0.15,1.5,0.5,10,0.6,0,0.6,92737,14673,753,78064,1124,6018,13,-1508
Saskatoon,SSP126,2050,0.01,0.01,0.6,0.2,0.2,130,0.25,0.6,0.6,6.17,0,35000,4.76,0.3,1.5,1,0,0.7,4,0.6,96569,13988,1205,82581,1189,3997,30,-2112
Saskatoon,SSP126,2050,0.05,0.01,0.6,0.2,0.2,130,0.21,0.7,0.3,6.17,0,20000,5.26,0.15,0.75,1.25,4,0.7,8,0.6,95990,15202,49,80788,1163,4560,1,-1248
Saskatoon,SSP126,2050,0.01,0.05,0.6,0.2,0.2,130,0.25,0.5,0.5,6.67,10000,20000,4.76,0.4,1.25,0.5,10,0.7,6,0.6,96569,14673,598,81896,1179,5455,11,-1284
Saskatoon,SSP126,2050,0.05,0.05,0.6,0.2,0.2,130,0.25,0.3,0.2,6.17,0,35000,4.76,0.1,0.75,1,0,0.7,10,0.6,96569,13988,1665,82581,1189,6018,28,-2193
Saskatoon,SSP126,2050,0.01,0.01,0.6,0.2,0.2,130,0.25,0.5,0.6,6.17,8000,20000,5.26,0.2,1.5,1.25,10,0.7,0,0.6,96569,15358,-27,81211,1169,3997,-1,-1201
Saskatoon,SSP126,2050,0.05,0.01,0.6,0.2,0.2,130,0.25,0.1,0.5,6.17,0,20000,4.76,0.25,1,1,0,0.7,2,0.6,96569,13988,330,82581,1189,4560,7,-1205
Saskatoon,SSP126,2050,0.01,0.05,0.6,0.2,0.2,130,0.25,0.2,0.3,6.17,0,35000,4.76,0.35,0.25,1.5,10,0.7,6,0.6,96569,13988,1620,82581,1189,5455,30,-2150
Saskatoon,SSP126,2050,0.05,0.05,0.6,0.2,0.2,130,0.25,0.4,0.5,6.17,4000,35000,4.76,0.4,0.25,1.5,4,0.7,4,0.6,96569,13988,1624,82581,1189,6018,27,-2160
Saskatoon,SSP126,2050,0.01,0.01,0.6,0.2,0.2,130,0.25,0.7,0.4,6.67,6000,50000,4.76,0.35,0.25,1.25,4,0.7,8,0.6,96569,14673,1964,81896,1179,3997,49,-3083
Saskatoon,SSP126,2050,0.05,0.01,0.6,0.2,0.2,130,0.21,0.3,0.2,6.17,4000,50000,4.76,0.15,1,0.5,10,0.7,4,0.6,95990,13832,2088,82158,1183,4560,46,-3024
Saskatoon,SSP126,2050,0.01,0.05,0.6,0.2,0.2,130,0.25,0.5,0.6,6.17,6000,20000,4.76,0.35,1.5,1.25,8,0.7,8,0.6,96569,13988,776,82581,1189,5455,14,-1286
Saskatoon,SSP126,2050,0.05,0.05,0.6,0.2,0.2,130,0.25,0.7,0.4,6.17,4000,25000,4.76,0.1,0.5,1.5,4,0.7,10,0.6,96569,13988,1110,82581,1189,6018,18,-1625
Saskatoon,SSP245,2025,0.01,0.01,0.6,0.2,0.2,130,0.25,0.2,0.4,7.67,8000,40000,4.76,0.3,1,1,6,0.7,6,0.6,92768,16043,861,76725,1104,4085,21,-2451
Saskatoon,SSP245,2025,0.05,0.01,0.6,0.2,0.2,130,0.05,0.4,0.3,6.17,2000,25000,5.76,0.1,0.75,1,0,0.6,4,0.5,74472,13998,-444,60474,870,4611,-10,-1525
Saskatoon,SSP245,2025,0.01,0.05,0.6,0.2,0.2,130,0.25,0.1,0.4,6.17,0,35000,5.26,0.35,0.25,1,6,0.7,2,0.6,92768,15358,1089,77410,1114,5625,19,-2099
Saskatoon,SSP245,2025,0.05,0.05,0.6,0.2,0.2,130,0.25,0.2,0.2,6.67,0,20000,4.76,0.1,0.25,1.5,4,0.6,10,0.6,89849,14673,393,75177,1082,6151,6,-1292
Saskatoon,SSP245,2025,0.01,0.01,0.6,0.2,0.2,130,0.17,0.3,0.5,6.17,2000,20000,4.76,0.25,1.5,1.5,8,0.7,2,0.6,91759,13676,174,78083,1124,4085,4,-1202
Saskatoon,SSP245,2025,0.05,0.01,0.6,0.2,0.2,130,0.25,0.1,0.4,6.17,4000,40000,4.76,0.1,1.25,1.5,4,0.7,2,0.6,92768,13988,1262,78780,1134,4611,27,-2400
Saskatoon,SSP245,2025,0.01,0.05,0.6,0.2,0.2,130,0.21,0.2,0.1,6.17,2000,25000,4.76,0.15,1.5,1.25,10,0.7,0,0.6,92230,13832,820,78399,1129,5625,15,-1482
Saskatoon,SSP245,2025,0.05,0.05,0.6,0.2,0.2,130,0.25,0.4,0.6,6.17,0,40000,4.76,0.25,1.25,1.5,10,0.7,6,0.6,92768,13988,1687,78780,1134,6151,27,-2431
Saskatoon,SSP245,2025,0.01,0.01,0.6,0.2,0.2,130,0.25,0.3,0.6,6.17,8000,40000,5.26,0.2,1.25,0.5,8,0.7,4,0.6,92768,15358,1000,77410,1114,4085,24,-2423
Saskatoon,SSP245,2025,0.05,0.01,0.6,0.2,0.2,130,0.13,0.4,0.1,6.17,4000,30000,5.26,0.1,0.75,1.5,10,0.7,2,0.6,91384,14890,399,76495,1101,4611,9,-1813
Saskatoon,SSP245,2025,0.01,0.05,0.6,0.2,0.2,130,0.25,0.7,0.1,6.17,10000,50000,4.76,0.15,1,0.75,8,0.7,2,0.6,92768,13988,2303,78780,1134,5625,41,-3031
Saskatoon,SSP245,2025,0.05,0.05,0.6,0.2,0.2,130,0.25,0.3,0.4,6.17,4000,35000,4.76,0.3,0.5,0.5,10,0.7,10,0.6,92768,13988,1464,78780,1134,6151,24,-2206
Saskatoon,SSP245,2025,0.01,0.01,0.6,0.2,0.2,130,0.25,0.6,0.5,6.17,10000,40000,4.76,0.4,1,0.5,6,0.7,2,0.6,92768,13988,1338,78780,1134,4085,33,-2430
Saskatoon,SSP245,2025,0.05,0.01,0.6,0.2,0.2,130,0.25,0.6,0.2,6.17,4000,30000,4.76,0.4,1,0.5,4,0.6,4,0.6,89849,13988,699,75862,1092,4611,15,-1826
Saskatoon,SSP245,2025,0.01,0.05,0.6,0.2,0.2,130,0.21,0.4,0.2,6.17,8000,20000,5.26,0.35,1.5,1.25,6,0.7,8,0.6,92230,15202,285,77029,1109,5625,5,-1283
Saskatoon,SSP245,2025,0.05,0.05,0.6,0.2,0.2,130,0.21,0.5,0.1,6.17,2000,30000,4.76,0.2,1,0.75,6,0.7,8,0.6,92230,13832,1154,78399,1129,6151,19,-1874
Saskatoon,SSP245,2025,0.01,0.01,0.6,0.2,0.2,130,0.25,0.6,0.4,6.17,0,50000,4.76,0.4,0.75,0.5,6,0.7,6,0.6,92768,13988,1921,78780,1134,4085,47,-3014
Saskatoon,SSP245,2025,0.05,0.01,0.6,0.2,0.2,130,0.25,0.2,0.5,6.17,0,50000,4.76,0.25,0.75,0.5,2,0.7,10,0.6,92768,13988,1896,78780,1134,4611,41,-3046
Saskatoon,SSP245,2025,0.01,0.05,0.6,0.2,0.2,130,0.13,0.3,0.6,6.17,6000,40000,4.76,0.35,0.25,0.5,10,0.7,8,0.6,91384,13520,1806,77865,1121,5625,32,-2510
Saskatoon,SSP245,2025,0.05,0.05,0.6,0.2,0.2,130,0.25,0.6,0.3,6.17,4000,45000,5.26,0.25,1.25,1.25,6,0.7,4,0.6,92768,15358,1626,77410,1114,6151,26,-2724
Saskatoon,SSP245,2030,0.01,0.01,0.6,0.2,0.2,130,0.25,0.5,0.3,6.17,4000,25000,4.76,0.35,1,1.25,6,0.7,10,0.6,96141,13988,649,82153,1183,3962,16,-1576
Saskatoon,SSP245,2030,0.05,0.01,0.6,0.2,0.2,130,0.25,0.7,0.3,6.67,0,50000,4.76,0.3,0.5,1.5,2,0.7,6,0.6,96141,14673,1864,81468,1173,4482,42,-3019
Saskatoon,SSP245,2030,0.01,0.05,0.6,0.2,0.2,130,0.25,0.2,0.6,7.17,4000,50000,4.76,0.4,1,1.5,2,0.7,6,0.6,96141,15358,2129,80783,1163,5443,39,-3059
Saskatoon,SSP245,2030,0.05,0.05,0.6,0.2,0.2,130,0.25,0.1,0.6,6.17,6000,20000,4.76,0.1,1.5,1,6,0.7,0,0.6,96141,13988,642,82153,1183,5963,11,-1195
Saskatoon,SSP245,2030,0.01,0.01,0.6,0.2,0.2,130,0.25,0.2,0.5,6.17,6000,25000,4.76,0.35,1,1.25,4,0.7,2,0.6,96141,13988,596,82153,1183,3962,15,-1526
Saskatoon,SSP245,2030,0.05,0.01,0.6,0.2,0.2,130,0.13,0.2,0.1,6.17,0,20000,4.76,0.2,1.5,1.25,8,0.7,0,0.6,94762,13520,300,81242,1170,4482,7,-1192
Saskatoon,SSP245,2030,0.01,0.05,0.6,0.2,0.2,130,0.21,0.1,0.4,6.17,0,35000,4.76,0.4,0.75,1,6,0.7,6,0.6,95610,13832,1589,81778,1178,5443,29,-2148
Saskatoon,SSP245,2030,0.05,0.05,0.6,0.2,0.2,130,0.21,0.4,0.3,9.67,0,20000,5.26,0.35,0.75,1.5,6,0.6,10,0.6,90972,19997,-838,70975,1020,5963,-14,-1294
Saskatoon,SSP245,2030,0.01,0.01,0.6,0.2,0.2,130,0.25,0.3,0.5,6.17,6000,20000,5.76,0.2,0.25,0.75,10,0.7,2,0.6,96141,16728,-338,79413,1143,3962,-9,-1251
Saskatoon,SSP245,2030,0.05,0.01,0.6,0.2,0.2,130,0.25,0.3,0.6,6.67,0,25000,4.76,0.4,0.5,0.75,6,0.7,6,0.6,96141,14673,427,81468,1173,4482,10,-1529
Saskatoon,SSP245,2030,0.01,0.05,0.6,0.2,0.2,130,0.25,0.7,0.2,6.67,0,50000,5.76,0.1,1,1.25,6,0.7,8,0.6,96141,17413,1639,78728,1133,5443,30,-3063
Saskatoon,SSP245,2030,0.05,0.05,0.6,0.2,0.2,130,0.21,0.6,0.2,6.17,0,35000,4.76,0.4,1.25,1.5,0,0.7,10,0.6,95610,13832,1626,81778,1178,5963,27,-2193
Saskatoon,SSP245,2030,0.01,0.01,0.6,0.2,0.2,130,0.25,0.6,0.4,6.17,4000,45000,4.76,0.1,1.5,1.25,0,0.7,0,0.6,96141,13988,1716,82153,1183,3962,43,-2684
Saskatoon,SSP245,2030,0.05,0.01,0.6,0.2,0.2,130,0.25,0.4,0.6,6.17,2000,30000,4.76,0.25,0.25,1,0,0.7,4,0.6,96141,13988,882,82153,1183,4482,20,-1831
Saskatoon,SSP245,2030,0.01,0.05,0.6,0.2,0.2,130,0.21,0.5,0.3,6.17,6000,25000,4.76,0.2,1.25,1,2,0.7,10,0.6,95610,13832,1063,81778,1178,5443,20,-1614
Saskatoon,SSP245,2030,0.05,0.05,0.6,0.2,0.2,130,0.25,0.5,0.2,6.17,0,40000,5.26,0.15,1.25,1,8,0.7,8,0.6,96141,15358,1548,80783,1163,5963,26,-2466
Saskatoon,SSP245,2030,0.01,0.01,0.6,0.2,0.2,130,0.25,0.3,0.4,6.17,0,20000,4.76,0.4,1,1,8,0.6,2,0.6,91535,13988,216,77547,1117,3962,5,-1204
Saskatoon,SSP245,2030,0.05,0.01,0.6,0.2,0.2,130,0.25,0.4,0.4,6.17,2000,25000,4.76,0.35,1.5,1,10,0.7,2,0.6,96141,13988,561,82153,1183,4482,13,-1500
Saskatoon,SSP245,2030,0.01,0.05,0.6,0.2,0.2,130,0.25,0.4,0.5,7.17,10000,20000,4.76,0.35,0.25,0.75,4,0.6,2,0.6,91535,15358,308,76177,1097,5443,6,-1293
Saskatoon,SSP245,2030,0.05,0.05,0.6,0.2,0.2,130,0.25,0.1,0.1,6.17,8000,25000,5.26,0.3,1,1.5,8,0.7,0,0.6,96141,15358,614,80783,1163,5963,10,-1517
Saskatoon,SSP245,2035,0.01,0.01,0.6,0.2,0.2,130,0.13,0.5,0.3,10.17,6000,45000,6.76,0.4,0.25,1.5,10,0.6,0,0.4,64297,20580,-1224,43717,626,4031,-30,-2678
Saskatoon,SSP245,2035,0.05,0.01,0.6,0.2,0.2,130,0.25,0.2,0.4,6.17,2000,40000,4.76,0.1,1.25,1.25,4,0.7,8,0.6,97829,13988,1510,83841,1208,4554,33,-2444
Saskatoon,SSP245,2035,0.01,0.05,0.6,0.2,0.2,130,0.25,0.2,0.6,6.17,4000,25000,5.26,0.4,1,1.5,0,0.7,2,0.6,97829,15358,693,82471,1188,5546,13,-1527
Saskatoon,SSP245,2035,0.05,0.05,0.6,0.2,0.2,130,0.25,0.1,0.5,6.17,10000,30000,4.76,0.15,0.75,1,4,0.7,0,0.6,97829,13988,1299,83841,1208,6069,21,-1839
Saskatoon,SSP245,2035,0.01,0.01,0.6,0.2,0.2,130,0.25,0.2,0.5,6.67,8000,25000,4.76,0.2,0.75,0.5,4,0.7,10,0.6,97829,14673,540,83156,1198,4031,13,-1605
Saskatoon,SSP245,2035,0.05,0.01,0.6,0.2,0.2,130,0.05,0.2,0.1,6.67,8000,25000,4.76,0.25,0.75,0.5,6,0.7,6,0.6,95923,13893,553,82030,1182,4554,12,-1578
Saskatoon,SSP245,2035,0.01,0.05,0.6,0.2,0.2,130,0.25,0.6,0.2,6.17,10000,20000,4.76,0.15,0.5,1,8,0.7,2,0.6,97829,13988,778,83841,1208,5546,14,-1279
Saskatoon,SSP245,2035,0.05,0.05,0.6,0.2,0.2,130,0.25,0.1,0.5,6.17,6000,35000,4.76,0.4,0.25,1.25,8,0.7,4,0.6,97829,13988,1632,83841,1208,6069,27,-2174
Saskatoon,SSP245,2035,0.01,0.01,0.6,0.2,0.2,130,0.25,0.6,0.5,6.17,10000,20000,4.76,0.25,1.25,0.75,8,0.7,10,0.6,97829,13988,398,83841,1208,4031,10,-1289
Saskatoon,SSP245,2035,0.05,0.01,0.6,0.2,0.2,130,0.25,0.7,0.4,6.17,10000,20000,4.76,0.2,1,1,2,0.7,10,0.6,97829,13988,396,83841,1208,4554,9,-1305
Saskatoon,SSP245,2035,0.01,0.05,0.6,0.2,0.2,130,0.21,0.4,0.3,6.17,0,20000,4.76,0.4,0.5,0.5,6,0.7,8,0.6,97272,13832,795,83440,1202,5546,14,-1279
Saskatoon,SSP245,2035,0.05,0.05,0.6,0.2,0.2,130,0.25,0.7,0.2,6.17,8000,35000,5.26,0.35,0.25,1.5,8,0.7,0,0.6,97829,15358,1264,82471,1188,6069,21,-2145
Saskatoon,SSP245,2035,0.01,0.01,0.6,0.2,0.2,130,0.25,0.7,0.4,6.17,8000,30000,4.76,0.1,1,1.25,8,0.7,6,0.6,97829,13988,952,83841,1208,4031,24,-1861
Saskatoon,SSP245,2035,0.05,0.01,0.6,0.2,0.2,130,0.09,0.5,0.1,6.17,4000,30000,4.76,0.15,1.25,1.25,8,0.7,6,0.6,96081,13364,973,82718,1192,4554,21,-1843
Saskatoon,SSP245,2035,0.01,0.05,0.6,0.2,0.2,130,0.25,0.5,0.3,6.67,8000,35000,4.76,0.15,1,0.75,4,0.7,6,0.6,97829,14673,1487,83156,1198,5546,27,-2183
Saskatoon,SSP245,2035,0.05,0.05,0.6,0.2,0.2,130,0.25,0.3,0.2,6.17,0,25000,4.76,0.4,0.5,1.25,8,0.7,10,0.6,97829,13988,1089,83841,1208,6069,18,-1597
Saskatoon,SSP245,2035,0.01,0.01,0.6,0.2,0.2,130,0.25,0.4,0.1,6.67,6000,50000,4.76,0.15,1,0.75,2,0.7,8,0.6,97829,14673,1946,83156,1198,4031,48,-3060
Saskatoon,SSP245,2035,0.05,0.01,0.6,0.2,0.2,130,0.25,0.2,0.3,6.17,8000,20000,5.26,0.25,0.75,1,8,0.7,2,0.6,97829,15358,6,82471,1188,4554,0,-1245
Saskatoon,SSP245,2035,0.01,0.05,0.6,0.2,0.2,130,0.13,0.3,0.5,6.17,0,20000,5.26,0.4,1,0.5,4,0.7,6,0.6,96370,14890,435,81480,1173,5546,8,-1256
Saskatoon,SSP245,2035,0.05,0.05,0.6,0.2,0.2,130,0.05,0.6,0.5,6.17,2000,30000,4.76,0.15,1,1.5,2,0.7,10,0.6,95923,13208,1415,82715,1192,6069,23,-1902
Saskatoon,SSP245,2040,0.01,0.01,0.6,0.2,0.2,130,0.25,0.2,0.1,6.17,4000,20000,4.76,0.1,0.75,1.25,0,0.7,4,0.6,97399,13988,355,83411,1201,4011,9,-1242
Saskatoon,SSP245,2040,0.05,0.01,0.6,0.2,0.2,130,0.25,0.1,0.1,6.17,0,25000,4.76,0.3,1,0.5,6,0.7,8,0.6,97399,13988,638,83411,1201,4554,14,-1544
Saskatoon,SSP245,2040,0.01,0.05,0.6,0.2,0.2,130,0.25,0.4,0.4,6.17,10000,20000,4.76,0.25,1.5,0.5,8,0.7,4,0.6,97399,13988,734,83411,1201,5496,13,-1246
Saskatoon,SSP245,2040,0.05,0.05,0.6,0.2,0.2,130,0.25,0.6,0.4,6.17,8000,40000,4.76,0.25,0.5,1,4,0.7,0,0.6,97399,13988,1868,83411,1201,6039,31,-2434
Saskatoon,SSP245,2040,0.01,0.01,0.6,0.2,0.2,130,0.25,0.6,0.3,6.17,6000,30000,4.76,0.35,1.5,1,6,0.6,8,0.6,93594,13988,883,79606,1147,4011,22,-1850
Saskatoon,SSP245,2040,0.05,0.01,0.6,0.2,0.2,130,0.25,0.7,0.6,6.17,10000,25000,4.76,0.25,1.5,0.75,10,0.7,2,0.6,97399,13988,584,83411,1201,4554,13,-1511
Saskatoon,SSP245,2040,0.01,0.05,0.6,0.2,0.2,130,0.21,0.3,0.3,6.17,8000,20000,5.26,0.35,1.25,1.5,4,0.7,0,0.6,96832,15202,365,81631,1175,5496,7,-1212
Saskatoon,SSP245,2040,0.05,0.05,0.6,0.2,0.2,130,0.25,0.3,0.4,6.17,2000,30000,4.76,0.35,0.75,0.75,2,0.6,0,0.6,93594,13988,1211,79606,1147,6039,20,-1797
Saskatoon,SSP245,2040,0.01,0.01,0.6,0.2,0.2,130,0.25,0.7,0.6,7.17,0,20000,4.76,0.1,1.25,0.75,10,0.7,8,0.6,97399,15358,33,82041,1181,4011,1,-1246
Saskatoon,SSP245,2040,0.05,0.01,0.6,0.2,0.2,130,0.25,0.2,0.4,6.17,6000,45000,5.26,0.3,0.75,0.75,4,0.7,8,0.6,97399,15358,1473,82041,1181,4554,32,-2769
Saskatoon,SSP245,2040,0.01,0.05,0.6,0.2,0.2,130,0.25,0.1,0.6,6.17,8000,40000,4.76,0.25,1.25,1.25,8,0.7,2,0.6,97399,13988,1873,83411,1201,5496,34,-2423
Saskatoon,SSP245,2040,0.05,0.05,0.6,0.2,0.2,130,0.25,0.4,0.3,6.17,2000,35000,4.76,0.1,0.5,1.5,6,0.7,8,0.6,97399,13988,1641,83411,1201,6039,27,-2184
Saskatoon,SSP245,2040,0.01,0.01,0.6,0.2,0.2,130,0.25,0.6,0.4,6.17,4000,25000,4.76,0.35,0.75,1,6,0.7,2,0.6,97399,13988,625,83411,1201,4011,16,-1523
Saskatoon,SSP245,2040,0.05,0.01,0.6,0.2,0.2,130,0.25,0.1,0.4,6.67,4000,40000,4.76,0.35,1,1.5,0,0.7,0,0.6,97399,14673,1284,82726,1191,4554,28,-2398
Saskatoon,SSP245,2040,0.01,0.05,0.6,0.2,0.2,130,0.25,0.2,0.4,6.67,0,35000,4.76,0.15,1.5,1.25,10,0.7,6,0.6,97399,14673,1458,82726,1191,5496,27,-2148
Saskatoon,SSP245,2040,0.05,0.05,0.6,0.2,0.2,130,0.25,0.3,0.6,6.17,0,25000,4.76,0.35,0.25,0.5,6,0.7,0,0.6,97399,13988,967,83411,1201,6039,16,-1485
Saskatoon,SSP245,2040,0.01,0.01,0.6,0.2,0.2,130,0.25,0.7,0.5,6.17,6000,25000,4.76,0.1,0.75,1,8,0.7,10,0.6,97399,13988,690,83411,1201,4011,17,-1592
Saskatoon,SSP245,2040,0.05,0.01,0.6,0.2,0.2,130,0.25,0.6,0.1,7.17,2000,45000,4.76,0.4,0.5,0.5,2,0.7,0,0.6,97399,15358,1404,82041,1181,4554,31,-2692
Saskatoon,SSP245,2040,0.01,0.05,0.6,0.2,0.2,130,0.21,0.3,0.1,6.17,0,30000,4.76,0.25,0.75,0.75,0,0.7,6,0.6,96832,13832,1337,83001,1196,5496,24,-1852
Saskatoon,SSP245,2040,0.05,0.05,0.6,0.2,0.2,130,0.25,0.6,0.4,6.17,4000,20000,4.76,0.4,0.75,0.75,4,0.7,4,0.6,97399,13988,740,83411,1201,6039,12,-1256
Saskatoon,SSP245,2045,0.01,0.01,0.6,0.2,0.2,130,0.25,0.5,0.5,6.17,10000,20000,4.76,0.25,1.25,0.75,8,0.7,2,0.6,94568,13988,203,80580,1160,4082,5,-1223
Saskatoon,SSP245,2045,0.05,0.01,0.6,0.2,0.2,130,0.17,0.4,0.2,6.17,2000,45000,4.76,0.2,0.75,0.75,0,0.7,8,0.6,93464,13676,1647,79789,1149,4630,36,-2748
Saskatoon,SSP245,2045,0.01,0.05,0.6,0.2,0.2,130,0.25,0.5,0.5,6.67,2000,25000,4.76,0.15,0.25,1.5,10,0.7,0,0.6,94568,14673,707,79895,1150,5600,13,-1492
Saskatoon,SSP245,2045,0.05,0.05,0.6,0.2,0.2,130,0.21,0.1,0.2,6.67,10000,20000,4.76,0.1,0.25,1.25,4,0.7,10,0.6,94006,14517,527,79489,1145,6147,9,-1379
Saskatoon,SSP245,2045,0.01,0.01,0.6,0.2,0.2,130,0.25,0.5,0.1,6.17,4000,25000,4.76,0.15,0.25,1.5,2,0.7,6,0.6,94568,13988,546,80580,1160,4082,13,-1564
Saskatoon,SSP245,2045,0.05,0.01,0.6,0.2,0.2,130,0.21,0.4,0.1,8.17,4000,30000,7.76,0.1,1,1,8,0.7,6,0.5,80797,22842,-2189,57956,831,4630,-47,-1802
Saskatoon,SSP245,2045,0.01,0.05,0.6,0.2,0.2,130,0.25,0.7,0.2,6.17,4000,30000,4.76,0.2,1.5,0.75,0,0.7,4,0.6,94568,13988,1204,80580,1160,5600,21,-1837
Saskatoon,SSP245,2045,0.05,0.05,0.6,0.2,0.2,130,0.25,0.3,0.5,6.17,2000,30000,4.76,0.15,0.5,0.5,4,0.7,2,0.6,94568,13988,1121,80580,1160,6147,18,-1815
Saskatoon,SSP245,2045,0.01,0.01,0.6,0.2,0.2,130,0.25,0.5,0.5,6.17,8000,20000,5.26,0.1,1,0.5,10,0.7,4,0.6,94568,15358,-109,79210,1140,4082,-3,-1241
Saskatoon,SSP245,2045,0.05,0.01,0.6,0.2,0.2,130,0.05,0.5,0.6,6.17,2000,45000,4.76,0.15,0.25,1.25,2,0.7,0,0.6,92605,13208,1624,79397,1144,4630,35,-2694
Saskatoon,SSP245,2045,0.01,0.05,0.6,0.2,0.2,130,0.25,0.1,0.4,6.17,8000,20000,5.26,0.35,0.75,1,8,0.7,0,0.6,94568,15358,269,79210,1140,5600,5,-1225
Saskatoon,SSP245,2045,0.05,0.05,0.6,0.2,0.2,130,0.25,0.1,0.1,6.17,2000,40000,4.76,0.3,0.25,0.5,10,0.6,8,0.6,90473,13988,1688,76485,1101,6147,27,-2471
Saskatoon,SSP245,2045,0.01,0.01,0.6,0.2,0.2,130,0.25,0.2,0.1,6.17,2000,20000,4.76,0.15,0.25,1.5,0,0.7,10,0.6,94568,13988,279,80580,1160,4082,7,-1282
Saskatoon,SSP245,2045,0.05,0.01,0.6,0.2,0.2,130,0.25,0.5,0.5,6.67,0,25000,4.76,0.35,1,1.25,0,0.7,4,0.6,94568,14673,276,79895,1150,4630,6,-1518
Saskatoon,SSP245,2045,0.01,0.05,0.6,0.2,0.2,130,0.25,0.2,0.6,6.17,0,40000,4.76,0.3,1,1.25,6,0.7,6,0.6,94568,13988,1797,80580,1160,5600,32,-2443
Saskatoon,SSP245,2045,0.05,0.05,0.6,0.2,0.2,130,0.25,0.6,0.2,6.67,10000,50000,4.76,0.35,0.25,0.5,2,0.7,8,0.6,94568,14673,2226,79895,1150,6147,36,-3146
Saskatoon,SSP245,2045,0.01,0.01,0.6,0.2,0.2,130,0.25,0.5,0.2,6.17,0,20000,4.76,0.2,1,0.5,8,0.7,10,0.6,94568,13988,257,80580,1160,4082,6,-1256
Saskatoon,SSP245,2045,0.05,0.01,0.6,0.2,0.2,130,0.21,0.5,0.2,6.17,10000,30000,4.76,0.2,1,0.5,0,0.7,0,0.6,94006,13832,732,80174,1155,4630,16,-1827
Saskatoon,SSP245,2045,0.01,0.05,0.6,0.2,0.2,130,0.21,0.2,0.3,6.17,6000,45000,4.76,0.2,0.75,1.25,4,0.7,8,0.6,94006,13832,2125,80174,1155,5600,38,-2798
Saskatoon,SSP245,2045,0.05,0.05,0.6,0.2,0.2,130,0.17,0.4,0.1,6.17,4000,35000,4.76,0.25,0.25,0.75,4,0.5,0,0.6,84379,13676,1251,70703,1018,6147,20,-2115
Saskatoon,SSP245,2050,0.01,0.01,0.6,0.2,0.2,130,0.25,0.4,0.5,6.67,2000,25000,4.76,0.35,1,1.5,6,0.7,10,0.6,95114,14673,504,80441,1158,3832,13,-1568
Saskatoon,SSP245,2050,0.05,0.01,0.6,0.2,0.2,130,0.25,0.2,0.5,6.17,2000,30000,4.76,0.4,1,0.75,4,0.7,4,0.6,95114,13988,940,81127,1169,4375,21,-1824
Saskatoon,SSP245,2050,0.01,0.05,0.6,0.2,0.2,130,0.25,0.7,0.3,6.67,2000,40000,4.76,0.4,0.75,1,8,0.7,2,0.6,95114,14673,1686,80441,1158,5221,32,-2417
Saskatoon,SSP245,2050,0.05,0.05,0.6,0.2,0.2,130,0.25,0.2,0.2,6.17,6000,50000,4.76,0.2,0.5,1.5,0,0.7,10,0.6,95114,13988,2553,81127,1169,5765,44,-3123
Saskatoon,SSP245,2050,0.01,0.01,0.6,0.2,0.2,130,0.25,0.2,0.4,6.67,0,30000,4.76,0.3,1.5,1.5,10,0.7,0,0.6,95114,14673,720,80441,1158,3832,19,-1790
Saskatoon,SSP245,2050,0.05,0.01,0.6,0.2,0.2,130,0.25,0.4,0.1,6.17,8000,45000,4.76,0.1,0.75,1,8,0.7,0,0.6,95114,13988,1799,81127,1169,4375,41,-2728
Saskatoon,SSP245,2050,0.01,0.05,0.6,0.2,0.2,130,0.25,0.2,0.6,6.17,0,20000,4.76,0.35,0.5,1.5,10,0.7,4,0.6,95114,13988,720,81127,1169,5221,14,-1237
Saskatoon,SSP245,2050,0.05,0.05,0.6,0.2,0.2,130,0.25,0.1,0.3,6.17,0,30000,5.26,0.25,1,1,4,0.7,2,0.6,95114,15358,959,79757,1148,5765,17,-1810
Saskatoon,SSP245,2050,0.01,0.01,0.6,0.2,0.2,130,0.25,0.4,0.1,6.67,4000,30000,4.76,0.1,0.75,1,6,0.7,4,0.6,95114,14673,759,80441,1158,3832,20,-1838
Saskatoon,SSP245,2050,0.05,0.01,0.6,0.2,0.2,130,0.25,0.1,0.1,6.17,6000,20000,4.76,0.2,0.25,1,2,0.7,4,0.6,95114,13988,397,81127,1169,4375,9,-1269
Saskatoon,SSP245,2050,0.01,0.05,0.6,0.2,0.2,130,0.25,0.2,0.4,6.17,0,20000,4.76,0.2,1.5,1.25,2,0.7,6,0.6,95114,13988,738,81127,1169,5221,14,-1255
Saskatoon,SSP245,2050,0.05,0.05,0.6,0.2,0.2,130,0.25,0.1,0.4,6.67,0,45000,4.76,0.1,0.75,0.5,4,0.7,0,0.6,95114,14673,1967,80441,1158,5765,34,-2682
Saskatoon,SSP245,2050,0.01,0.01,0.6,0.2,0.2,130,0.25,0.4,0.4,6.17,6000,20000,4.76,0.4,0.5,1.5,0,0.7,10,0.6,95114,13988,406,81127,1169,3832,11,-1301
Saskatoon,SSP245,2050,0.05,0.01,0.6,0.2,0.2,130,0.05,0.3,0.1,6.67,0,30000,4.76,0.25,0.25,0.75,8,0.6,10,0.6,89284,13893,818,75392,1086,4375,19,-1864
Saskatoon,SSP245,2050,0.01,0.05,0.6,0.2,0.2,130,0.21,0.6,0.5,6.17,8000,20000,4.76,0.3,1.5,1,2,0.6,2,0.6,90645,13832,598,76813,1106,5221,11,-1222
Saskatoon,SSP245,2050,0.05,0.05,0.6,0.2,0.2,130,0.25,0.1,0.5,6.17,0,25000,4.76,0.35,1.5,1,8,0.7,10,0.6,95114,13988,1094,81127,1169,5765,19,-1599
Saskatoon,SSP245,2050,0.01,0.01,0.6,0.2,0.2,130,0.25,0.2,0.1,6.17,6000,25000,4.76,0.15,0.5,0.75,10,0.6,4,0.6,91187,13988,595,77199,1112,3832,16,-1563
Saskatoon,SSP245,2050,0.05,0.01,0.6,0.2,0.2,130,0.25,0.3,0.5,6.17,0,20000,5.26,0.25,1.5,1.25,4,0.7,2,0.6,95114,15358,13,79757,1148,4375,0,-1207
Saskatoon,SSP245,2050,0.01,0.05,0.6,0.2,0.2,130,0.25,0.1,0.3,6.17,0,30000,4.76,0.2,1.5,1.5,10,0.7,4,0.6,95114,13988,1294,81127,1169,5221,25,-1832
Saskatoon,SSP245,2050,0.05,0.05,0.6,0.2,0.2,130,0.25,0.6,0.1,6.17,0,35000,4.76,0.15,0.5,1,0,0.7,8,0.6,95114,13988,1642,81127,1169,5765,28,-2168
Saskatoon,SSP585,2025,0.01,0.01,0.6,0.2,0.2,130,0.25,0.3,0.6,6.17,0,30000,4.76,0.25,1.5,1.5,6,0.7,10,0.6,97276,13988,915,83288,1200,4109,22,-1856
Saskatoon,SSP585,2025,0.05,0.01,0.6,0.2,0.2,130,0.05,0.7,0.5,6.67,2000,20000,4.76,0.3,0.5,1.5,0,0.6,4,0.6,90906,13893,93,77014,1109,4637,2,-1231
Saskatoon,SSP585,2025,0.01,0.05,0.6,0.2,0.2,130,0.17,0.5,0.6,6.17,10000,35000,4.76,0.4,1,1,4,0.7,10,0.6,96156,13676,1654,82481,1188,5660,29,-2235
Saskatoon,SSP585,2025,0.05,0.05,0.6,0.2,0.2,130,0.21,0.7,0.6,6.17,8000,20000,4.76,0.3,0.25,0.75,2,0.7,8,0.6,96693,13832,765,82861,1193,6188,12,-1345
Saskatoon,SSP585,2025,0.01,0.01,0.6,0.2,0.2,130,0.21,0.3,0.5,6.67,4000,35000,4.76,0.4,1,0.5,4,0.7,8,0.6,96693,14517,1031,82176,1183,4109,25,-2157
Saskatoon,SSP585,2025,0.05,0.01,0.6,0.2,0.2,130,0.21,0.1,0.6,6.17,0,40000,4.76,0.4,1.25,0.75,0,0.7,2,0.6,96693,13832,1397,82861,1193,4637,30,-2396
Saskatoon,SSP585,2025,0.01,0.05,0.6,0.2,0.2,130,0.25,0.6,0.5,6.67,8000,30000,4.76,0.4,0.5,0.5,8,0.7,2,0.6,97276,14673,1131,82603,1190,5660,20,-1857
Saskatoon,SSP585,2025,0.05,0.05,0.6,0.2,0.2,130,0.25,0.4,0.4,7.17,4000,30000,5.26,0.35,1.25,1.25,8,0.7,0,0.6,97276,16728,517,80548,1159,6188,8,-1785
Saskatoon,SSP585,2025,0.01,0.01,0.6,0.2,0.2,130,0.25,0.7,0.1,6.17,4000,25000,4.76,0.25,0.25,0.75,6,0.7,2,0.6,97276,13988,592,83288,1200,4109,14,-1531
Saskatoon,SSP585,2025,0.05,0.01,0.6,0.2,0.2,130,0.21,0.6,0.1,6.17,6000,40000,4.76,0.15,0.75,0.5,2,0.7,2,0.6,96693,13832,1415,82861,1193,4637,31,-2427
Saskatoon,SSP585,2025,0.01,0.05,0.6,0.2,0.2,130,0.21,0.1,0.2,6.17,10000,30000,4.76,0.2,0.25,0.75,4,0.7,6,0.6,96693,13832,1367,82861,1193,5660,24,-1934
Saskatoon,SSP585,2025,0.05,0.05,0.6,0.2,0.2,130,0.25,0.2,0.4,6.67,6000,35000,4.76,0.1,0.5,1.25,10,0.7,8,0.6,97276,14673,1422,82603,1190,6188,23,-2203
Saskatoon,SSP585,2025,0.01,0.01,0.6,0.2,0.2,130,0.25,0.7,0.4,6.67,0,25000,4.76,0.3,0.75,0.75,8,0.6,6,0.6,92805,14673,353,78132,1125,4109,9,-1526
Saskatoon,SSP585,2025,0.05,0.01,0.6,0.2,0.2,130,0.25,0.7,0.2,6.17,0,30000,4.76,0.15,1.5,1,0,0.6,8,0.6,92805,13988,796,78817,1135,4637,17,-1843
Saskatoon,SSP585,2025,0.01,0.05,0.6,0.2,0.2,130,0.25,0.2,0.4,6.67,4000,50000,4.76,0.25,1,0.5,2,0.7,10,0.6,97276,14673,2347,82603,1190,5660,41,-3107
Saskatoon,SSP585,2025,0.05,0.05,0.6,0.2,0.2,130,0.25,0.6,0.4,6.17,8000,25000,4.76,0.25,1,0.75,4,0.7,4,0.6,97276,13988,965,83288,1200,6188,16,-1562
Saskatoon,SSP585,2025,0.01,0.01,0.6,0.2,0.2,130,0.25,0.6,0.6,6.17,2000,25000,4.76,0.35,0.75,1,6,0.7,2,0.6,97276,13988,574,83288,1200,4109,14,-1509
Saskatoon,SSP585,2025,0.05,0.01,0.6,0.2,0.2,130,0.25,0.7,0.3,6.17,0,45000,4.76,0.35,0.75,0.5,4,0.7,4,0.6,97276,13988,1682,83288,1200,4637,36,-2704
Saskatoon,SSP585,2025,0.01,0.05,0.6,0.2,0.2,130,0.25,0.4,0.6,6.17,2000,40000,4.76,0.25,1.25,0.75,6,0.7,4,0.6,97276,13988,1861,83288,1200,5660,33,-2427
Saskatoon,SSP585,2025,0.05,0.05,0.6,0.2,0.2,130,0.25,0.2,0.2,6.17,6000,50000,4.76,0.4,1.25,1.5,10,0.7,4,0.6,97276,13988,2380,83288,1200,6188,38,-3025
Saskatoon,SSP585,2030,0.01,0.01,0.6,0.2,0.2,130,0.25,0.3,0.3,6.17,6000,30000,4.76,0.2,0.5,1.25,6,0.7,4,0.6,94667,13988,829,80679,1162,4118,20,-1850
Saskatoon,SSP585,2030,0.05,0.01,0.6,0.2,0.2,130,0.25,0.1,0.3,6.17,0,35000,4.76,0.15,1.5,1.25,4,0.5,10,0.6,86021,13988,954,72033,1037,4641,21,-2146
Saskatoon,SSP585,2030,0.01,0.05,0.6,0.2,0.2,130,0.25,0.5,0.4,6.17,8000,50000,4.76,0.15,0.75,1.5,2,0.6,6,0.6,90674,13988,2320,76687,1104,5678,41,-3083
Saskatoon,SSP585,2030,0.05,0.05,0.6,0.2,0.2,130,0.25,0.7,0.2,6.17,10000,30000,4.76,0.25,0.5,1,10,0.7,6,0.6,94667,13988,1211,80679,1162,6201,20,-1906
Saskatoon,SSP585,2030,0.01,0.01,0.6,0.2,0.2,130,0.25,0.5,0.4,6.17,2000,20000,4.76,0.1,0.25,1,8,0.7,6,0.6,94667,13988,251,80679,1162,4118,6,-1243
Saskatoon,SSP585,2030,0.05,0.01,0.6,0.2,0.2,130,0.25,0.2,0.1,6.67,0,30000,4.76,0.4,0.5,0.75,2,0.7,6,0.6,94667,14673,593,79994,1152,4641,13,-1827
Saskatoon,SSP585,2030,0.01,0.05,0.6,0.2,0.2,130,0.25,0.2,0.4,6.17,6000,20000,4.76,0.2,0.5,1.25,0,0.7,0,0.6,94667,13988,624,80679,1162,5678,11,-1232
Saskatoon,SSP585,2030,0.05,0.05,0.6,0.2,0.2,130,0.25,0.5,0.1,6.17,4000,50000,5.26,0.2,0.25,1,0,0.7,8,0.6,94667,15358,2041,79309,1142,6201,33,-3100
Saskatoon,SSP585,2030,0.01,0.01,0.6,0.2,0.2,130,0.25,0.2,0.4,6.67,0,50000,4.76,0.4,0.75,1,0,0.7,4,0.6,94667,14673,1788,79994,1152,4118,43,-3006
Saskatoon,SSP585,2030,0.05,0.01,0.6,0.2,0.2,130,0.25,0.4,0.1,6.17,2000,45000,4.76,0.15,0.25,1.5,4,0.7,8,0.6,94667,13988,1645,80679,1162,4641,35,-2748
Saskatoon,SSP585,2030,0.01,0.05,0.6,0.2,0.2,130,0.25,0.1,0.5,6.17,0,30000,4.76,0.15,0.25,1.5,8,0.7,4,0.6,94667,13988,1206,80679,1162,5678,21,-1823
Saskatoon,SSP585,2030,0.05,0.05,0.6,0.2,0.2,130,0.25,0.7,0.6,6.17,8000,30000,4.76,0.1,1.25,0.75,4,0.7,4,0.6,94667,13988,1155,80679,1162,6201,19,-1846
Saskatoon,SSP585,2030,0.01,0.01,0.6,0.2,0.2,130,0.25,0.1,0.3,6.17,10000,25000,4.76,0.35,1.25,1.25,0,0.7,2,0.6,94667,13988,511,80679,1162,4118,12,-1530
Saskatoon,SSP585,2030,0.05,0.01,0.6,0.2,0.2,130,0.25,0.1,0.1,6.17,4000,45000,4.76,0.25,1.25,0.5,2,0.6,2,0.6,90674,13988,1548,76687,1104,4641,33,-2702
Saskatoon,SSP585,2030,0.01,0.05,0.6,0.2,0.2,130,0.25,0.6,0.4,6.17,6000,50000,4.76,0.1,1.25,0.75,6,0.7,8,0.6,94667,13988,2406,80679,1162,5678,42,-3077
Saskatoon,SSP585,2030,0.05,0.05,0.6,0.2,0.2,130,0.25,0.3,0.2,6.17,10000,20000,4.76,0.15,0.25,1.25,6,0.7,0,0.6,94667,13988,589,80679,1162,6201,9,-1263
Saskatoon,SSP585,2030,0.01,0.01,0.6,0.2,0.2,130,0.25,0.4,0.6,6.17,8000,20000,4.76,0.2,1.25,0.75,8,0.7,6,0.6,94667,13988,243,80679,1162,4118,6,-1248
Saskatoon,SSP585,2030,0.05,0.01,0.6,0.2,0.2,130,0.25,0.4,0.1,6.17,0,20000,4.76,0.15,1,1.5,6,0.6,0,0.6,90674,13988,91,76687,1104,4641,2,-1184
Saskatoon,SSP585,2030,0.01,0.05,0.6,0.2,0.2,130,0.25,0.7,0.4,6.67,10000,50000,4.76,0.1,0.5,1,2,0.7,0,0.6,94667,14673,2196,79994,1152,5678,39,-3043
Saskatoon,SSP585,2030,0.05,0.05,0.6,0.2,0.2,130,0.05,0.4,0.5,6.17,10000,30000,4.76,0.2,0.75,0.75,6,0.7,6,0.6,92930,13208,1243,79723,1148,6201,20,-1902
Saskatoon,SSP585,2035,0.01,0.01,0.6,0.2,0.2,130,0.25,0.5,0.5,6.17,8000,20000,4.76,0.1,1.25,0.75,2,0.6,4,0.6,90319,13988,251,76331,1099,3846,7,-1240
Saskatoon,SSP585,2035,0.05,0.01,0.6,0.2,0.2,130,0.21,0.4,0.6,6.17,2000,40000,5.26,0.2,0.5,1.25,8,0.7,4,0.6,93835,15202,1168,78634,1132,4384,27,-2428
Saskatoon,SSP585,2035,0.01,0.05,0.6,0.2,0.2,130,0.25,0.4,0.5,6.67,2000,30000,4.76,0.35,1,1,2,0.7,10,0.6,94381,14673,1167,79709,1148,5248,22,-1900
Saskatoon,SSP585,2035,0.05,0.05,0.6,0.2,0.2,130,0.25,0.7,0.4,6.17,2000,25000,4.76,0.4,1.5,0.5,0,0.6,10,0.6,90319,13988,979,76331,1099,5786,17,-1590
Saskatoon,SSP585,2035,0.01,0.01,0.6,0.2,0.2,130,0.17,0.6,0.1,6.17,4000,45000,4.76,0.3,1,1.25,8,0.7,6,0.6,93356,13676,1777,79681,1148,3846,46,-2741
Saskatoon,SSP585,2035,0.05,0.01,0.6,0.2,0.2,130,0.25,0.6,0.1,6.17,8000,20000,4.76,0.4,1,1.5,8,0.7,8,0.6,94381,13988,378,80394,1158,4384,9,-1283
Saskatoon,SSP585,2035,0.01,0.05,0.6,0.2,0.2,130,0.21,0.2,0.3,6.17,8000,30000,4.76,0.15,0.75,0.5,10,0.7,8,0.6,93835,13832,1334,80004,1152,5248,25,-1918
Saskatoon,SSP585,2035,0.05,0.05,0.6,0.2,0.2,130,0.25,0.1,0.2,6.17,6000,40000,4.76,0.35,1,0.5,2,0.7,4,0.6,94381,13988,1870,80394,1158,5786,32,-2449
Saskatoon,SSP585,2035,0.01,0.01,0.6,0.2,0.2,130,0.25,0.7,0.3,6.67,2000,35000,4.76,0.15,0.25,0.75,10,0.7,4,0.6,94381,14673,1023,79709,1148,3846,27,-2131
Saskatoon,SSP585,2035,0.05,0.01,0.6,0.2,0.2,130,0.21,0.6,0.2,6.17,2000,40000,5.26,0.1,1.25,0.5,10,0.5,2,0.6,84741,15202,1027,69540,1001,4384,23,-2415
Saskatoon,SSP585,2035,0.01,0.05,0.6,0.2,0.2,130,0.25,0.6,0.3,6.17,4000,25000,4.76,0.3,0.25,1.5,0,0.7,0,0.6,94381,13988,961,80394,1158,5248,18,-1521
Saskatoon,SSP585,2035,0.05,0.05,0.6,0.2,0.2,130,0.25,0.7,0.5,6.17,4000,45000,4.76,0.2,0.75,0.75,6,0.7,6,0.6,94381,13988,2182,80394,1158,5786,38,-2767
Saskatoon,SSP585,2035,0.01,0.01,0.6,0.2,0.2,130,0.25,0.4,0.2,6.17,8000,25000,4.76,0.15,1.5,1.25,10,0.7,8,0.6,94381,13988,625,80394,1158,3846,16,-1557
Saskatoon,SSP585,2035,0.05,0.01,0.6,0.2,0.2,130,0.21,0.1,0.3,7.17,4000,30000,6.76,0.4,1.5,1.25,2,0.4,8,0.6,78536,20682,-993,57854,831,4384,-23,-1838
Saskatoon,SSP585,2035,0.01,0.05,0.6,0.2,0.2,130,0.25,0.7,0.5,6.17,0,20000,4.76,0.4,1.5,0.5,10,0.7,4,0.6,94381,13988,695,80394,1158,5248,13,-1236
Saskatoon,SSP585,2035,0.05,0.05,0.6,0.2,0.2,130,0.25,0.7,0.3,6.17,8000,20000,4.76,0.2,0.5,1,2,0.7,0,0.6,94381,13988,706,80394,1158,5786,12,-1247
Saskatoon,SSP585,2035,0.01,0.01,0.6,0.2,0.2,130,0.25,0.5,0.3,6.17,10000,20000,4.76,0.35,1,1.25,6,0.7,10,0.6,94381,13988,377,80394,1158,3846,10,-1303
Saskatoon,SSP585,2035,0.05,0.01,0.6,0.2,0.2,130,0.09,0.6,0.3,7.17,4000,20000,9.26,0.3,1,1,2,0.7,6,0.5,79583,25114,-3192,54470,780,4384,-73,-1241
Saskatoon,SSP585,2035,0.01,0.05,0.6,0.2,0.2,130,0.25,0.1,0.6,6.17,2000,35000,4.76,0.2,1.25,1.5,0,0.7,10,0.6,94381,13988,1618,80394,1158,5248,31,-2194
Saskatoon,SSP585,2035,0.05,0.05,0.6,0.2,0.2,130,0.25,0.7,0.1,7.17,10000,20000,4.76,0.2,0.5,1.25,0,0.7,2,0.6,94381,15358,401,79024,1138,5786,7,-1280
Saskatoon,SSP585,2040,0.01,0.01,0.6,0.2,0.2,130,0.25,0.4,0.4,6.17,4000,25000,4.76,0.4,1,0.5,8,0.6,6,0.6,91196,13988,533,77208,1112,3975,13,-1546
Saskatoon,SSP585,2040,0.05,0.01,0.6,0.2,0.2,130,0.25,0.1,0.6,6.17,4000,50000,4.76,0.2,1.25,1.25,4,0.7,4,0.6,94895,13988,1980,80908,1165,4529,44,-3014
Saskatoon,SSP585,2040,0.01,0.05,0.6,0.2,0.2,130,0.21,0.3,0.6,6.17,6000,45000,4.76,0.1,0.75,0.5,10,0.7,8,0.6,94327,13832,2167,80495,1159,5430,40,-2796
Saskatoon,SSP585,2040,0.05,0.05,0.6,0.2,0.2,130,0.25,0.5,0.4,6.17,2000,20000,4.76,0.4,1.25,1,8,0.7,10,0.6,94895,13988,716,80908,1165,5984,12,-1301
Saskatoon,SSP585,2040,0.01,0.01,0.6,0.2,0.2,130,0.25,0.4,0.6,6.17,4000,40000,4.76,0.15,0.75,1.25,8,0.7,4,0.6,94895,13988,1438,80908,1165,3975,36,-2429
Saskatoon,SSP585,2040,0.05,0.01,0.6,0.2,0.2,130,0.25,0.7,0.5,6.17,0,20000,4.76,0.35,0.5,1.5,2,0.6,8,0.6,91196,13988,253,77208,1112,4529,6,-1245
Saskatoon,SSP585,2040,0.01,0.05,0.6,0.2,0.2,130,0.25,0.3,0.5,6.17,0,50000,4.76,0.25,0.25,1,6,0.7,4,0.6,94895,13988,2395,80908,1165,5430,44,-3018
Saskatoon,SSP585,2040,0.05,0.05,0.6,0.2,0.2,130,0.25,0.4,0.1,6.17,6000,25000,4.76,0.15,1,1,0,0.7,10,0.6,94895,13988,1019,80908,1165,5984,17,-1623
Saskatoon,SSP585,2040,0.01,0.01,0.6,0.2,0.2,130,0.25,0.4,0.3,6.17,0,30000,5.26,0.4,0.75,1.25,10,0.7,0,0.6,94895,15358,486,79538,1145,3975,12,-1782
Saskatoon,SSP585,2040,0.05,0.01,0.6,0.2,0.2,130,0.25,0.4,0.3,6.17,0,20000,5.26,0.2,1,1.25,10,0.7,0,0.6,94895,15358,-112,79538,1145,4529,-2,-1184
Saskatoon,SSP585,2040,0.01,0.05,0.6,0.2,0.2,130,0.25,0.1,0.2,6.67,8000,25000,4.76,0.2,1.5,0.75,8,0.7,8,0.6,94895,14673,829,80223,1155,5430,15,-1583
Saskatoon,SSP585,2040,0.05,0.05,0.6,0.2,0.2,130,0.25,0.7,0.1,6.17,0,40000,4.76,0.35,0.5,0.5,2,0.7,2,0.6,94895,13988,1778,80908,1165,5984,30,-2402
Saskatoon,SSP585,2040,0.01,0.01,0.6,0.2,0.2,130,0.17,0.2,0.1,7.17,2000,40000,4.76,0.4,1.25,0.75,6,0.7,8,0.6,93785,15046,1123,78739,1134,3975,28,-2442
Saskatoon,SSP585,2040,0.05,0.01,0.6,0.2,0.2,130,0.25,0.1,0.3,6.17,6000,20000,4.76,0.4,0.75,1,4,0.6,6,0.6,91196,13988,260,77208,1112,4529,6,-1264
Saskatoon,SSP585,2040,0.01,0.05,0.6,0.2,0.2,130,0.25,0.7,0.2,6.17,0,25000,4.76,0.25,1,1,6,0.7,8,0.6,94895,13988,1004,80908,1165,5430,18,-1574
Saskatoon,SSP585,2040,0.05,0.05,0.6,0.2,0.2,130,0.09,0.2,0.4,6.17,2000,40000,4.76,0.25,1,1.5,4,0.7,8,0.6,92879,13364,1859,79515,1145,5984,31,-2474
Saskatoon,SSP585,2040,0.01,0.01,0.6,0.2,0.2,130,0.21,0.7,0.2,8.67,10000,30000,5.76,0.4,1.25,1.5,8,0.7,8,0.5,80879,18047,-740,62833,903,3975,-19,-1846
Saskatoon,SSP585,2040,0.05,0.01,0.6,0.2,0.2,130,0.25,0.1,0.5,6.17,6000,35000,4.76,0.35,1.25,1,0,0.7,0,0.6,94895,13988,1094,80908,1165,4529,24,-2100
Saskatoon,SSP585,2040,0.01,0.05,0.6,0.2,0.2,130,0.25,0.3,0.6,6.17,0,20000,4.76,0.3,0.75,0.5,4,0.7,10,0.6,94895,13988,740,80908,1165,5430,14,-1299
Saskatoon,SSP585,2040,0.05,0.05,0.6,0.2,0.2,130,0.17,0.5,0.2,7.17,2000,25000,7.76,0.4,1,1.5,6,0.7,4,0.3,53442,17416,-2188,36027,515,5984,-37,-1465
Saskatoon,SSP585,2045,0.01,0.01,0.6,0.2,0.2,130,0.25,0.2,0.6,7.17,8000,25000,5.26,0.4,1.5,0.5,2,0.7,4,0.6,93875,16728,7,77147,1110,3691,0,-1527
Saskatoon,SSP585,2045,0.05,0.01,0.6,0.2,0.2,130,0.21,0.4,0.6,6.17,8000,20000,4.76,0.2,0.75,1,10,0.7,8,0.6,93355,13832,576,79524,1146,4265,14,-1314
Saskatoon,SSP585,2045,0.01,0.05,0.6,0.2,0.2,130,0.25,0.2,0.5,6.17,8000,25000,4.76,0.35,1.25,1.5,6,0.7,0,0.6,93875,13988,1003,79887,1151,4975,20,-1521
Saskatoon,SSP585,2045,0.05,0.05,0.6,0.2,0.2,130,0.25,0.1,0.4,6.17,4000,20000,5.26,0.3,1.5,0.75,10,0.7,2,0.6,93875,15358,503,78517,1131,5549,9,-1242
Saskatoon,SSP585,2045,0.01,0.01,0.6,0.2,0.2,130,0.25,0.1,0.3,6.17,10000,20000,4.76,0.1,0.25,1.25,6,0.7,6,0.6,93875,13988,477,79887,1151,3691,13,-1321
Saskatoon,SSP585,2045,0.05,0.01,0.6,0.2,0.2,130,0.25,0.7,0.2,6.17,6000,20000,4.76,0.2,0.75,1,0,0.6,6,0.6,91473,13988,525,77485,1116,4265,12,-1259
Saskatoon,SSP585,2045,0.01,0.05,0.6,0.2,0.2,130,0.21,0.2,0.6,6.17,4000,20000,4.76,0.2,1,0.75,8,0.6,6,0.6,90973,13832,739,77141,1111,4975,15,-1280
Saskatoon,SSP585,2045,0.05,0.05,0.6,0.2,0.2,130,0.25,0.6,0.2,6.17,8000,20000,4.76,0.1,0.25,1.25,10,0.7,0,0.6,93875,13988,870,79887,1151,5549,16,-1284
Saskatoon,SSP585,2045,0.01,0.01,0.6,0.2,0.2,130,0.25,0.6,0.1,6.17,4000,25000,4.76,0.15,1,1.5,8,0.5,8,0.6,88603,13988,675,74616,1075,3691,18,-1571
Saskatoon,SSP585,2045,0.05,0.01,0.6,0.2,0.2,130,0.25,0.6,0.4,6.17,2000,25000,4.76,0.25,1.25,1.5,10,0.7,0,0.6,93875,13988,777,79887,1151,4265,18,-1521
Saskatoon,SSP585,2045,0.01,0.05,0.6,0.2,0.2,130,0.25,0.1,0.2,6.17,0,40000,4.76,0.3,1.5,0.5,2,0.7,0,0.6,93875,13988,1852,79887,1151,4975,37,-2385
Saskatoon,SSP585,2045,0.05,0.05,0.6,0.2,0.2,130,0.21,0.5,0.1,6.17,6000,20000,4.76,0.1,0.75,0.75,10,0.6,8,0.6,90973,13832,917,77141,1111,5549,17,-1333
Saskatoon,SSP585,2045,0.01,0.01,0.6,0.2,0.2,130,0.25,0.5,0.1,6.17,4000,35000,4.76,0.4,0.25,0.75,8,0.7,10,0.6,93875,13988,1330,79887,1151,3691,36,-2194
Saskatoon,SSP585,2045,0.05,0.01,0.6,0.2,0.2,130,0.25,0.4,0.3,6.17,2000,25000,5.26,0.15,1.5,1.5,10,0.7,2,0.6,93875,15358,452,78517,1131,4265,11,-1531
Saskatoon,SSP585,2045,0.01,0.05,0.6,0.2,0.2,130,0.25,0.3,0.1,6.17,0,40000,4.76,0.3,0.25,1.5,2,0.7,8,0.6,93875,13988,1929,79887,1151,4975,39,-2462
Saskatoon,SSP585,2045,0.05,0.05,0.6,0.2,0.2,130,0.17,0.6,0.6,6.17,8000,25000,4.76,0.4,1,1.25,10,0.7,6,0.6,92890,13676,1194,79214,1141,5549,22,-1609
Saskatoon,SSP585,2045,0.01,0.01,0.6,0.2,0.2,130,0.25,0.3,0.4,6.17,4000,20000,4.76,0.1,0.25,0.5,6,0.7,6,0.6,93875,13988,440,79887,1151,3691,12,-1272
Saskatoon,SSP585,2045,0.05,0.01,0.6,0.2,0.2,130,0.17,0.1,0.4,6.17,2000,20000,4.76,0.1,0.25,1.5,6,0.7,2,0.6,92890,13676,523,79214,1141,4265,12,-1238
Saskatoon,SSP585,2045,0.01,0.05,0.6,0.2,0.2,130,0.25,0.3,0.3,6.17,0,20000,4.76,0.35,0.75,1.5,10,0.5,10,0.6,88603,13988,719,74616,1075,4975,14,-1303
Saskatoon,SSP585,2045,0.05,0.05,0.6,0.2,0.2,130,0.25,0.1,0.5,6.67,4000,40000,8.76,0.35,0.5,1.25,6,0.6,6,0.6,91473,25633,-820,65840,945,5549,-15,-2484
Saskatoon,SSP585,2050,0.01,0.01,0.6,0.2,0.2,130,0.25,0.6,0.5,6.17,6000,20000,5.26,0.15,1.5,1,8,0.7,6,0.6,94768,15358,-4,79411,1143,3945,0,-1242
Saskatoon,SSP585,2050,0.05,0.01,0.6,0.2,0.2,130,0.25,0.5,0.5,6.67,8000,35000,5.26,0.35,1.5,1.5,2,0.7,6,0.6,94768,16043,702,78726,1133,4526,16,-2136
Saskatoon,SSP585,2050,0.01,0.05,0.6,0.2,0.2,130,0.13,0.1,0.4,7.67,10000,20000,5.26,0.15,1,1,8,0.4,0,0.4,54923,13045,-639,41879,601,5355,-12,-1204
Saskatoon,SSP585,2050,0.05,0.05,0.6,0.2,0.2,130,0.25,0.3,0.1,6.17,0,20000,4.76,0.2,0.25,0.75,8,0.7,6,0.6,94768,13988,741,80781,1164,5937,12,-1258
Saskatoon,SSP585,2050,0.01,0.01,0.6,0.2,0.2,130,0.21,0.2,0.6,7.17,0,30000,4.76,0.35,1.5,1.5,2,0.7,10,0.6,94205,15202,602,79003,1138,3945,15,-1855
Saskatoon,SSP585,2050,0.05,0.01,0.6,0.2,0.2,130,0.13,0.6,0.4,6.17,4000,25000,4.76,0.25,1,1,10,0.7,6,0.6,93314,13520,685,79794,1149,4526,15,-1556
Saskatoon,SSP585,2050,0.01,0.05,0.6,0.2,0.2,130,0.25,0.6,0.6,6.67,6000,50000,4.76,0.4,0.5,0.5,4,0.7,2,0.6,94768,14673,2264,80096,1153,5355,42,-3040
Saskatoon,SSP585,2050,0.05,0.05,0.6,0.2,0.2,130,0.21,0.5,0.5,6.17,4000,45000,4.76,0.2,1,1.25,4,0.7,8,0.6,94205,13832,2208,80373,1158,5937,37,-2782
Saskatoon,SSP585,2050,0.01,0.01,0.6,0.2,0.2,130,0.17,0.6,0.5,6.67,6000,45000,4.76,0.15,1,1,10,0.7,10,0.6,93737,14361,1650,79377,1143,3945,42,-2777
Saskatoon,SSP585,2050,0.05,0.01,0.6,0.2,0.2,130,0.09,0.3,0.6,6.17,2000,20000,4.76,0.35,0.25,1.5,4,0.7,4,0.6,92970,13364,390,79606,1147,4526,9,-1239
Saskatoon,SSP585,2050,0.01,0.05,0.6,0.2,0.2,130,0.13,0.2,0.2,6.17,2000,30000,4.76,0.2,0.25,1.25,2,0.7,4,0.6,93314,13520,1278,79794,1149,5355,24,-1845
Saskatoon,SSP585,2050,0.05,0.05,0.6,0.2,0.2,130,0.25,0.1,0.5,6.17,2000,30000,4.76,0.3,0.25,0.75,8,0.7,6,0.6,94768,13988,1327,80781,1164,5937,22,-1870
Saskatoon,SSP585,2050,0.01,0.01,0.6,0.2,0.2,130,0.25,0.2,0.4,6.17,0,25000,5.26,0.25,1.25,1.25,4,0.5,4,0.6,88221,15358,187,72863,1049,3945,5,-1518
Saskatoon,SSP585,2050,0.05,0.01,0.6,0.2,0.2,130,0.21,0.7,0.5,6.67,0,40000,4.76,0.35,1.5,1.5,0,0.7,2,0.6,94205,14517,1312,79688,1148,4526,29,-2395
Saskatoon,SSP585,2050,0.01,0.05,0.6,0.2,0.2,130,0.25,0.7,0.4,6.17,8000,25000,4.76,0.25,1.5,1.5,4,0.7,8,0.6,94768,13988,1025,80781,1164,5355,19,-1585
Saskatoon,SSP585,2050,0.05,0.05,0.6,0.2,0.2,130,0.13,0.2,0.6,6.17,2000,35000,4.76,0.3,1.25,1,4,0.7,10,0.6,93314,13520,1658,79794,1149,5937,28,-2195
Saskatoon,SSP585,2050,0.01,0.01,0.6,0.2,0.2,130,0.25,0.7,0.4,6.67,4000,30000,4.76,0.35,1.5,0.75,8,0.7,6,0.6,94768,14673,740,80096,1153,3945,19,-1835
Saskatoon,SSP585,2050,0.05,0.01,0.6,0.2,0.2,130,0.25,0.7,0.2,6.17,4000,35000,4.76,0.3,1.5,0.5,0,0.7,2,0.6,94768,13988,1179,80781,1164,4526,26,-2103
Saskatoon,SSP585,2050,0.01,0.05,0.6,0.2,0.2,130,0.25,0.3,0.1,6.17,0,25000,5.26,0.3,0.25,0.75,6,0.7,4,0.6,94768,15358,655,79411,1143,5355,12,-1532
Saskatoon,SSP585,2050,0.05,0.05,0.6,0.2,0.2,130,0.05,0.7,0.1,7.67,4000,20000,5.26,0.15,0.25,1.5,4,0.6,0,0.6,89824,16633,-131,73191,1053,5937,-2,-1232
StJohns,SSP126,2025,0.01,0.01,0.6,0.2,0.2,130,0.05,0.6,0.1,5.46,0,30000,4.05,0.3,1,1,4,0.7,4,0.1,1444,3458,1237,-2014,-30,5887,21,-1809
StJohns,SSP126,2025,0.05,0.01,0.6,0.2,0.2,130,0.05,0.6,0.4,5.46,10000,45000,4.05,0.1,0.5,1.5,8,0.7,8,0.1,1444,3458,2498,-2014,-30,8904,28,-2818
StJohns,SSP126,2025,0.01,0.05,0.6,0.2,0.2,130,0.05,0.6,0.5,5.46,6000,20000,4.05,0.25,0.75,0.75,2,0.7,4,0.1,1444,3458,672,-2014,-30,5887,11,-1235
StJohns,SSP126,2025,0.05,0.05,0.6,0.2,0.2,130,0.05,0.1,0.4,5.46,2000,25000,4.05,0.3,1,1.25,10,0.7,8,0.1,1444,3458,1324,-2014,-30,8904,15,-1585
StJohns,SSP126,2025,0.01,0.01,0.6,0.2,0.2,130,0.05,0.5,0.2,5.96,0,20000,4.05,0.1,1,1,10,0.7,4,0.1,1444,4143,530,-2699,-40,5887,9,-1248
StJohns,SSP126,2025,0.05,0.01,0.6,0.2,0.2,130,0.05,0.3,0.1,5.46,8000,20000,4.05,0.4,1.5,1.25,4,0.7,2,0.1,1444,3458,974,-2014,-30,8904,11,-1236
StJohns,SSP126,2025,0.01,0.05,0.6,0.2,0.2,130,0.13,0.3,0.2,5.46,2000,20000,4.05,0.35,0.5,1,8,0.7,4,0.1,1444,3770,690,-2326,-35,5887,12,-1251
StJohns,SSP126,2025,0.05,0.05,0.6,0.2,0.2,130,0.05,0.5,0.2,5.96,6000,30000,4.05,0.15,1,0.5,0,0.7,6,0.1,1444,4143,1364,-2699,-40,8904,15,-1811
StJohns,SSP126,2025,0.01,0.01,0.6,0.2,0.2,130,0.05,0.4,0.3,5.46,6000,30000,4.05,0.1,1.5,0.5,2,0.7,4,0.1,1444,3458,1220,-2014,-30,5887,21,-1805
StJohns,SSP126,2025,0.05,0.01,0.6,0.2,0.2,130,0.05,0.2,0.5,5.46,6000,20000,4.05,0.25,1.25,1.25,0,0.7,6,0.1,1444,3458,948,-2014,-30,8904,11,-1207
StJohns,SSP126,2025,0.01,0.05,0.6,0.2,0.2,130,0.05,0.3,0.5,5.46,0,25000,4.05,0.25,0.5,1,8,0.7,10,0.1,1444,3458,973,-2014,-30,5887,17,-1535
StJohns,SSP126,2025,0.05,0.05,0.6,0.2,0.2,130,0.05,0.2,0.1,5.46,2000,20000,4.05,0.35,0.75,0.5,6,0.7,0,0.1,1444,3458,1005,-2014,-30,8904,11,-1255
StJohns,SSP126,2025,0.01,0.01,0.6,0.2,0.2,130,0.05,0.1,0.2,5.46,6000,50000,4.05,0.1,0.75,0.5,0,0.7,0,0.1,1444,3458,2382,-2014,-30,5887,40,-3010
StJohns,SSP126,2025,0.05,0.01,0.6,0.2,0.2,130,0.05,0.2,0.3,5.46,2000,40000,4.05,0.2,1,0.5,10,0.6,10,0.1,1056,3458,1919,-2402,-36,8904,22,-2454
StJohns,SSP126,2025,0.01,0.05,0.6,0.2,0.2,130,0.05,0.6,0.3,5.96,6000,20000,4.05,0.25,1.5,1.5,8,0.6,4,0.1,1056,4143,340,-3087,-46,5887,6,-1232
StJohns,SSP126,2025,0.05,0.05,0.6,0.2,0.2,130,0.05,0.3,0.3,5.46,10000,35000,4.05,0.35,1,1.5,2,0.7,4,0.1,1444,3458,1844,-2014,-30,8904,21,-2142
StJohns,SSP126,2025,0.01,0.01,0.6,0.2,0.2,130,0.05,0.1,0.4,5.46,2000,50000,4.05,0.2,1.5,1.5,10,0.7,4,0.1,1444,3458,2418,-2014,-30,5887,41,-3037
StJohns,SSP126,2025,0.05,0.01,0.6,0.2,0.2,130,0.05,0.4,0.3,5.46,10000,30000,4.05,0.35,0.5,0.75,2,0.7,8,0.1,1444,3458,1584,-2014,-30,8904,18,-1872
StJohns,SSP126,2025,0.01,0.05,0.6,0.2,0.2,130,0.09,0.7,0.2,5.46,4000,30000,4.05,0.4,1.5,0.5,10,0.7,2,0.1,1444,3614,1266,-2170,-32,5887,21,-1849
StJohns,SSP126,2025,0.05,0.05,0.6,0.2,0.2,130,0.05,0.3,0.6,5.46,6000,50000,4.05,0.15,0.25,1.5,6,0.7,8,0.1,1444,3458,2757,-2014,-30,8904,31,-3079
StJohns,SSP126,2030,0.01,0.01,0.6,0.2,0.2,130,0.05,0.6,0.6,5.46,4000,40000,4.05,0.4,1.5,1.25,0,0.7,4,0.1,1391,3458,1763,-2067,-31,5555,32,-2386
StJohns,SSP126,2030,0.05,0.01,0.6,0.2,0.2,130,0.05,0.6,0.6,5.46,4000,20000,4.05,0.2,1.5,0.75,2,0.7,8,0.1,1391,3458,925,-2067,-31,8397,11,-1213
StJohns,SSP126,2030,0.01,0.05,0.6,0.2,0.2,130,0.05,0.5,0.3,5.46,8000,20000,4.05,0.25,1.5,0.75,10,0.7,10,0.1,1391,3458,667,-2067,-31,5555,12,-1257
StJohns,SSP126,2030,0.05,0.05,0.6,0.2,0.2,130,0.05,0.7,0.3,5.46,10000,25000,4.05,0.25,1.5,0.75,10,0.6,2,0.1,1032,3458,1029,-2426,-36,8397,12,-1564
StJohns,SSP126,2030,0.01,0.01,0.6,0.2,0.2,130,0.05,0.4,0.2,5.46,6000,20000,4.05,0.2,0.5,1.5,8,0.7,8,0.1,1391,3458,691,-2067,-31,5555,12,-1276
StJohns,SSP126,2030,0.05,0.01,0.6,0.2,0.2,130,0.05,0.1,0.2,5.46,10000,20000,4.05,0.15,1.25,0.75,10,0.6,8,0.1,1032,3458,756,-2426,-36,8397,9,-1281
StJohns,SSP126,2030,0.01,0.05,0.6,0.2,0.2,130,0.09,0.3,0.5,5.46,4000,30000,4.05,0.1,0.5,1.25,2,0.7,10,0.1,1391,3614,1219,-2223,-33,5555,22,-1825
StJohns,SSP126,2030,0.05,0.05,0.6,0.2,0.2,130,0.05,0.1,0.6,5.96,2000,40000,4.05,0.3,1,1,4,0.7,2,0.1,1391,4143,1931,-2752,-41,8397,23,-2424
StJohns,SSP126,2030,0.01,0.01,0.6,0.2,0.2,130,0.09,0.6,0.5,5.46,4000,40000,4.05,0.35,1,0.5,0,0.7,4,0.1,1391,3614,1771,-2223,-33,5555,32,-2398
StJohns,SSP126,2030,0.05,0.01,0.6,0.2,0.2,130,0.05,0.4,0.3,5.96,2000,35000,4.05,0.2,0.5,0.5,2,0.7,10,0.1,1391,4143,1632,-2752,-41,8397,19,-2114
StJohns,SSP126,2030,0.01,0.05,0.6,0.2,0.2,130,0.13,0.2,0.5,5.46,2000,35000,4.05,0.1,1.5,0.75,6,0.7,2,0.1,1391,3770,1505,-2379,-35,5555,27,-2120
StJohns,SSP126,2030,0.05,0.05,0.6,0.2,0.2,130,0.05,0.5,0.1,5.96,2000,35000,4.05,0.3,0.5,1.25,2,0.7,8,0.1,1391,4143,1632,-2752,-41,8397,19,-2114
StJohns,SSP126,2030,0.01,0.01,0.6,0.2,0.2,130,0.05,0.3,0.1,5.46,4000,25000,4.05,0.2,1.5,1,10,0.7,6,0.1,1391,3458,957,-2067,-31,5555,17,-1549
StJohns,SSP126,2030,0.05,0.01,0.6,0.2,0.2,130,0.05,0.5,0.6,5.46,4000,30000,4.55,0.25,1.25,0.5,0,0.7,6,0.1,1391,4828,1153,-3437,-51,8397,14,-1797
StJohns,SSP126,2030,0.01,0.05,0.6,0.2,0.2,130,0.21,0.4,0.6,5.46,8000,20000,4.05,0.15,0.25,1.25,10,0.7,0,0.1,1391,4082,711,-2691,-40,5555,13,-1312
StJohns,SSP126,2030,0.05,0.05,0.6,0.2,0.2,130,0.09,0.4,0.4,5.96,4000,35000,4.05,0.4,1,1.25,2,0.7,2,0.1,1391,4299,1628,-2908,-43,8397,19,-2117
StJohns,SSP126,2030,0.01,0.01,0.6,0.2,0.2,130,0.05,0.5,0.3,5.46,8000,40000,4.05,0.15,0.25,0.5,6,0.7,0,0.1,1391,3458,1848,-2067,-31,5555,33,-2480
StJohns,SSP126,2030,0.05,0.01,0.6,0.2,0.2,130,0.05,0.1,0.3,5.46,0,30000,4.05,0.3,0.5,1,8,0.7,0,0.1,1391,3458,1554,-2067,-31,8397,19,-1854
StJohns,SSP126,2030,0.01,0.05,0.6,0.2,0.2,130,0.05,0.1,0.2,5.46,0,25000,4.05,0.25,1.25,1,8,0.7,4,0.1,1391,3458,949,-2067,-31,5555,17,-1533
StJohns,SSP126,2030,0.05,0.05,0.6,0.2,0.2,130,0.05,0.2,0.5,5.46,8000,45000,4.55,0.35,1.5,1,0,0.7,8,0.1,1391,4828,2006,-3437,-51,8397,24,-2689
StJohns,SSP126,2035,0.01,0.01,0.6,0.2,0.2,130,0.09,0.3,0.5,5.96,6000,30000,4.05,0.2,0.5,1,2,0.7,2,0.1,1064,4299,923,-3235,-48,5353,17,-1836
StJohns,SSP126,2035,0.05,0.01,0.6,0.2,0.2,130,0.05,0.4,0.6,5.46,10000,35000,4.55,0.3,1,0.5,0,0.6,6,0.1,789,4828,1081,-4039,-60,8088,13,-2125
StJohns,SSP126,2035,0.01,0.05,0.6,0.2,0.2,130,0.05,0.2,0.6,5.46,10000,25000,4.05,0.3,0.5,1.5,0,0.6,4,0.1,789,3458,702,-2669,-39,5353,13,-1557
StJohns,SSP126,2035,0.05,0.05,0.6,0.2,0.2,130,0.05,0.6,0.2,5.46,8000,45000,4.05,0.35,0.25,1.5,8,0.7,4,0.1,1064,3458,2243,-2394,-35,8088,28,-2797
StJohns,SSP126,2035,0.01,0.01,0.6,0.2,0.2,130,0.05,0.4,0.1,5.46,0,40000,4.05,0.2,1.5,1.25,10,0.7,10,0.1,1064,3458,1673,-2394,-35,5353,31,-2424
StJohns,SSP126,2035,0.05,0.01,0.6,0.2,0.2,130,0.09,0.2,0.3,5.46,2000,25000,4.05,0.25,1.5,1.25,6,0.7,8,0.1,1064,3614,1029,-2550,-38,8088,13,-1530
StJohns,SSP126,2035,0.01,0.05,0.6,0.2,0.2,130,0.05,0.2,0.1,5.46,0,40000,4.05,0.4,1.5,0.5,0,0.7,6,0.1,1064,3458,1630,-2394,-35,5353,30,-2381
StJohns,SSP126,2035,0.05,0.05,0.6,0.2,0.2,130,0.05,0.2,0.4,6.46,0,25000,4.05,0.25,1.5,1.5,4,0.7,0,0.1,1064,4828,685,-3764,-56,8088,8,-1514
StJohns,SSP126,2035,0.01,0.01,0.6,0.2,0.2,130,0.05,0.6,0.3,5.46,8000,40000,4.05,0.4,1.5,0.5,4,0.6,6,0.1,789,3458,1522,-2669,-39,5353,28,-2404
StJohns,SSP126,2035,0.05,0.01,0.6,0.2,0.2,130,0.05,0.3,0.5,5.46,10000,35000,4.05,0.15,0.75,1.5,10,0.7,4,0.1,1064,3458,1667,-2394,-35,8088,21,-2204
StJohns,SSP126,2035,0.01,0.05,0.6,0.2,0.2,130,0.05,0.6,0.3,5.46,8000,20000,4.05,0.2,1,1,2,0.7,4,0.1,1064,3458,507,-2394,-35,5353,9,-1232
StJohns,SSP126,2035,0.05,0.05,0.6,0.2,0.2,130,0.09,0.7,0.5,5.46,0,25000,4.05,0.3,1.5,1.5,6,0.5,0,0.1,441,3614,617,-3172,-47,8088,8,-1504
StJohns,SSP126,2035,0.01,0.01,0.6,0.2,0.2,130,0.17,0.4,0.3,5.46,6000,20000,4.55,0.2,0.5,1.5,4,0.7,6,0.1,1064,5296,184,-4232,-62,5353,3,-1249
StJohns,SSP126,2035,0.05,0.01,0.6,0.2,0.2,130,0.05,0.4,0.1,5.46,8000,20000,4.05,0.15,0.5,0.5,8,0.7,8,0.1,1064,3458,797,-2394,-35,8088,10,-1298
StJohns,SSP126,2035,0.01,0.05,0.6,0.2,0.2,130,0.05,0.1,0.5,5.46,0,25000,4.05,0.25,1,1.25,4,0.7,6,0.1,1064,3458,786,-2394,-35,5353,15,-1505
StJohns,SSP126,2035,0.05,0.05,0.6,0.2,0.2,130,0.05,0.6,0.2,5.46,6000,25000,4.05,0.15,0.75,1.5,0,0.7,10,0.1,1064,3458,1014,-2394,-35,8088,13,-1521
StJohns,SSP126,2035,0.01,0.01,0.6,0.2,0.2,130,0.09,0.1,0.1,5.46,4000,20000,4.05,0.15,0.5,1.25,2,0.6,0,0.1,789,3614,390,-2825,-42,5353,7,-1224
StJohns,SSP126,2035,0.05,0.01,0.6,0.2,0.2,130,0.05,0.1,0.4,5.46,4000,20000,4.05,0.3,0.75,0.5,0,0.7,0,0.1,1064,3458,720,-2394,-35,8088,9,-1213
StJohns,SSP126,2035,0.01,0.05,0.6,0.2,0.2,130,0.05,0.4,0.2,5.46,2000,45000,4.05,0.1,0.5,0.5,10,0.7,0,0.1,1064,3458,1970,-2394,-35,5353,37,-2735
StJohns,SSP126,2035,0.05,0.05,0.6,0.2,0.2,130,0.05,0.5,0.2,5.46,8000,35000,4.05,0.1,1.5,1,8,0.7,8,0.1,1064,3458,1614,-2394,-35,8088,20,-2146
StJohns,SSP126,2040,0.01,0.01,0.6,0.2,0.2,130,0.05,0.4,0.6,5.46,6000,25000,4.05,0.3,0.5,1.25,2,0.7,6,0.1,1225,3458,874,-2233,-33,5297,17,-1539
StJohns,SSP126,2040,0.05,0.01,0.6,0.2,0.2,130,0.05,0.1,0.2,5.46,8000,20000,4.05,0.4,1,0.5,2,0.7,6,0.1,1225,3458,839,-2233,-33,8002,10,-1239
StJohns,SSP126,2040,0.01,0.05,0.6,0.2,0.2,130,0.25,0.3,0.2,5.96,2000,45000,4.05,0.3,0.75,0.5,10,0.7,0,0.1,1225,4923,1858,-3698,-55,5297,35,-2739
StJohns,SSP126,2040,0.05,0.05,0.6,0.2,0.2,130,0.05,0.2,0.1,5.46,0,45000,4.05,0.2,1,1.25,4,0.7,10,0.1,1225,3458,2273,-2233,-33,8002,28,-2709
StJohns,SSP126,2040,0.01,0.01,0.6,0.2,0.2,130,0.05,0.7,0.1,5.46,4000,25000,4.05,0.15,0.75,1,10,0.7,10,0.1,1225,3458,898,-2233,-33,5297,17,-1559
StJohns,SSP126,2040,0.05,0.01,0.6,0.2,0.2,130,0.05,0.7,0.5,5.46,0,20000,4.05,0.15,1.5,1,4,0.7,8,0.1,1225,3458,838,-2233,-33,8002,10,-1221
StJohns,SSP126,2040,0.01,0.05,0.6,0.2,0.2,130,0.05,0.4,0.4,5.46,4000,35000,4.55,0.4,1.5,1.5,4,0.7,0,0.1,1225,4828,1092,-3603,-53,5297,21,-2108
StJohns,SSP126,2040,0.05,0.05,0.6,0.2,0.2,130,0.09,0.5,0.3,5.46,8000,35000,4.05,0.25,1.25,1.25,2,0.6,4,0.1,913,3614,1487,-2700,-40,8002,19,-2116
StJohns,SSP126,2040,0.01,0.01,0.6,0.2,0.2,130,0.05,0.1,0.4,5.46,6000,20000,4.05,0.15,1.5,0.5,2,0.7,4,0.1,1225,3458,554,-2233,-33,5297,10,-1208
StJohns,SSP126,2040,0.05,0.01,0.6,0.2,0.2,130,0.05,0.4,0.6,5.46,4000,45000,4.05,0.25,1,0.5,6,0.7,2,0.1,1225,3458,2296,-2233,-33,8002,29,-2740
StJohns,SSP126,2040,0.01,0.05,0.6,0.2,0.2,130,0.09,0.5,0.4,5.46,0,30000,4.05,0.15,1.25,0.5,4,0.7,8,0.1,1225,3614,1140,-2389,-35,5297,22,-1806
StJohns,SSP126,2040,0.05,0.05,0.6,0.2,0.2,130,0.05,0.1,0.6,5.46,6000,20000,4.05,0.35,0.75,1,8,0.7,6,0.1,1225,3458,888,-2233,-33,8002,11,-1284
StJohns,SSP126,2040,0.01,0.01,0.6,0.2,0.2,130,0.09,0.6,0.6,5.46,4000,45000,4.05,0.15,0.5,0.75,6,0.7,8,0.1,1225,3614,2030,-2389,-35,5297,38,-2736
StJohns,SSP126,2040,0.05,0.01,0.6,0.2,0.2,130,0.05,0.1,0.1,5.46,10000,25000,4.55,0.4,0.75,0.5,0,0.6,0,0.1,913,4828,599,-3914,-58,8002,7,-1543
StJohns,SSP126,2040,0.01,0.05,0.6,0.2,0.2,130,0.05,0.1,0.1,5.46,2000,45000,4.05,0.1,1,0.75,8,0.7,6,0.1,1225,3458,2027,-2233,-33,5297,38,-2726
StJohns,SSP126,2040,0.05,0.05,0.6,0.2,0.2,130,0.09,0.7,0.1,5.46,2000,20000,4.05,0.3,0.75,0.5,4,0.7,4,0.1,1225,3614,842,-2389,-35,8002,11,-1232
StJohns,SSP126,2040,0.01,0.01,0.6,0.2,0.2,130,0.05,0.5,0.6,5.46,6000,25000,4.05,0.15,1.5,0.75,0,0.7,8,0.1,1225,3458,831,-2233,-33,5297,16,-1496
StJohns,SSP126,2040,0.05,0.01,0.6,0.2,0.2,130,0.05,0.1,0.6,5.46,4000,35000,4.05,0.2,0.25,0.75,6,0.7,2,0.1,1225,3458,1738,-2233,-33,8002,22,-2161
StJohns,SSP126,2040,0.01,0.05,0.6,0.2,0.2,130,0.05,0.1,0.3,5.46,0,45000,4.05,0.25,1,1.5,2,0.7,8,0.1,1225,3458,1994,-2233,-33,5297,38,-2689
StJohns,SSP126,2040,0.05,0.05,0.6,0.2,0.2,130,0.05,0.2,0.1,5.46,2000,40000,4.05,0.3,0.75,1.25,2,0.7,2,0.1,1225,3458,1978,-2233,-33,8002,25,-2407
StJohns,SSP126,2045,0.01,0.01,0.6,0.2,0.2,130,0.05,0.4,0.3,5.46,6000,25000,4.05,0.35,0.5,0.75,2,0.7,6,0.1,1254,3458,887,-2204,-33,5221,17,-1540
StJohns,SSP126,2045,0.05,0.01,0.6,0.2,0.2,130,0.05,0.2,0.2,5.46,0,25000,4.05,0.1,1.25,0.75,2,0.7,4,0.1,1254,3458,1128,-2204,-33,7887,14,-1504
StJohns,SSP126,2045,0.01,0.05,0.6,0.2,0.2,130,0.05,0.7,0.3,5.46,6000,45000,4.05,0.3,0.25,0.5,8,0.7,2,0.1,1254,3458,2073,-2204,-33,5221,40,-2768
StJohns,SSP126,2045,0.05,0.05,0.6,0.2,0.2,130,0.05,0.1,0.1,5.96,6000,35000,4.05,0.4,1.5,1,6,0.7,8,0.1,1254,4143,1561,-2889,-43,7887,20,-2137
StJohns,SSP126,2045,0.01,0.01,0.6,0.2,0.2,130,0.05,0.4,0.6,5.46,8000,25000,4.05,0.15,0.75,1.5,0,0.6,10,0.1,933,3458,742,-2525,-37,5221,14,-1532
StJohns,SSP126,2045,0.05,0.01,0.6,0.2,0.2,130,0.05,0.2,0.1,5.46,6000,50000,4.05,0.4,0.75,1.5,6,0.7,2,0.1,1254,3458,2615,-2204,-33,7887,33,-3056
StJohns,SSP126,2045,0.01,0.05,0.6,0.2,0.2,130,0.09,0.5,0.1,5.46,6000,20000,4.55,0.3,0.75,1,6,0.6,8,0.1,933,4984,133,-4051,-60,5221,3,-1246
StJohns,SSP126,2045,0.05,0.05,0.6,0.2,0.2,130,0.05,0.6,0.6,6.96,8000,20000,4.05,0.15,1.5,0.75,8,0.7,10,0.1,1254,5513,378,-4259,-63,7887,5,-1262
StJohns,SSP126,2045,0.01,0.01,0.6,0.2,0.2,130,0.05,0.7,0.1,5.46,8000,30000,4.05,0.2,1.5,1.5,6,0.7,6,0.1,1254,3458,1159,-2204,-33,5221,22,-1826
StJohns,SSP126,2045,0.05,0.01,0.6,0.2,0.2,130,0.09,0.3,0.2,5.46,6000,35000,4.05,0.1,1,1,8,0.7,8,0.1,1254,3614,1758,-2360,-35,7887,22,-2170
StJohns,SSP126,2045,0.01,0.05,0.6,0.2,0.2,130,0.05,0.6,0.4,5.46,6000,45000,4.05,0.1,0.25,1.5,0,0.7,4,0.1,1254,3458,2033,-2204,-33,5221,39,-2728
StJohns,SSP126,2045,0.05,0.05,0.6,0.2,0.2,130,0.09,0.6,0.6,5.46,6000,45000,4.05,0.35,0.75,1,0,0.6,8,0.1,933,3614,2077,-2681,-40,7887,26,-2712
StJohns,SSP126,2045,0.01,0.01,0.6,0.2,0.2,130,0.05,0.1,0.2,5.96,0,30000,4.05,0.25,0.5,0.5,4,0.7,0,0.1,1254,4143,988,-2889,-43,5221,19,-1806
StJohns,SSP126,2045,0.05,0.01,0.6,0.2,0.2,130,0.05,0.3,0.1,5.46,2000,45000,4.05,0.25,1.25,1.5,8,0.7,6,0.1,1254,3458,2324,-2204,-33,7887,29,-2746
StJohns,SSP126,2045,0.01,0.05,0.6,0.2,0.2,130,0.05,0.5,0.2,5.46,4000,30000,4.05,0.1,1,1,0,0.7,10,0.1,1254,3458,1143,-2204,-33,5221,22,-1802
StJohns,SSP126,2045,0.05,0.05,0.6,0.2,0.2,130,0.09,0.4,0.6,5.46,8000,35000,4.05,0.25,0.25,1,0,0.7,8,0.1,1254,3614,1733,-2360,-35,7887,22,-2149
StJohns,SSP126,2045,0.01,0.01,0.6,0.2,0.2,130,0.05,0.2,0.4,5.46,6000,45000,4.05,0.4,0.75,1,6,0.6,8,0.1,933,3458,1906,-2525,-37,5221,36,-2734
StJohns,SSP126,2045,0.05,0.01,0.6,0.2,0.2,130,0.05,0.1,0.2,5.46,2000,20000,4.05,0.3,1,1,10,0.7,10,0.1,1254,3458,907,-2204,-33,7887,11,-1276
StJohns,SSP126,2045,0.01,0.05,0.6,0.2,0.2,130,0.05,0.6,0.5,5.46,4000,25000,4.55,0.1,1.25,1.25,0,0.7,4,0.1,1254,4828,516,-3574,-53,5221,10,-1499
StJohns,SSP126,2045,0.05,0.05,0.6,0.2,0.2,130,0.05,0.5,0.4,5.46,10000,40000,4.05,0.3,1.25,0.5,10,0.7,0,0.1,1254,3458,2057,-2204,-33,7887,26,-2485
StJohns,SSP126,2050,0.01,0.01,0.6,0.2,0.2,130,0.09,0.6,0.4,5.46,2000,40000,4.05,0.4,1.5,1,10,0.7,2,0.1,1293,3614,1773,-2320,-34,5288,34,-2436
StJohns,SSP126,2050,0.05,0.01,0.6,0.2,0.2,130,0.05,0.6,0.1,5.46,10000,40000,4.05,0.25,0.25,1,2,0.7,8,0.1,1293,3458,2076,-2164,-32,7988,26,-2479
StJohns,SSP126,2050,0.01,0.05,0.6,0.2,0.2,130,0.13,0.4,0.4,5.46,4000,20000,4.05,0.2,0.5,1.5,10,0.7,0,0.1,1293,3770,642,-2476,-37,5288,12,-1270
StJohns,SSP126,2050,0.05,0.05,0.6,0.2,0.2,130,0.05,0.4,0.6,5.46,10000,40000,4.05,0.15,1.25,1.5,0,0.7,8,0.1,1293,3458,2005,-2164,-32,7988,25,-2408
StJohns,SSP126,2050,0.01,0.01,0.6,0.2,0.2,130,0.05,0.7,0.2,5.96,2000,35000,4.55,0.35,1.25,0.5,10,0.7,4,0.1,1293,5513,989,-4219,-62,5288,19,-2141
StJohns,SSP126,2050,0.05,0.01,0.6,0.2,0.2,130,0.05,0.1,0.6,5.96,4000,20000,4.05,0.1,0.75,0.5,0,0.7,2,0.1,1293,4143,697,-2849,-42,7988,9,-1213
StJohns,SSP126,2050,0.01,0.05,0.6,0.2,0.2,130,0.05,0.7,0.1,5.46,2000,25000,4.05,0.15,1.25,1,0,0.7,4,0.1,1293,3458,866,-2164,-32,5288,16,-1494
StJohns,SSP126,2050,0.05,0.05,0.6,0.2,0.2,130,0.05,0.5,0.6,5.46,4000,50000,4.55,0.35,1,0.75,10,0.7,8,0.1,1293,4828,2325,-3534,-52,7988,29,-3072
StJohns,SSP126,2050,0.01,0.01,0.6,0.2,0.2,130,0.05,0.7,0.5,5.46,4000,50000,4.05,0.35,1.25,1.5,6,0.6,10,0.1,957,3458,2186,-2501,-37,5288,41,-3010
StJohns,SSP126,2050,0.05,0.01,0.6,0.2,0.2,130,0.05,0.3,0.3,5.46,6000,50000,4.05,0.3,0.25,1.5,10,0.6,2,0.1,957,3458,2458,-2501,-37,7988,31,-3084
StJohns,SSP126,2050,0.01,0.05,0.6,0.2,0.2,130,0.05,0.2,0.2,5.46,2000,45000,4.05,0.3,0.5,1.5,4,0.7,2,0.1,1293,3458,2043,-2164,-32,5288,39,-2713
StJohns,SSP126,2050,0.05,0.05,0.6,0.2,0.2,130,0.21,0.6,0.4,5.46,4000,35000,4.05,0.15,0.75,0.75,2,0.7,10,0.1,1293,4082,1730,-2788,-41,7988,22,-2121
StJohns,SSP126,2050,0.01,0.01,0.6,0.2,0.2,130,0.05,0.4,0.2,5.46,6000,20000,4.05,0.3,0.75,1,6,0.7,6,0.1,1293,3458,629,-2164,-32,5288,12,-1255
StJohns,SSP126,2050,0.05,0.01,0.6,0.2,0.2,130,0.05,0.4,0.4,5.46,0,20000,4.55,0.15,0.25,0.5,8,0.7,4,0.1,1293,4828,579,-3534,-52,7988,7,-1254
StJohns,SSP126,2050,0.01,0.05,0.6,0.2,0.2,130,0.05,0.6,0.5,5.46,4000,25000,4.05,0.3,1.25,0.5,8,0.7,0,0.1,1293,3458,908,-2164,-32,5288,17,-1541
StJohns,SSP126,2050,0.05,0.05,0.6,0.2,0.2,130,0.05,0.6,0.3,5.46,0,30000,4.05,0.3,0.25,1.5,0,0.7,2,0.1,1293,3458,1425,-2164,-32,7988,18,-1786
StJohns,SSP126,2050,0.01,0.01,0.6,0.2,0.2,130,0.05,0.2,0.1,5.46,2000,20000,4.05,0.2,1,0.75,8,0.7,8,0.1,1293,3458,623,-2164,-32,5288,12,-1240
StJohns,SSP126,2050,0.05,0.01,0.6,0.2,0.2,130,0.05,0.2,0.1,5.46,0,30000,4.05,0.15,0.5,0.75,0,0.7,2,0.1,1293,3458,1425,-2164,-32,7988,18,-1786
StJohns,SSP126,2050,0.01,0.05,0.6,0.2,0.2,130,0.05,0.1,0.2,5.46,2000,35000,4.05,0.15,1,0.5,10,0.6,2,0.1,957,3458,1341,-2501,-37,5288,25,-2130
StJohns,SSP126,2050,0.05,0.05,0.6,0.2,0.2,130,0.05,0.4,0.2,5.46,8000,40000,4.05,0.1,0.5,1.5,2,0.7,8,0.1,1293,3458,2053,-2164,-32,7988,26,-2452
StJohns,SSP245,2025,0.01,0.01,0.6,0.2,0.2,130,0.09,0.6,0.2,5.46,4000,20000,4.05,0.2,1.5,0.5,0,0.7,2,0.1,1350,3614,595,-2264,-34,5421,11,-1196
StJohns,SSP245,2025,0.05,0.01,0.6,0.2,0.2,130,0.05,0.2,0.1,5.46,8000,35000,4.05,0.35,1,0.5,8,0.7,10,0.1,1350,3458,1829,-2108,-31,8193,22,-2183
StJohns,SSP245,2025,0.01,0.05,0.6,0.2,0.2,130,0.09,0.4,0.4,5.46,0,20000,4.05,0.15,0.5,1.25,8,0.7,10,0.1,1350,3614,641,-2264,-34,5421,12,-1234
StJohns,SSP245,2025,0.05,0.05,0.6,0.2,0.2,130,0.05,0.5,0.3,5.46,0,25000,4.05,0.1,0.5,0.5,8,0.7,4,0.1,1350,3458,1239,-2108,-31,8193,15,-1554
StJohns,SSP245,2025,0.01,0.01,0.6,0.2,0.2,130,0.05,0.7,0.4,5.46,6000,40000,4.05,0.25,0.75,1.25,10,0.7,2,0.1,1350,3458,1823,-2108,-31,5421,34,-2468
StJohns,SSP245,2025,0.05,0.01,0.6,0.2,0.2,130,0.05,0.3,0.6,5.46,2000,20000,4.05,0.3,0.75,1,6,0.7,0,0.1,1350,3458,942,-2108,-31,8193,12,-1251
StJohns,SSP245,2025,0.01,0.05,0.6,0.2,0.2,130,0.05,0.5,0.6,5.46,8000,35000,4.05,0.15,1.5,0.5,10,0.7,6,0.1,1350,3458,1509,-2108,-31,5421,28,-2148
StJohns,SSP245,2025,0.05,0.05,0.6,0.2,0.2,130,0.05,0.7,0.2,5.46,0,20000,4.05,0.3,0.5,1,2,0.7,6,0.1,1350,3458,903,-2108,-31,8193,11,-1207
StJohns,SSP245,2025,0.01,0.01,0.6,0.2,0.2,130,0.05,0.1,0.4,5.96,2000,30000,4.05,0.35,0.75,1,6,0.7,4,0.1,1350,4143,1047,-2793,-41,5421,19,-1829
StJohns,SSP245,2025,0.05,0.01,0.6,0.2,0.2,130,0.05,0.5,0.4,5.46,10000,25000,4.05,0.2,1.5,1,8,0.7,4,0.1,1350,3458,1231,-2108,-31,8193,15,-1567
StJohns,SSP245,2025,0.01,0.05,0.6,0.2,0.2,130,0.05,0.6,0.6,5.46,6000,40000,4.05,0.2,0.5,1.25,0,0.7,2,0.1,1350,3458,1778,-2108,-31,5421,33,-2422
StJohns,SSP245,2025,0.05,0.05,0.6,0.2,0.2,130,0.05,0.7,0.6,5.46,4000,20000,4.05,0.2,0.75,1,4,0.7,0,0.1,1350,3458,933,-2108,-31,8193,11,-1246
StJohns,SSP245,2025,0.01,0.01,0.6,0.2,0.2,130,0.05,0.2,0.4,5.46,4000,20000,4.05,0.25,0.25,1,0,0.6,8,0.1,1004,3458,482,-2453,-36,5421,9,-1223
StJohns,SSP245,2025,0.05,0.01,0.6,0.2,0.2,130,0.05,0.5,0.5,5.46,0,30000,4.05,0.3,0.75,0.75,0,0.7,10,0.1,1350,3458,1460,-2108,-31,8193,18,-1786
StJohns,SSP245,2025,0.01,0.05,0.6,0.2,0.2,130,0.05,0.4,0.2,5.46,0,20000,4.55,0.25,0.25,0.5,4,0.7,6,0.1,1350,4828,288,-3478,-51,5421,5,-1212
StJohns,SSP245,2025,0.05,0.05,0.6,0.2,0.2,130,0.05,0.1,0.5,5.46,4000,45000,4.05,0.2,1.5,0.5,0,0.7,0,0.1,1350,3458,2318,-2108,-31,8193,28,-2684
StJohns,SSP245,2025,0.01,0.01,0.6,0.2,0.2,130,0.05,0.2,0.1,5.46,4000,35000,4.05,0.1,0.25,1,6,0.5,6,0.1,563,3458,1173,-2895,-43,5421,22,-2130
StJohns,SSP245,2025,0.05,0.01,0.6,0.2,0.2,130,0.05,0.6,0.2,5.46,2000,35000,4.55,0.15,1,1,4,0.7,4,0.1,1350,4828,1450,-3478,-51,8193,18,-2125
StJohns,SSP245,2025,0.01,0.05,0.6,0.2,0.2,130,0.05,0.7,0.1,5.46,6000,35000,4.05,0.15,0.75,1.5,4,0.6,8,0.1,1004,3458,1355,-2453,-36,5421,25,-2133
StJohns,SSP245,2025,0.05,0.05,0.6,0.2,0.2,130,0.05,0.1,0.1,5.46,2000,20000,4.05,0.2,1.25,1.5,2,0.7,4,0.1,1350,3458,904,-2108,-31,8193,11,-1213
StJohns,SSP245,2030,0.01,0.01,0.6,0.2,0.2,130,0.05,0.3,0.3,5.46,0,40000,4.05,0.3,1.25,1.25,4,0.6,4,0.1,1048,3458,1641,-2409,-36,5547,30,-2398
StJohns,SSP245,2030,0.05,0.01,0.6,0.2,0.2,130,0.17,0.6,0.4,5.46,0,45000,4.05,0.35,0.25,1.5,2,0.7,0,0.1,1420,3926,2374,-2506,-37,8385,28,-2696
StJohns,SSP245,2030,0.01,0.05,0.6,0.2,0.2,130,0.05,0.2,0.2,5.96,10000,25000,4.05,0.35,0.75,1.25,4,0.7,10,0.1,1420,4143,806,-2723,-40,5547,15,-1566
StJohns,SSP245,2030,0.05,0.05,0.6,0.2,0.2,130,0.05,0.3,0.3,5.46,6000,50000,4.05,0.3,0.25,1.25,0,0.6,0,0.1,1048,3458,2456,-2409,-36,8385,29,-3026
StJohns,SSP245,2030,0.01,0.01,0.6,0.2,0.2,130,0.05,0.6,0.6,5.46,10000,20000,4.05,0.4,1.5,0.75,2,0.7,4,0.1,1420,3458,633,-2038,-30,5547,11,-1215
StJohns,SSP245,2030,0.05,0.01,0.6,0.2,0.2,130,0.05,0.4,0.1,5.46,8000,25000,4.05,0.1,0.5,0.5,10,0.7,0,0.1,1420,3458,1342,-2038,-30,8385,16,-1630
StJohns,SSP245,2030,0.01,0.05,0.6,0.2,0.2,130,0.05,0.6,0.1,5.96,4000,30000,4.05,0.35,1.25,0.5,0,0.7,10,0.1,1420,4143,1039,-2723,-40,5547,19,-1797
StJohns,SSP245,2030,0.05,0.05,0.6,0.2,0.2,130,0.05,0.5,0.5,5.46,10000,30000,4.05,0.4,0.5,1,0,0.7,6,0.1,1420,3458,1552,-2038,-30,8385,19,-1855
StJohns,SSP245,2030,0.01,0.01,0.6,0.2,0.2,130,0.05,0.4,0.2,5.46,6000,20000,4.55,0.3,1.25,1,10,0.7,0,0.1,1420,4828,356,-3408,-50,5547,6,-1264
StJohns,SSP245,2030,0.05,0.01,0.6,0.2,0.2,130,0.05,0.3,0.5,5.46,6000,30000,4.05,0.35,0.25,1.5,6,0.7,4,0.1,1420,3458,1593,-2038,-30,8385,19,-1887
StJohns,SSP245,2030,0.01,0.05,0.6,0.2,0.2,130,0.13,0.3,0.2,5.46,4000,20000,4.05,0.2,1.5,1,10,0.7,8,0.1,1420,3770,678,-2350,-35,5547,12,-1253
StJohns,SSP245,2030,0.05,0.05,0.6,0.2,0.2,130,0.05,0.4,0.4,5.46,10000,35000,4.55,0.4,0.75,1.25,6,0.7,10,0.1,1420,4828,1542,-3408,-50,8385,18,-2191
StJohns,SSP245,2030,0.01,0.01,0.6,0.2,0.2,130,0.05,0.7,0.2,5.46,2000,35000,4.05,0.2,0.5,0.75,8,0.7,8,0.1,1420,3458,1546,-2038,-30,5547,28,-2143
StJohns,SSP245,2030,0.05,0.01,0.6,0.2,0.2,130,0.13,0.4,0.4,5.96,0,25000,4.05,0.4,1.5,0.5,4,0.7,6,0.1,1420,4455,1079,-3035,-45,8385,13,-1523
StJohns,SSP245,2030,0.01,0.05,0.6,0.2,0.2,130,0.09,0.2,0.6,5.96,4000,35000,4.05,0.15,1.5,0.75,8,0.7,6,0.1,1420,4299,1363,-2879,-43,5547,25,-2134
StJohns,SSP245,2030,0.05,0.05,0.6,0.2,0.2,130,0.05,0.2,0.3,5.46,2000,20000,4.05,0.35,1.5,1.25,4,0.5,0,0.1,579,3458,416,-2878,-42,8385,5,-1207
StJohns,SSP245,2030,0.01,0.01,0.6,0.2,0.2,130,0.17,0.2,0.5,5.46,4000,45000,4.05,0.3,1.25,0.75,8,0.7,10,0.1,1420,3926,2105,-2506,-37,5547,38,-2735
StJohns,SSP245,2030,0.05,0.01,0.6,0.2,0.2,130,0.05,0.5,0.1,5.46,4000,25000,4.05,0.15,0.75,1.25,10,0.7,0,0.1,1420,3458,1317,-2038,-30,8385,16,-1597
StJohns,SSP245,2030,0.01,0.05,0.6,0.2,0.2,130,0.09,0.6,0.4,5.46,0,25000,4.05,0.2,1.25,1,0,0.6,0,0.1,1048,3614,760,-2565,-38,5547,14,-1488
StJohns,SSP245,2030,0.05,0.05,0.6,0.2,0.2,130,0.05,0.3,0.4,5.46,4000,20000,4.05,0.25,1.5,0.5,10,0.7,2,0.1,1420,3458,1014,-2038,-30,8385,12,-1283
StJohns,SSP245,2035,0.01,0.01,0.6,0.2,0.2,130,0.05,0.3,0.1,5.46,0,25000,4.05,0.2,0.25,1,10,0.7,10,0.1,1549,3458,1032,-1909,-28,5948,17,-1550
StJohns,SSP245,2035,0.05,0.01,0.6,0.2,0.2,130,0.05,0.6,0.1,5.46,4000,20000,4.55,0.3,0.5,1,8,0.6,0,0.1,1128,4828,486,-3700,-55,8997,5,-1273
StJohns,SSP245,2035,0.01,0.05,0.6,0.2,0.2,130,0.05,0.7,0.3,5.46,6000,20000,4.05,0.15,0.75,0.75,2,0.7,6,0.1,1549,3458,716,-1909,-28,5948,12,-1236
StJohns,SSP245,2035,0.05,0.05,0.6,0.2,0.2,130,0.05,0.2,0.4,5.46,4000,20000,4.05,0.3,1,1.5,6,0.6,10,0.1,1128,3458,796,-2330,-35,8997,9,-1249
StJohns,SSP245,2035,0.01,0.01,0.6,0.2,0.2,130,0.05,0.7,0.5,5.46,8000,20000,4.05,0.15,0.5,0.75,4,0.7,6,0.1,1549,3458,746,-1909,-28,5948,13,-1270
StJohns,SSP245,2035,0.05,0.01,0.6,0.2,0.2,130,0.05,0.5,0.6,5.46,10000,20000,4.05,0.1,0.5,1,10,0.7,0,0.1,1549,3458,1153,-1909,-28,8997,13,-1354
StJohns,SSP245,2035,0.01,0.05,0.6,0.2,0.2,130,0.05,0.1,0.6,5.46,8000,20000,4.05,0.3,1,1.5,8,0.7,2,0.1,1549,3458,749,-1909,-28,5948,13,-1273
StJohns,SSP245,2035,0.05,0.05,0.6,0.2,0.2,130,0.05,0.5,0.6,5.46,10000,50000,4.05,0.3,0.5,1.25,6,0.7,2,0.1,1549,3458,2837,-1909,-28,8997,32,-3102
StJohns,SSP245,2035,0.01,0.01,0.6,0.2,0.2,130,0.05,0.6,0.3,5.46,2000,50000,4.05,0.25,1.25,1.5,0,0.7,8,0.1,1549,3458,2407,-1909,-28,5948,40,-2982
StJohns,SSP245,2035,0.05,0.01,0.6,0.2,0.2,130,0.05,0.4,0.3,5.46,6000,20000,4.55,0.2,0.75,0.5,2,0.7,4,0.1,1549,4828,715,-3279,-49,8997,8,-1243
StJohns,SSP245,2035,0.01,0.05,0.6,0.2,0.2,130,0.05,0.6,0.5,5.46,10000,25000,4.05,0.35,1,0.75,2,0.7,6,0.1,1549,3458,1003,-1909,-28,5948,17,-1542
StJohns,SSP245,2035,0.05,0.05,0.6,0.2,0.2,130,0.09,0.2,0.4,5.46,0,45000,4.05,0.2,1.25,1.5,10,0.7,0,0.1,1549,3614,2538,-2065,-31,8997,28,-2774
StJohns,SSP245,2035,0.01,0.01,0.6,0.2,0.2,130,0.05,0.4,0.4,5.46,6000,20000,4.05,0.35,1.25,0.75,6,0.7,8,0.1,1549,3458,724,-1909,-28,5948,12,-1244
StJohns,SSP245,2035,0.05,0.01,0.6,0.2,0.2,130,0.05,0.6,0.4,5.46,0,40000,4.05,0.25,1,0.75,10,0.6,4,0.1,1128,3458,1964,-2330,-35,8997,22,-2450
StJohns,SSP245,2035,0.01,0.05,0.6,0.2,0.2,130,0.05,0.6,0.4,5.46,4000,20000,4.05,0.4,0.75,0.75,0,0.7,4,0.1,1549,3458,697,-1909,-28,5948,12,-1213
StJohns,SSP245,2035,0.05,0.05,0.6,0.2,0.2,130,0.05,0.1,0.1,5.46,8000,40000,4.55,0.25,0.5,1.5,8,0.7,10,0.1,1549,4828,1938,-3279,-49,8997,22,-2512
StJohns,SSP245,2035,0.01,0.01,0.6,0.2,0.2,130,0.05,0.6,0.1,5.46,4000,30000,4.05,0.3,0.25,1.25,8,0.7,8,0.1,1549,3458,1331,-1909,-28,5948,22,-1868
StJohns,SSP245,2035,0.05,0.01,0.6,0.2,0.2,130,0.25,0.7,0.5,5.46,8000,40000,4.05,0.1,0.25,1,2,0.7,4,0.1,1549,4238,2212,-2689,-40,8997,25,-2466
StJohns,SSP245,2035,0.01,0.05,0.6,0.2,0.2,130,0.05,0.2,0.3,5.46,0,20000,4.05,0.3,1.25,1,2,0.7,0,0.1,1549,3458,696,-1909,-28,5948,12,-1203
StJohns,SSP245,2035,0.05,0.05,0.6,0.2,0.2,130,0.05,0.1,0.1,5.46,0,20000,4.05,0.15,1.25,0.75,4,0.7,6,0.1,1549,3458,1048,-1909,-28,8997,12,-1229
StJohns,SSP245,2040,0.01,0.01,0.6,0.2,0.2,130,0.05,0.3,0.4,5.96,2000,35000,4.05,0.3,1,1.5,4,0.7,6,0.1,1075,4143,1202,-3067,-45,5010,24,-2109
StJohns,SSP245,2040,0.05,0.01,0.6,0.2,0.2,130,0.05,0.4,0.1,5.46,0,40000,4.05,0.25,0.25,1.5,8,0.7,2,0.1,1075,3458,1915,-2382,-35,7565,25,-2434
StJohns,SSP245,2040,0.01,0.05,0.6,0.2,0.2,130,0.05,0.5,0.4,5.46,2000,20000,4.05,0.4,1.5,0.5,10,0.7,8,0.1,1075,3458,528,-2382,-35,5010,11,-1236
StJohns,SSP245,2040,0.05,0.05,0.6,0.2,0.2,130,0.05,0.1,0.5,5.46,10000,30000,4.05,0.25,0.25,0.75,6,0.7,2,0.1,1075,3458,1389,-2382,-35,7565,18,-1908
StJohns,SSP245,2040,0.01,0.01,0.6,0.2,0.2,130,0.05,0.2,0.6,5.46,6000,20000,4.55,0.25,1,0.5,8,0.6,10,0.1,802,4828,76,-4026,-59,5010,2,-1241
StJohns,SSP245,2040,0.05,0.01,0.6,0.2,0.2,130,0.09,0.2,0.6,5.46,0,45000,4.05,0.15,0.25,0.75,6,0.7,10,0.1,1075,3614,2186,-2538,-38,7565,29,-2718
StJohns,SSP245,2040,0.01,0.05,0.6,0.2,0.2,130,0.09,0.1,0.1,5.46,0,20000,4.05,0.4,0.5,1.5,4,0.7,4,0.1,1075,3614,501,-2538,-38,5010,10,-1208
StJohns,SSP245,2040,0.05,0.05,0.6,0.2,0.2,130,0.05,0.2,0.2,5.46,0,25000,4.55,0.15,0.5,1,8,0.7,0,0.1,1075,4828,719,-3752,-55,7565,10,-1541
StJohns,SSP245,2040,0.01,0.01,0.6,0.2,0.2,130,0.05,0.6,0.1,5.96,8000,35000,4.05,0.1,0.5,1.5,0,0.7,2,0.1,1075,4143,1219,-3067,-45,5010,24,-2139
StJohns,SSP245,2040,0.05,0.01,0.6,0.2,0.2,130,0.05,0.3,0.1,5.46,6000,45000,4.05,0.35,1.5,1.5,2,0.7,0,0.1,1075,3458,2158,-2382,-35,7565,29,-2700
StJohns,SSP245,2040,0.01,0.05,0.6,0.2,0.2,130,0.05,0.5,0.3,5.46,8000,30000,4.05,0.3,1.5,0.5,10,0.7,6,0.1,1075,3458,1097,-2382,-35,5010,22,-1839
StJohns,SSP245,2040,0.05,0.05,0.6,0.2,0.2,130,0.05,0.3,0.4,5.46,4000,50000,4.05,0.2,1.25,0.5,0,0.7,0,0.1,1075,3458,2439,-2382,-35,7565,32,-2987
StJohns,SSP245,2040,0.01,0.01,0.6,0.2,0.2,130,0.05,0.2,0.4,5.46,10000,45000,4.05,0.25,1.5,0.5,4,0.7,6,0.1,1075,3458,1931,-2382,-35,5010,39,-2709
StJohns,SSP245,2040,0.05,0.01,0.6,0.2,0.2,130,0.05,0.4,0.1,5.46,6000,40000,4.55,0.1,0.5,1.25,8,0.7,6,0.1,1075,4828,1609,-3752,-55,7565,21,-2475
StJohns,SSP245,2040,0.01,0.05,0.6,0.2,0.2,130,0.05,0.4,0.4,5.46,4000,40000,4.05,0.35,0.25,0.5,10,0.7,8,0.1,1075,3458,1703,-2382,-35,5010,34,-2457
StJohns,SSP245,2040,0.05,0.05,0.6,0.2,0.2,130,0.05,0.5,0.2,5.46,10000,30000,4.05,0.4,1.25,1.5,0,0.7,0,0.1,1075,3458,1294,-2382,-35,7565,17,-1813
StJohns,SSP245,2040,0.01,0.01,0.6,0.2,0.2,130,0.05,0.5,0.3,5.46,2000,25000,4.05,0.1,1.25,0.5,10,0.6,6,0.1,802,3458,694,-2656,-39,5010,14,-1526
StJohns,SSP245,2040,0.05,0.01,0.6,0.2,0.2,130,0.05,0.2,0.6,5.46,0,50000,4.05,0.35,0.5,0.5,2,0.7,0,0.1,1075,3458,2450,-2382,-35,7565,32,-2990
StJohns,SSP245,2040,0.01,0.05,0.6,0.2,0.2,130,0.05,0.3,0.4,5.46,10000,20000,4.05,0.15,0.75,1.25,0,0.5,0,0.1,449,3458,261,-3008,-44,5010,5,-1246
StJohns,SSP245,2040,0.05,0.05,0.6,0.2,0.2,130,0.09,0.2,0.5,5.46,0,25000,4.05,0.35,1.25,0.75,8,0.7,2,0.1,1075,3614,1051,-2538,-38,7565,14,-1541
StJohns,SSP245,2045,0.01,0.01,0.6,0.2,0.2,130,0.05,0.2,0.2,5.46,2000,35000,4.05,0.1,0.75,0.5,6,0.7,10,0.1,1472,3458,1555,-1986,-30,5787,27,-2130
StJohns,SSP245,2045,0.05,0.01,0.6,0.2,0.2,130,0.05,0.4,0.2,5.46,2000,30000,4.55,0.25,0.75,0.75,10,0.7,6,0.1,1472,4828,1299,-3356,-50,8751,15,-1887
StJohns,SSP245,2045,0.01,0.05,0.6,0.2,0.2,130,0.05,0.7,0.2,5.46,10000,20000,4.05,0.4,0.75,1.25,6,0.7,0,0.1,1472,3458,721,-1986,-30,5787,12,-1281
StJohns,SSP245,2045,0.05,0.05,0.6,0.2,0.2,130,0.05,0.3,0.5,5.46,0,25000,4.05,0.35,1.25,1.25,8,0.7,4,0.1,1472,3458,1321,-1986,-30,8751,15,-1560
StJohns,SSP245,2045,0.01,0.01,0.6,0.2,0.2,130,0.05,0.5,0.4,5.46,2000,35000,4.05,0.4,1,1,6,0.5,2,0.1,587,3458,1163,-2871,-42,5787,20,-2106
StJohns,SSP245,2045,0.05,0.01,0.6,0.2,0.2,130,0.09,0.5,0.5,5.46,4000,30000,4.05,0.2,1.5,1,6,0.7,4,0.1,1472,3614,1584,-2142,-32,8751,18,-1845
StJohns,SSP245,2045,0.01,0.05,0.6,0.2,0.2,130,0.09,0.5,0.1,5.46,4000,30000,4.05,0.1,0.75,1,6,0.7,10,0.1,1472,3614,1272,-2142,-32,5787,22,-1843
StJohns,SSP245,2045,0.05,0.05,0.6,0.2,0.2,130,0.05,0.6,0.4,5.46,4000,25000,4.05,0.1,0.5,1.5,0,0.7,2,0.1,1472,3458,1268,-1986,-30,8751,14,-1516
StJohns,SSP245,2045,0.01,0.01,0.6,0.2,0.2,130,0.17,0.1,0.5,5.46,6000,30000,4.55,0.1,0.25,0.75,8,0.7,4,0.1,1472,5296,966,-3824,-57,5787,17,-1882
StJohns,SSP245,2045,0.05,0.01,0.6,0.2,0.2,130,0.05,0.1,0.5,5.46,6000,30000,4.05,0.25,0.5,0.5,10,0.7,8,0.1,1472,3458,1655,-1986,-30,8751,19,-1917
StJohns,SSP245,2045,0.01,0.05,0.6,0.2,0.2,130,0.05,0.4,0.5,5.46,4000,20000,4.05,0.4,0.25,0.75,6,0.7,10,0.1,1472,3458,711,-1986,-30,5787,12,-1259
StJohns,SSP245,2045,0.05,0.05,0.6,0.2,0.2,130,0.05,0.6,0.3,5.46,4000,50000,4.05,0.2,0.75,1,0,0.7,8,0.1,1472,3458,2698,-1986,-30,8751,31,-2999
StJohns,SSP245,2045,0.01,0.01,0.6,0.2,0.2,130,0.05,0.6,0.6,5.46,4000,20000,4.05,0.25,0.5,1.5,10,0.7,0,0.1,1472,3458,729,-1986,-30,5787,13,-1277
StJohns,SSP245,2045,0.05,0.01,0.6,0.2,0.2,130,0.05,0.1,0.4,5.46,10000,35000,4.05,0.35,0.5,1.25,0,0.6,4,0.1,1074,3458,1622,-2384,-35,8751,19,-2152
StJohns,SSP245,2045,0.01,0.05,0.6,0.2,0.2,130,0.05,0.3,0.6,5.46,4000,25000,4.05,0.1,1.25,1,4,0.7,6,0.1,1472,3458,964,-1986,-30,5787,17,-1523
StJohns,SSP245,2045,0.05,0.05,0.6,0.2,0.2,130,0.13,0.5,0.6,5.46,0,20000,4.05,0.4,0.25,1,8,0.7,6,0.1,1472,3770,1029,-2298,-34,8751,12,-1263
StJohns,SSP245,2045,0.01,0.01,0.6,0.2,0.2,130,0.05,0.3,0.4,5.46,0,20000,4.05,0.2,0.5,0.5,2,0.7,4,0.1,1472,3458,663,-1986,-30,5787,11,-1202
StJohns,SSP245,2045,0.05,0.01,0.6,0.2,0.2,130,0.09,0.1,0.6,5.46,2000,25000,4.05,0.3,1.25,0.5,2,0.7,2,0.1,1472,3614,1266,-2142,-32,8751,14,-1512
StJohns,SSP245,2045,0.01,0.05,0.6,0.2,0.2,130,0.05,0.7,0.6,5.46,2000,50000,4.05,0.25,1,1,4,0.5,0,0.1,587,3458,2020,-2871,-42,5787,35,-2994
StJohns,SSP245,2045,0.05,0.05,0.6,0.2,0.2,130,0.17,0.7,0.1,5.46,8000,25000,4.05,0.35,0.75,1.5,6,0.7,10,0.1,1472,3926,1322,-2454,-36,8751,15,-1586
StJohns,SSP245,2050,0.01,0.01,0.6,0.2,0.2,130,0.05,0.4,0.1,5.46,8000,30000,4.55,0.25,1,1.5,6,0.7,10,0.1,1082,4828,771,-3746,-55,5019,15,-1845
StJohns,SSP245,2050,0.05,0.01,0.6,0.2,0.2,130,0.05,0.4,0.5,5.46,0,25000,4.05,0.1,1.5,1.5,0,0.7,8,0.1,1082,3458,1005,-2376,-35,7577,13,-1488
StJohns,SSP245,2050,0.01,0.05,0.6,0.2,0.2,130,0.05,0.2,0.1,5.46,10000,30000,4.05,0.3,1.5,1.25,4,0.7,0,0.1,1082,3458,1073,-2376,-35,5019,21,-1816
StJohns,SSP245,2050,0.05,0.05,0.6,0.2,0.2,130,0.05,0.4,0.2,5.46,0,30000,4.05,0.4,1.25,0.75,0,0.6,4,0.1,814,3458,1125,-2643,-39,7577,15,-1786
StJohns,SSP245,2050,0.01,0.01,0.6,0.2,0.2,130,0.05,0.4,0.2,5.46,4000,20000,4.05,0.35,1,1.25,8,0.7,8,0.1,1082,3458,532,-2376,-35,5019,11,-1242
StJohns,SSP245,2050,0.05,0.01,0.6,0.2,0.2,130,0.05,0.2,0.2,5.46,0,45000,4.05,0.35,1.25,1.25,4,0.7,2,0.1,1082,3458,2180,-2376,-35,7577,29,-2705
StJohns,SSP245,2050,0.01,0.05,0.6,0.2,0.2,130,0.05,0.3,0.3,5.46,4000,30000,4.05,0.15,1.5,0.5,4,0.7,4,0.1,1082,3458,1078,-2376,-35,5019,21,-1808
StJohns,SSP245,2050,0.05,0.05,0.6,0.2,0.2,130,0.09,0.7,0.1,5.96,4000,25000,4.05,0.3,0.75,0.75,2,0.7,4,0.1,1082,4299,862,-3217,-48,7577,11,-1524
StJohns,SSP245,2050,0.01,0.01,0.6,0.2,0.2,130,0.05,0.6,0.2,5.46,2000,50000,4.05,0.25,0.5,0.5,0,0.7,10,0.1,1082,3458,2221,-2376,-35,5019,44,-2990
StJohns,SSP245,2050,0.05,0.01,0.6,0.2,0.2,130,0.05,0.3,0.5,5.46,0,20000,4.05,0.3,0.25,0.5,0,0.7,0,0.1,1082,3458,718,-2376,-35,7577,9,-1191
StJohns,SSP245,2050,0.01,0.05,0.6,0.2,0.2,130,0.05,0.2,0.6,5.46,2000,20000,4.05,0.35,1,1,2,0.7,0,0.1,1082,3458,502,-2376,-35,5019,10,-1208
StJohns,SSP245,2050,0.05,0.05,0.6,0.2,0.2,130,0.05,0.3,0.5,5.46,0,40000,4.05,0.2,1.5,1,8,0.6,10,0.1,814,3458,1739,-2643,-39,7577,23,-2421
StJohns,SSP245,2050,0.01,0.01,0.6,0.2,0.2,130,0.05,0.5,0.2,5.46,10000,30000,4.05,0.4,0.75,1,2,0.7,0,0.1,1082,3458,1106,-2376,-35,5019,22,-1850
StJohns,SSP245,2050,0.05,0.01,0.6,0.2,0.2,130,0.05,0.2,0.1,5.46,10000,40000,4.05,0.25,0.25,0.5,8,0.7,0,0.1,1082,3458,1980,-2376,-35,7577,26,-2516
StJohns,SSP245,2050,0.01,0.05,0.6,0.2,0.2,130,0.05,0.4,0.2,5.46,4000,30000,4.55,0.2,0.75,1.25,8,0.7,0,0.2,1082,6778,412,-5696,-84,5019,8,-1843
StJohns,SSP245,2050,0.05,0.05,0.6,0.2,0.2,130,0.05,0.5,0.6,5.46,10000,30000,4.05,0.35,0.75,1.5,8,0.7,4,0.1,1082,3458,1379,-2376,-35,7577,18,-1894
StJohns,SSP245,2050,0.01,0.01,0.6,0.2,0.2,130,0.05,0.5,0.2,5.46,2000,20000,4.05,0.25,1.5,0.5,6,0.7,6,0.1,1082,3458,514,-2376,-35,5019,10,-1219
StJohns,SSP245,2050,0.05,0.01,0.6,0.2,0.2,130,0.05,0.3,0.3,5.46,10000,45000,4.05,0.2,0.5,0.5,0,0.7,0,0.1,1082,3458,2201,-2376,-35,7577,29,-2748
StJohns,SSP245,2050,0.01,0.05,0.6,0.2,0.2,130,0.05,0.4,0.1,5.46,6000,45000,4.05,0.35,1.25,1.5,0,0.5,10,0.1,461,3458,1671,-2997,-44,5019,33,-2695
StJohns,SSP245,2050,0.05,0.05,0.6,0.2,0.2,130,0.05,0.7,0.6,5.46,8000,25000,4.05,0.1,0.5,1.25,6,0.7,10,0.1,1082,3458,1083,-2376,-35,7577,14,-1583
StJohns,SSP585,2025,0.01,0.01,0.6,0.2,0.2,130,0.05,0.6,0.4,5.46,4000,40000,4.05,0.3,0.75,1.25,8,0.7,0,0.1,1343,3458,1803,-2115,-31,5639,32,-2446
StJohns,SSP585,2025,0.05,0.01,0.6,0.2,0.2,130,0.05,0.1,0.1,5.46,4000,30000,4.05,0.2,0.75,1.5,0,0.7,2,0.1,1343,3458,1469,-2115,-31,8525,17,-1808
StJohns,SSP585,2025,0.01,0.05,0.6,0.2,0.2,130,0.05,0.3,0.4,5.46,2000,20000,4.05,0.35,1,0.5,8,0.7,6,0.1,1343,3458,645,-2115,-31,5639,11,-1242
StJohns,SSP585,2025,0.05,0.05,0.6,0.2,0.2,130,0.09,0.7,0.4,5.46,0,35000,4.05,0.1,1,0.5,8,0.7,10,0.1,1343,3614,1806,-2271,-34,8525,21,-2149
StJohns,SSP585,2025,0.01,0.01,0.6,0.2,0.2,130,0.05,0.4,0.6,5.46,8000,30000,4.55,0.2,0.75,0.5,6,0.7,10,0.1,1343,4828,897,-3485,-52,5639,16,-1862
StJohns,SSP585,2025,0.05,0.01,0.6,0.2,0.2,130,0.05,0.6,0.6,5.46,4000,50000,4.55,0.1,0.25,1.5,10,0.7,2,0.1,1343,4828,2376,-3485,-52,8525,28,-3092
StJohns,SSP585,2025,0.01,0.05,0.6,0.2,0.2,130,0.05,0.1,0.2,5.46,6000,25000,4.05,0.1,1,1.5,10,0.7,8,0.1,1343,3458,951,-2115,-31,5639,17,-1567
StJohns,SSP585,2025,0.05,0.05,0.6,0.2,0.2,130,0.09,0.4,0.2,5.46,0,20000,4.05,0.15,0.25,0.5,6,0.7,0,0.1,1343,3614,928,-2271,-34,8525,11,-1240
StJohns,SSP585,2025,0.01,0.01,0.6,0.2,0.2,130,0.05,0.6,0.6,6.46,2000,20000,4.05,0.15,1,1.25,8,0.6,10,0.1,990,4828,152,-3838,-57,5639,3,-1231
StJohns,SSP585,2025,0.05,0.01,0.6,0.2,0.2,130,0.05,0.1,0.2,5.46,8000,25000,4.05,0.25,0.75,1,10,0.7,4,0.1,1343,3458,1278,-2115,-31,8525,15,-1614
StJohns,SSP585,2025,0.01,0.05,0.6,0.2,0.2,130,0.05,0.2,0.6,5.46,0,20000,4.05,0.35,1.5,0.5,0,0.7,0,0.1,1343,3458,598,-2115,-31,5639,11,-1191
StJohns,SSP585,2025,0.05,0.05,0.6,0.2,0.2,130,0.09,0.2,0.1,5.46,8000,50000,4.05,0.3,1.25,0.75,8,0.7,0,0.1,1343,3614,2672,-2271,-34,8525,31,-3064
StJohns,SSP585,2025,0.01,0.01,0.6,0.2,0.2,130,0.09,0.3,0.5,5.96,2000,25000,4.05,0.1,0.75,0.5,10,0.7,2,0.1,1343,4299,775,-2956,-44,5639,14,-1553
StJohns,SSP585,2025,0.05,0.01,0.6,0.2,0.2,130,0.05,0.7,0.1,5.46,6000,25000,4.05,0.25,0.5,1.25,2,0.7,0,0.1,1343,3458,1214,-2115,-31,8525,14,-1546
StJohns,SSP585,2025,0.01,0.05,0.6,0.2,0.2,130,0.05,0.7,0.1,5.46,8000,50000,4.05,0.2,0.75,1.25,4,0.7,6,0.1,1343,3458,2369,-2115,-31,5639,42,-3042
StJohns,SSP585,2025,0.05,0.05,0.6,0.2,0.2,130,0.05,0.2,0.5,5.46,0,35000,4.05,0.35,0.25,1.25,4,0.7,8,0.1,1343,3458,1776,-2115,-31,8525,21,-2116
StJohns,SSP585,2025,0.01,0.01,0.6,0.2,0.2,130,0.05,0.7,0.2,5.46,8000,25000,4.05,0.1,0.75,0.5,10,0.7,6,0.1,1343,3458,966,-2115,-31,5639,17,-1586
StJohns,SSP585,2025,0.05,0.01,0.6,0.2,0.2,130,0.05,0.1,0.3,5.46,4000,35000,4.05,0.4,1.5,0.75,6,0.7,6,0.1,1343,3458,1789,-2115,-31,8525,21,-2138
StJohns,SSP585,2025,0.01,0.05,0.6,0.2,0.2,130,0.05,0.6,0.6,5.46,8000,20000,4.55,0.3,0.75,1.5,0,0.6,4,0.1,990,4828,144,-3837,-57,5639,3,-1235
StJohns,SSP585,2025,0.05,0.05,0.6,0.2,0.2,130,0.05,0.2,0.4,5.46,10000,45000,4.05,0.35,0.25,1.25,8,0.7,2,0.1,1343,3458,2444,-2115,-31,8525,29,-2827
StJohns,SSP585,2030,0.01,0.01,0.6,0.2,0.2,130,0.05,0.3,0.6,5.46,4000,30000,4.05,0.15,0.75,0.5,2,0.7,0,0.1,1492,3458,1259,-1965,-29,5706,22,-1820
StJohns,SSP585,2030,0.05,0.01,0.6,0.2,0.2,130,0.05,0.3,0.3,5.46,0,25000,4.05,0.25,1,1,6,0.7,8,0.1,1492,3458,1317,-1965,-29,8628,15,-1543
StJohns,SSP585,2030,0.01,0.05,0.6,0.2,0.2,130,0.05,0.4,0.3,5.96,8000,25000,4.05,0.2,1,0.5,4,0.7,6,0.1,1492,4143,819,-2650,-39,5706,14,-1545
StJohns,SSP585,2030,0.05,0.05,0.6,0.2,0.2,130,0.09,0.5,0.3,5.46,6000,40000,4.05,0.35,1,0.75,2,0.7,8,0.1,1492,3614,2151,-2121,-32,8628,25,-2424
StJohns,SSP585,2030,0.01,0.01,0.6,0.2,0.2,130,0.09,0.2,0.5,5.46,0,35000,4.55,0.3,1.25,1.5,4,0.7,8,0.1,1492,4984,1207,-3491,-52,5706,21,-2108
StJohns,SSP585,2030,0.05,0.01,0.6,0.2,0.2,130,0.05,0.3,0.3,5.46,2000,25000,4.05,0.2,0.5,1,2,0.7,4,0.1,1492,3458,1290,-1965,-29,8628,15,-1520
StJohns,SSP585,2030,0.01,0.05,0.6,0.2,0.2,130,0.05,0.7,0.3,5.46,4000,20000,4.05,0.35,0.5,1,0,0.7,8,0.1,1492,3458,679,-1965,-29,5706,12,-1218
StJohns,SSP585,2030,0.05,0.05,0.6,0.2,0.2,130,0.05,0.2,0.5,5.46,0,35000,5.05,0.4,1.25,1.25,8,0.7,4,0.1,1492,6198,1240,-4705,-70,8628,14,-2157
StJohns,SSP585,2030,0.01,0.01,0.6,0.2,0.2,130,0.05,0.5,0.4,5.46,4000,30000,4.05,0.25,0.75,0.5,4,0.6,6,0.1,1105,3458,1105,-2352,-35,5706,19,-1826
StJohns,SSP585,2030,0.05,0.01,0.6,0.2,0.2,130,0.05,0.5,0.1,5.46,8000,30000,4.05,0.3,1.25,1.25,6,0.7,0,0.1,1492,3458,1609,-1965,-29,8628,19,-1862
StJohns,SSP585,2030,0.01,0.05,0.6,0.2,0.2,130,0.05,0.2,0.3,5.46,6000,25000,4.05,0.3,1.5,1.5,4,0.7,4,0.1,1492,3458,966,-1965,-29,5706,17,-1520
StJohns,SSP585,2030,0.05,0.05,0.6,0.2,0.2,130,0.05,0.4,0.2,5.46,4000,30000,4.05,0.15,0.25,0.75,8,0.7,4,0.1,1492,3458,1647,-1965,-29,8628,19,-1892
StJohns,SSP585,2030,0.01,0.01,0.6,0.2,0.2,130,0.05,0.5,0.6,5.46,10000,50000,4.05,0.25,1,0.75,2,0.7,6,0.1,1492,3458,2414,-1965,-29,5706,42,-3030
StJohns,SSP585,2030,0.05,0.01,0.6,0.2,0.2,130,0.05,0.1,0.2,5.46,6000,40000,4.05,0.35,1.25,0.5,0,0.5,8,0.1,614,3458,1577,-2844,-42,8628,18,-2398
StJohns,SSP585,2030,0.01,0.05,0.6,0.2,0.2,130,0.13,0.1,0.5,5.96,2000,50000,4.05,0.15,0.25,1.5,8,0.7,2,0.1,1492,4455,2269,-2962,-44,5706,40,-3041
StJohns,SSP585,2030,0.05,0.05,0.6,0.2,0.2,130,0.05,0.4,0.2,5.46,4000,30000,4.05,0.25,0.5,1.25,8,0.7,8,0.1,1492,3458,1641,-1965,-29,8628,19,-1886
StJohns,SSP585,2030,0.01,0.01,0.6,0.2,0.2,130,0.05,0.6,0.6,5.46,10000,45000,4.05,0.15,0.5,1,6,0.7,8,0.1,1492,3458,2179,-1965,-29,5706,38,-2783
StJohns,SSP585,2030,0.05,0.01,0.6,0.2,0.2,130,0.05,0.4,0.4,5.46,4000,45000,4.05,0.4,1.5,1.5,6,0.7,4,0.1,1492,3458,2462,-1965,-29,8628,29,-2739
StJohns,SSP585,2030,0.01,0.05,0.6,0.2,0.2,130,0.05,0.4,0.4,5.46,0,20000,4.05,0.1,1.25,0.75,8,0.7,2,0.1,1492,3458,708,-1965,-29,5706,12,-1238
StJohns,SSP585,2030,0.05,0.05,0.6,0.2,0.2,130,0.05,0.1,0.4,5.96,6000,20000,4.05,0.4,1,1.5,0,0.7,10,0.1,1492,4143,820,-2650,-39,8628,10,-1215
StJohns,SSP585,2035,0.01,0.01,0.6,0.2,0.2,130,0.09,0.1,0.3,5.46,0,45000,4.05,0.3,1,0.5,4,0.7,2,0.1,1301,3614,2034,-2313,-34,5524,37,-2700
StJohns,SSP585,2035,0.05,0.01,0.6,0.2,0.2,130,0.05,0.1,0.6,5.46,10000,40000,4.55,0.35,1.5,0.75,10,0.6,4,0.1,966,4828,1510,-3861,-57,8349,18,-2453
StJohns,SSP585,2035,0.01,0.05,0.6,0.2,0.2,130,0.05,0.2,0.1,5.46,0,45000,4.05,0.3,1.5,0.5,2,0.7,10,0.1,1301,3458,2026,-2157,-32,5524,37,-2689
StJohns,SSP585,2035,0.05,0.05,0.6,0.2,0.2,130,0.05,0.2,0.4,5.46,10000,20000,4.05,0.15,0.25,0.75,6,0.7,6,0.1,1301,3458,964,-2157,-32,8349,12,-1320
StJohns,SSP585,2035,0.01,0.01,0.6,0.2,0.2,130,0.05,0.6,0.2,5.46,0,35000,4.55,0.3,1.5,0.5,0,0.7,2,0.1,1301,4828,1107,-3527,-52,5524,20,-2084
StJohns,SSP585,2035,0.05,0.01,0.6,0.2,0.2,130,0.05,0.1,0.3,5.46,2000,40000,4.05,0.4,0.25,0.5,4,0.6,0,0.1,966,3458,1830,-2491,-37,8349,22,-2421
StJohns,SSP585,2035,0.01,0.05,0.6,0.2,0.2,130,0.05,0.1,0.1,5.46,0,20000,4.05,0.2,0.75,0.75,8,0.7,0,0.1,1301,3458,622,-2157,-32,5524,11,-1232
StJohns,SSP585,2035,0.05,0.05,0.6,0.2,0.2,130,0.05,0.1,0.6,5.46,6000,25000,4.05,0.4,1.25,0.5,8,0.6,10,0.1,966,3458,984,-2491,-37,8349,12,-1552
StJohns,SSP585,2035,0.01,0.01,0.6,0.2,0.2,130,0.05,0.7,0.1,5.46,8000,20000,4.05,0.25,1,0.75,6,0.7,2,0.1,1301,3458,628,-2157,-32,5524,11,-1255
StJohns,SSP585,2035,0.05,0.01,0.6,0.2,0.2,130,0.05,0.4,0.5,5.46,0,50000,4.05,0.1,0.25,1.25,4,0.6,10,0.1,966,3458,2392,-2491,-37,8349,29,-3000
StJohns,SSP585,2035,0.01,0.05,0.6,0.2,0.2,130,0.05,0.6,0.1,5.46,2000,35000,4.05,0.2,1.25,1.25,2,0.7,6,0.1,1301,3458,1453,-2157,-32,5524,26,-2099
StJohns,SSP585,2035,0.05,0.05,0.6,0.2,0.2,130,0.05,0.6,0.4,5.46,8000,20000,4.55,0.35,1,1.5,4,0.7,2,0.1,1301,4828,568,-3527,-52,8349,7,-1255
StJohns,SSP585,2035,0.01,0.01,0.6,0.2,0.2,130,0.05,0.2,0.5,5.46,8000,50000,4.05,0.35,0.75,1.25,4,0.7,6,0.1,1301,3458,2351,-2157,-32,5524,43,-3041
StJohns,SSP585,2035,0.05,0.01,0.6,0.2,0.2,130,0.05,0.1,0.3,5.96,4000,20000,4.05,0.25,1.25,1,8,0.7,4,0.1,1301,4143,754,-2842,-42,8349,9,-1265
StJohns,SSP585,2035,0.01,0.05,0.6,0.2,0.2,130,0.05,0.6,0.2,5.46,4000,20000,4.05,0.2,0.75,0.75,6,0.7,6,0.1,1301,3458,625,-2157,-32,5524,11,-1244
StJohns,SSP585,2035,0.05,0.05,0.6,0.2,0.2,130,0.05,0.2,0.1,5.46,4000,20000,4.05,0.15,0.25,0.5,2,0.7,2,0.1,1301,3458,895,-2157,-32,8349,11,-1239
StJohns,SSP585,2035,0.01,0.01,0.6,0.2,0.2,130,0.05,0.6,0.4,5.46,6000,25000,4.05,0.3,0.25,0.75,0,0.5,2,0.1,543,3458,590,-2914,-43,5524,11,-1538
StJohns,SSP585,2035,0.05,0.01,0.6,0.2,0.2,130,0.05,0.7,0.3,6.96,4000,25000,4.05,0.1,1,1.25,6,0.6,2,0.1,966,5513,474,-4546,-67,8349,6,-1540
StJohns,SSP585,2035,0.01,0.05,0.6,0.2,0.2,130,0.05,0.3,0.2,5.46,8000,45000,4.05,0.2,1,1,10,0.7,10,0.1,1301,3458,2084,-2157,-32,5524,38,-2764
StJohns,SSP585,2035,0.05,0.05,0.6,0.2,0.2,130,0.05,0.4,0.5,5.46,4000,30000,4.05,0.3,1,0.5,2,0.7,10,0.1,1301,3458,1453,-2157,-32,8349,17,-1818
StJohns,SSP585,2040,0.01,0.01,0.6,0.2,0.2,130,0.05,0.7,0.2,5.96,4000,20000,4.05,0.25,1.25,0.5,10,0.7,4,0.1,1023,4143,341,-3120,-46,4849,7,-1242
StJohns,SSP585,2040,0.05,0.01,0.6,0.2,0.2,130,0.05,0.6,0.2,5.46,0,20000,4.05,0.4,0.25,0.75,4,0.7,10,0.1,1023,3458,706,-2435,-36,7318,10,-1216
StJohns,SSP585,2040,0.01,0.05,0.6,0.2,0.2,130,0.05,0.6,0.5,5.46,10000,25000,4.05,0.15,1,1.5,6,0.7,2,0.1,1023,3458,797,-2435,-36,4849,16,-1554
StJohns,SSP585,2040,0.05,0.05,0.6,0.2,0.2,130,0.05,0.2,0.4,5.46,6000,25000,4.05,0.2,1,1.25,6,0.7,6,0.1,1023,3458,1018,-2435,-36,7318,14,-1551
StJohns,SSP585,2040,0.01,0.01,0.6,0.2,0.2,130,0.05,0.4,0.2,5.46,6000,50000,4.05,0.25,1,1.25,10,0.7,0,0.1,1023,3458,2240,-2435,-36,4849,46,-3042
StJohns,SSP585,2040,0.05,0.01,0.6,0.2,0.2,130,0.05,0.5,0.2,5.46,0,25000,4.05,0.1,1.5,1.5,10,0.7,6,0.1,1023,3458,1031,-2435,-36,7318,14,-1551
StJohns,SSP585,2040,0.01,0.05,0.6,0.2,0.2,130,0.05,0.4,0.4,5.46,0,20000,4.55,0.4,0.25,1.5,0,0.7,4,0.1,1023,4828,130,-3805,-56,4849,3,-1191
StJohns,SSP585,2040,0.05,0.05,0.6,0.2,0.2,130,0.05,0.7,0.6,5.46,0,30000,4.05,0.3,1.25,1.25,4,0.7,0,0.1,1023,3458,1280,-2435,-36,7318,17,-1811
StJohns,SSP585,2040,0.01,0.01,0.6,0.2,0.2,130,0.05,0.2,0.4,5.96,0,20000,4.05,0.25,1,0.75,0,0.7,6,0.1,1023,4143,297,-3120,-46,4849,6,-1191
StJohns,SSP585,2040,0.05,0.01,0.6,0.2,0.2,130,0.05,0.4,0.1,5.46,4000,25000,4.05,0.25,0.25,1.5,4,0.7,10,0.1,1023,3458,1017,-2435,-36,7318,14,-1546
StJohns,SSP585,2040,0.01,0.05,0.6,0.2,0.2,130,0.21,0.5,0.5,5.46,0,30000,4.05,0.4,0.5,1.5,10,0.5,8,0.1,441,4082,804,-3640,-54,4849,17,-1804
StJohns,SSP585,2040,0.05,0.05,0.6,0.2,0.2,130,0.05,0.4,0.6,5.46,8000,25000,4.05,0.35,0.5,0.5,2,0.7,10,0.1,1023,3458,1019,-2435,-36,7318,14,-1556
StJohns,SSP585,2040,0.01,0.01,0.6,0.2,0.2,130,0.05,0.1,0.4,5.46,10000,25000,4.05,0.15,0.75,0.5,4,0.7,10,0.1,1023,3458,802,-2435,-36,4849,17,-1560
StJohns,SSP585,2040,0.05,0.01,0.6,0.2,0.2,130,0.05,0.6,0.4,5.96,6000,50000,4.05,0.35,1,1.5,0,0.7,8,0.1,1023,4143,2248,-3120,-46,7318,31,-3001
StJohns,SSP585,2040,0.01,0.05,0.6,0.2,0.2,130,0.05,0.7,0.5,5.46,2000,20000,4.05,0.1,0.75,1.5,0,0.7,0,0.1,1023,3458,472,-2435,-36,4849,10,-1202
StJohns,SSP585,2040,0.05,0.05,0.6,0.2,0.2,130,0.05,0.5,0.3,5.46,8000,20000,4.05,0.25,1.5,0.75,10,0.6,2,0.1,771,3458,564,-2686,-40,7318,8,-1248
StJohns,SSP585,2040,0.01,0.01,0.6,0.2,0.2,130,0.05,0.7,0.2,5.96,0,25000,4.05,0.1,1.5,1,6,0.7,10,0.1,1023,4143,609,-3120,-46,4849,13,-1513
StJohns,SSP585,2040,0.05,0.01,0.6,0.2,0.2,130,0.09,0.1,0.5,5.46,8000,25000,4.05,0.2,1.5,1.5,6,0.6,4,0.1,771,3614,830,-2842,-42,7318,11,-1527
StJohns,SSP585,2040,0.01,0.05,0.6,0.2,0.2,130,0.05,0.7,0.3,5.46,4000,20000,4.05,0.15,1.5,1.25,4,0.7,10,0.1,1023,3458,478,-2435,-36,4849,10,-1212
StJohns,SSP585,2040,0.05,0.05,0.6,0.2,0.2,130,0.05,0.1,0.5,5.46,10000,30000,4.05,0.1,1.25,1,10,0.6,8,0.1,771,3458,1151,-2686,-40,7318,16,-1860
StJohns,SSP585,2045,0.01,0.01,0.6,0.2,0.2,130,0.05,0.6,0.2,5.46,6000,50000,4.05,0.25,0.5,1.25,6,0.7,6,0.1,1062,3458,2258,-2396,-35,4901,46,-3043
StJohns,SSP585,2045,0.05,0.01,0.6,0.2,0.2,130,0.05,0.7,0.4,5.96,2000,50000,4.05,0.35,0.5,1,8,0.7,6,0.1,1062,4143,2322,-3081,-46,7398,31,-3042
StJohns,SSP585,2045,0.01,0.05,0.6,0.2,0.2,130,0.05,0.1,0.2,5.46,0,40000,4.05,0.3,0.5,0.5,0,0.7,2,0.1,1062,3458,1629,-2396,-35,4901,33,-2381
StJohns,SSP585,2045,0.05,0.05,0.6,0.2,0.2,130,0.09,0.6,0.2,5.46,8000,25000,4.05,0.2,1.25,0.75,0,0.6,8,0.1,800,3614,831,-2813,-42,7398,11,-1510
StJohns,SSP585,2045,0.01,0.01,0.6,0.2,0.2,130,0.05,0.5,0.3,5.46,0,20000,4.05,0.25,1,0.75,6,0.7,8,0.1,1062,3458,507,-2396,-35,4901,10,-1216
StJohns,SSP585,2045,0.05,0.01,0.6,0.2,0.2,130,0.05,0.7,0.1,5.46,6000,25000,4.05,0.2,1.25,1.5,6,0.7,4,0.1,1062,3458,1035,-2396,-35,7398,14,-1544
StJohns,SSP585,2045,0.01,0.05,0.6,0.2,0.2,130,0.05,0.3,0.2,5.46,2000,20000,4.05,0.35,0.5,1,0,0.7,0,0.1,1062,3458,491,-2396,-35,4901,10,-1204
StJohns,SSP585,2045,0.05,0.05,0.6,0.2,0.2,130,0.05,0.3,0.2,5.46,10000,50000,4.05,0.3,0.5,0.75,2,0.5,8,0.1,450,3458,2098,-3007,-44,7398,28,-3051
StJohns,SSP585,2045,0.01,0.01,0.6,0.2,0.2,130,0.05,0.5,0.2,5.46,2000,25000,4.05,0.35,1.25,1.25,6,0.7,6,0.1,1062,3458,795,-2396,-35,4901,16,-1519
StJohns,SSP585,2045,0.05,0.01,0.6,0.2,0.2,130,0.05,0.3,0.1,5.46,0,20000,4.55,0.35,1.25,1.5,10,0.7,0,0.1,1062,4828,436,-3766,-56,7398,6,-1256
StJohns,SSP585,2045,0.01,0.05,0.6,0.2,0.2,130,0.05,0.2,0.6,5.46,8000,25000,4.05,0.3,1,1.25,2,0.7,0,0.1,1062,3458,793,-2396,-35,4901,16,-1530
StJohns,SSP585,2045,0.05,0.05,0.6,0.2,0.2,130,0.09,0.5,0.5,5.46,2000,20000,4.05,0.25,0.25,0.5,2,0.7,2,0.1,1062,3614,728,-2552,-38,7398,10,-1220
StJohns,SSP585,2045,0.01,0.01,0.6,0.2,0.2,130,0.05,0.2,0.2,5.96,0,20000,4.05,0.3,0.75,1,6,0.6,10,0.1,800,4143,224,-3342,-49,4901,5,-1210
StJohns,SSP585,2045,0.05,0.01,0.6,0.2,0.2,130,0.05,0.7,0.2,5.46,0,30000,4.05,0.2,1,1.25,10,0.7,8,0.1,1062,3458,1345,-2396,-35,7398,18,-1851
StJohns,SSP585,2045,0.01,0.05,0.6,0.2,0.2,130,0.09,0.2,0.6,5.46,4000,50000,4.05,0.4,0.25,0.5,0,0.7,4,0.1,1062,3614,2225,-2552,-38,4901,45,-3009
StJohns,SSP585,2045,0.05,0.05,0.6,0.2,0.2,130,0.05,0.6,0.4,5.46,8000,20000,4.05,0.35,1.5,1.25,0,0.6,2,0.1,800,3458,535,-2657,-39,7398,7,-1201
StJohns,SSP585,2045,0.01,0.01,0.6,0.2,0.2,130,0.05,0.5,0.5,5.46,6000,50000,4.05,0.3,1.5,1.5,8,0.7,10,0.1,1062,3458,2233,-2396,-35,4901,46,-3018
StJohns,SSP585,2045,0.05,0.01,0.6,0.2,0.2,130,0.05,0.3,0.2,5.46,4000,40000,4.05,0.2,0.75,1,8,0.7,0,0.1,1062,3458,1919,-2396,-35,7398,26,-2455
StJohns,SSP585,2045,0.01,0.05,0.6,0.2,0.2,130,0.05,0.2,0.2,5.46,8000,25000,4.05,0.15,1.5,1.25,4,0.7,0,0.1,1062,3458,779,-2396,-35,4901,16,-1516
StJohns,SSP585,2045,0.05,0.05,0.6,0.2,0.2,130,0.09,0.5,0.2,5.46,8000,30000,4.05,0.3,0.5,1,4,0.6,0,0.1,800,3614,1171,-2813,-42,7398,16,-1860
StJohns,SSP585,2050,0.01,0.01,0.6,0.2,0.2,130,0.13,0.6,0.3,5.46,4000,50000,4.05,0.1,0.5,1.25,6,0.6,8,0.1,680,3770,2075,-3089,-46,4587,45,-3020
StJohns,SSP585,2050,0.05,0.01,0.6,0.2,0.2,130,0.05,0.1,0.4,5.96,4000,20000,4.05,0.3,1.5,1.5,4,0.7,4,0.1,884,4143,445,-3258,-48,6917,6,-1217
StJohns,SSP585,2050,0.01,0.05,0.6,0.2,0.2,130,0.05,0.2,0.6,5.46,4000,20000,4.05,0.35,0.75,0.75,10,0.7,8,0.1,884,3458,456,-2573,-38,4587,10,-1248
StJohns,SSP585,2050,0.05,0.05,0.6,0.2,0.2,130,0.05,0.4,0.1,5.96,2000,35000,4.05,0.3,1.5,0.5,2,0.7,10,0.1,884,4143,1297,-3258,-48,6917,19,-2097
StJohns,SSP585,2050,0.01,0.01,0.6,0.2,0.2,130,0.05,0.2,0.3,5.46,10000,20000,4.05,0.25,0.5,1.5,2,0.7,10,0.1,884,3458,462,-2573,-38,4587,10,-1266
StJohns,SSP585,2050,0.05,0.01,0.6,0.2,0.2,130,0.05,0.7,0.5,5.46,0,25000,4.05,0.3,1.5,0.5,2,0.7,4,0.1,884,3458,892,-2573,-38,6917,13,-1499
StJohns,SSP585,2050,0.01,0.05,0.6,0.2,0.2,130,0.05,0.1,0.1,5.46,6000,25000,4.05,0.3,1,1,4,0.7,4,0.1,884,3458,721,-2573,-38,4587,16,-1527
StJohns,SSP585,2050,0.05,0.05,0.6,0.2,0.2,130,0.05,0.2,0.1,5.46,2000,45000,4.05,0.35,0.5,1.25,6,0.7,0,0.1,884,3458,2072,-2573,-38,6917,30,-2725
StJohns,SSP585,2050,0.01,0.01,0.6,0.2,0.2,130,0.05,0.1,0.6,6.46,0,20000,4.05,0.3,1.5,0.75,8,0.7,10,0.1,884,4828,101,-3943,-58,4587,2,-1219
StJohns,SSP585,2050,0.05,0.01,0.6,0.2,0.2,130,0.05,0.2,0.5,5.46,4000,25000,4.05,0.25,0.5,1,8,0.7,0,0.1,884,3458,944,-2573,-38,6917,14,-1559
StJohns,SSP585,2050,0.01,0.05,0.6,0.2,0.2,130,0.09,0.1,0.1,5.46,0,20000,4.05,0.25,1,1.25,4,0.7,8,0.1,884,3614,419,-2729,-40,4587,9,-1205
StJohns,SSP585,2050,0.05,0.05,0.6,0.2,0.2,130,0.05,0.6,0.5,5.46,4000,25000,4.55,0.35,0.5,1.5,4,0.6,2,0.1,680,4828,454,-4147,-61,6917,7,-1532
StJohns,SSP585,2050,0.01,0.01,0.6,0.2,0.2,130,0.09,0.1,0.6,5.46,8000,30000,4.05,0.4,0.5,1.5,6,0.7,6,0.1,884,3614,1038,-2729,-40,4587,23,-1862
StJohns,SSP585,2050,0.05,0.01,0.6,0.2,0.2,130,0.05,0.2,0.4,5.46,6000,25000,4.55,0.15,0.25,0.5,2,0.7,6,0.1,884,4828,594,-3943,-58,6917,9,-1548
StJohns,SSP585,2050,0.01,0.05,0.6,0.2,0.2,130,0.05,0.3,0.3,5.46,6000,35000,4.05,0.35,1,1,8,0.7,6,0.1,884,3458,1309,-2573,-38,4587,29,-2137
StJohns,SSP585,2050,0.05,0.05,0.6,0.2,0.2,130,0.05,0.5,0.3,5.46,0,30000,4.05,0.1,0.5,0.75,8,0.6,4,0.1,680,3458,1074,-2777,-41,6917,16,-1819
StJohns,SSP585,2050,0.01,0.01,0.6,0.2,0.2,130,0.09,0.1,0.6,5.46,10000,35000,4.05,0.3,1.5,0.75,0,0.7,4,0.1,884,3614,1258,-2729,-40,4587,27,-2096
StJohns,SSP585,2050,0.05,0.01,0.6,0.2,0.2,130,0.05,0.5,0.3,5.96,8000,30000,4.05,0.4,1,1.25,4,0.7,10,0.1,884,4143,1039,-3258,-48,6917,15,-1841
StJohns,SSP585,2050,0.01,0.05,0.6,0.2,0.2,130,0.13,0.6,0.1,5.96,4000,45000,4.05,0.25,0.5,1.25,0,0.6,6,0.1,680,4455,1604,-3774,-56,4587,35,-2706
StJohns,SSP585,2050,0.05,0.05,0.6,0.2,0.2,130,0.05,0.2,0.2,5.46,0,35000,4.05,0.4,0.25,0.75,0,0.7,10,0.1,884,3458,1456,-2573,-38,6917,21,-2084
Toronto,SSP126,2025,0.01,0.01,0.6,0.2,0.2,130,0.25,0.3,0.3,5.46,6000,25000,3.6,0.1,0.25,1.25,10,0.7,4,0.6,69784,13967,1764,55817,803,2121,83,-1724
Toronto,SSP126,2025,0.05,0.01,0.6,0.2,0.2,130,0.25,0.2,0.5,5.46,2000,25000,3.6,0.1,1.5,0.75,10,0.7,2,0.6,69784,13967,2734,55817,803,2772,99,-1763
Toronto,SSP126,2025,0.01,0.05,0.6,0.2,0.2,130,0.25,0.2,0.6,5.46,8000,45000,3.6,0.25,1.5,0.75,0,0.7,0,0.5,69170,12017,2644,57153,823,2501,106,-2689
Toronto,SSP126,2025,0.05,0.05,0.6,0.2,0.2,130,0.25,0.4,0.4,5.46,4000,50000,3.6,0.4,1.5,1.25,10,0.7,6,0.6,69784,13967,4337,55817,803,3152,138,-3274
Toronto,SSP126,2025,0.01,0.01,0.6,0.2,0.2,130,0.25,0.6,0.3,5.46,8000,40000,3.6,0.1,0.5,1.5,8,0.7,10,0.6,69784,13967,2609,55817,803,2121,123,-2604
Toronto,SSP126,2025,0.05,0.01,0.6,0.2,0.2,130,0.25,0.6,0.2,5.46,10000,20000,3.6,0.25,1.25,0.5,10,0.7,4,0.6,69784,13967,2460,55817,803,2772,89,-1496
Toronto,SSP126,2025,0.01,0.05,0.6,0.2,0.2,130,0.21,0.7,0.3,5.46,10000,50000,3.6,0.3,1.25,0.75,0,0.7,6,0.6,69081,13811,3154,55271,795,2501,126,-3029
Toronto,SSP126,2025,0.05,0.05,0.6,0.2,0.2,130,0.25,0.3,0.4,5.46,4000,20000,3.6,0.15,0.75,1,8,0.7,6,0.6,69784,13967,2578,55817,803,3152,82,-1452
Toronto,SSP126,2025,0.01,0.01,0.6,0.2,0.2,130,0.25,0.1,0.3,5.46,0,35000,3.6,0.2,0.75,0.75,4,0.7,8,0.6,69784,13967,2208,55817,803,2121,104,-2176
Toronto,SSP126,2025,0.05,0.01,0.6,0.2,0.2,130,0.25,0.2,0.5,5.46,4000,40000,3.6,0.1,0.25,0.75,8,0.6,8,0.6,65764,13967,3731,51797,745,2772,135,-2665
Toronto,SSP126,2025,0.01,0.05,0.6,0.2,0.2,130,0.25,0.2,0.6,5.46,10000,50000,3.6,0.4,0.5,1.25,0,0.7,0,0.6,69784,13967,3174,55817,803,2501,127,-3045
Toronto,SSP126,2025,0.05,0.05,0.6,0.2,0.2,130,0.25,0.4,0.2,5.46,2000,25000,3.6,0.3,0.5,0.5,10,0.7,4,0.6,69784,13967,2906,55817,803,3152,92,-1786
Toronto,SSP126,2025,0.01,0.01,0.6,0.2,0.2,130,0.21,0.1,0.6,5.46,4000,40000,3.6,0.3,1.25,1,4,0.7,10,0.6,69081,13811,2501,55271,795,2121,118,-2490
Toronto,SSP126,2025,0.05,0.01,0.6,0.2,0.2,130,0.25,0.6,0.6,5.46,0,20000,3.6,0.25,0.75,0.75,6,0.7,0,0.6,69784,13967,2336,55817,803,2772,84,-1351
Toronto,SSP126,2025,0.01,0.05,0.6,0.2,0.2,130,0.25,0.5,0.5,5.46,0,25000,3.6,0.2,1.25,0.5,2,0.7,6,0.6,69784,13967,1751,55817,803,2501,70,-1549
Toronto,SSP126,2025,0.05,0.05,0.6,0.2,0.2,130,0.25,0.1,0.5,5.46,4000,30000,3.6,0.2,0.25,1.5,4,0.7,2,0.6,69784,13967,3039,55817,803,3152,96,-1934
Toronto,SSP126,2025,0.01,0.01,0.6,0.2,0.2,130,0.25,0.5,0.2,5.46,0,40000,3.6,0.4,0.25,1.5,2,0.7,6,0.6,69784,13967,2455,55817,803,2121,116,-2433
Toronto,SSP126,2025,0.05,0.01,0.6,0.2,0.2,130,0.25,0.5,0.2,5.96,0,25000,3.6,0.15,0.25,1.25,2,0.7,0,0.6,69784,14652,2349,55132,793,2772,85,-1542
Toronto,SSP126,2025,0.01,0.05,0.6,0.2,0.2,130,0.25,0.2,0.1,5.96,2000,30000,3.6,0.2,1.25,1.25,8,0.7,6,0.6,69784,14652,1977,55132,793,2501,79,-1957
Toronto,SSP126,2025,0.05,0.05,0.6,0.2,0.2,130,0.25,0.3,0.3,5.46,4000,30000,3.6,0.15,0.75,1,10,0.7,2,0.6,69784,13967,3188,55817,803,3152,101,-2083
Toronto,SSP126,2030,0.01,0.01,0.6,0.2,0.2,130,0.21,0.4,0.1,5.46,10000,35000,3.6,0.4,0.25,1.25,2,0.7,0,0.6,75642,13811,2340,61832,890,2152,109,-2201
Toronto,SSP126,2030,0.05,0.01,0.6,0.2,0.2,130,0.25,0.4,0.1,5.46,6000,20000,4.1,0.2,0.75,0.75,10,0.6,10,0.6,71742,15337,2487,56406,811,2788,89,-1546
Toronto,SSP126,2030,0.01,0.05,0.6,0.2,0.2,130,0.25,0.5,0.5,5.46,4000,25000,3.6,0.25,1.5,1.5,0,0.7,4,0.6,76373,13967,1851,62407,898,2562,72,-1512
Toronto,SSP126,2030,0.05,0.05,0.6,0.2,0.2,130,0.25,0.3,0.5,5.46,8000,20000,3.6,0.35,0.75,1.5,10,0.7,4,0.6,76373,13967,2788,62407,898,3198,87,-1522
Toronto,SSP126,2030,0.01,0.01,0.6,0.2,0.2,130,0.25,0.5,0.2,5.96,10000,20000,4.1,0.3,0.75,1,10,0.7,6,0.6,76373,16022,1111,60351,868,2152,52,-1440
Toronto,SSP126,2030,0.05,0.01,0.6,0.2,0.2,130,0.21,0.3,0.5,5.46,0,20000,3.6,0.1,0.25,1.5,4,0.7,10,0.6,75642,13811,2451,61832,890,2788,88,-1329
Toronto,SSP126,2030,0.01,0.05,0.6,0.2,0.2,130,0.25,0.5,0.3,5.46,4000,35000,3.6,0.1,1,1,0,0.7,10,0.6,76373,13967,2465,62407,898,2562,96,-2147
Toronto,SSP126,2030,0.05,0.05,0.6,0.2,0.2,130,0.25,0.1,0.1,5.46,0,40000,3.6,0.15,1.25,0.5,4,0.7,4,0.6,76373,13967,3749,62407,898,3198,117,-2507
Toronto,SSP126,2030,0.01,0.01,0.6,0.2,0.2,130,0.25,0.1,0.3,5.46,10000,25000,3.6,0.15,0.75,1.5,4,0.7,8,0.6,76373,13967,1801,62407,898,2152,84,-1638
Toronto,SSP126,2030,0.05,0.01,0.6,0.2,0.2,130,0.25,0.4,0.1,5.96,6000,20000,3.6,0.4,0.5,0.75,6,0.7,8,0.6,76373,14652,2357,61721,888,2788,85,-1417
Toronto,SSP126,2030,0.01,0.05,0.6,0.2,0.2,130,0.25,0.3,0.4,5.46,2000,35000,3.6,0.3,0.5,0.5,4,0.7,2,0.6,76373,13967,2499,62407,898,2562,98,-2177
Toronto,SSP126,2030,0.05,0.05,0.6,0.2,0.2,130,0.25,0.5,0.6,5.96,4000,50000,3.6,0.2,1.5,1.25,4,0.7,8,0.6,76373,14652,4171,61721,888,3198,130,-3127
Toronto,SSP126,2030,0.01,0.01,0.6,0.2,0.2,130,0.25,0.2,0.6,5.46,0,25000,3.6,0.4,0.5,0.75,2,0.7,6,0.6,76373,13967,1726,62407,898,2152,80,-1542
Toronto,SSP126,2030,0.05,0.01,0.6,0.2,0.2,130,0.25,0.4,0.6,5.46,0,25000,3.6,0.4,1.25,0.75,2,0.7,10,0.6,76373,13967,2682,62407,898,2788,96,-1573
Toronto,SSP126,2030,0.01,0.05,0.6,0.2,0.2,130,0.25,0.5,0.2,5.46,10000,25000,3.6,0.2,0.75,1.25,10,0.6,10,0.6,71742,13967,2176,57776,831,2562,85,-1780
Toronto,SSP126,2030,0.05,0.05,0.6,0.2,0.2,130,0.25,0.1,0.4,5.46,8000,35000,3.6,0.2,1,1,4,0.7,4,0.6,76373,13967,3478,62407,898,3198,109,-2243
Toronto,SSP126,2030,0.01,0.01,0.6,0.2,0.2,130,0.25,0.6,0.1,5.46,6000,25000,3.6,0.1,1.25,1.25,10,0.6,6,0.6,71742,13967,1965,57776,831,2152,91,-1714
Toronto,SSP126,2030,0.05,0.01,0.6,0.2,0.2,130,0.25,0.7,0.1,5.46,8000,40000,3.6,0.15,1.25,0.75,8,0.7,0,0.6,76373,13967,3678,62407,898,2788,132,-2617
Toronto,SSP126,2030,0.01,0.05,0.6,0.2,0.2,130,0.25,0.7,0.2,5.46,4000,25000,3.6,0.4,0.25,0.5,10,0.7,4,0.6,76373,13967,2054,62407,898,2562,80,-1716
Toronto,SSP126,2030,0.05,0.05,0.6,0.2,0.2,130,0.25,0.2,0.4,5.96,2000,45000,3.6,0.15,1.5,1.25,8,0.7,2,0.6,76373,14652,3964,61721,888,3198,124,-2905
Toronto,SSP126,2035,0.01,0.01,0.6,0.2,0.2,130,0.21,0.1,0.1,5.46,8000,40000,3.6,0.35,1.5,1.5,6,0.6,8,0.6,73617,13811,2862,59807,861,2124,135,-2535
Toronto,SSP126,2035,0.05,0.01,0.6,0.2,0.2,130,0.25,0.1,0.1,5.46,8000,30000,3.6,0.1,1,1,10,0.7,2,0.6,79167,13967,3375,65201,938,2730,124,-2107
Toronto,SSP126,2035,0.01,0.05,0.6,0.2,0.2,130,0.25,0.6,0.5,5.46,2000,35000,3.6,0.4,1.25,1.25,2,0.7,8,0.6,79167,13967,2633,65201,938,2551,103,-2165
Toronto,SSP126,2035,0.05,0.05,0.6,0.2,0.2,130,0.25,0.3,0.6,5.46,8000,30000,3.6,0.3,1.25,1,4,0.7,4,0.6,79167,13967,3378,65201,938,3156,107,-1940
Toronto,SSP126,2035,0.01,0.01,0.6,0.2,0.2,130,0.25,0.3,0.1,5.96,6000,25000,3.6,0.4,1.5,1.5,0,0.7,6,0.6,79167,14652,1659,64516,928,2124,78,-1515
Toronto,SSP126,2035,0.05,0.01,0.6,0.2,0.2,130,0.25,0.5,0.6,5.46,6000,20000,3.6,0.2,0.25,0.5,4,0.7,2,0.6,79167,13967,2653,65201,938,2730,97,-1359
Toronto,SSP126,2035,0.01,0.05,0.6,0.2,0.2,130,0.25,0.3,0.1,5.46,0,25000,3.6,0.1,0.25,1.5,0,0.7,6,0.6,79167,13967,2011,65201,938,2551,79,-1518
Toronto,SSP126,2035,0.05,0.05,0.6,0.2,0.2,130,0.25,0.2,0.4,5.46,4000,20000,3.6,0.25,1.25,0.5,0,0.7,4,0.6,79167,13967,2689,65201,938,3156,85,-1221
Toronto,SSP126,2035,0.01,0.01,0.6,0.2,0.2,130,0.25,0.3,0.4,5.46,10000,25000,3.6,0.3,1.25,1.25,2,0.7,0,0.6,79167,13967,1855,65201,938,2124,87,-1552
Toronto,SSP126,2035,0.05,0.01,0.6,0.2,0.2,130,0.25,0.4,0.2,5.46,0,25000,3.6,0.1,1.25,0.5,0,0.7,10,0.6,79167,13967,2816,65201,938,2730,103,-1520
Toronto,SSP126,2035,0.01,0.05,0.6,0.2,0.2,130,0.25,0.1,0.2,5.46,0,35000,3.6,0.35,0.75,1.5,10,0.7,0,0.6,79167,13967,2740,65201,938,2551,107,-2268
Toronto,SSP126,2035,0.05,0.05,0.6,0.2,0.2,130,0.21,0.4,0.2,5.46,6000,25000,3.6,0.1,1,1,4,0.6,2,0.6,73617,13811,3217,59807,861,3156,102,-1644
Toronto,SSP126,2035,0.01,0.01,0.6,0.2,0.2,130,0.25,0.6,0.2,5.46,4000,20000,3.6,0.35,0.75,0.75,0,0.7,0,0.6,79167,13967,1538,65201,938,2124,72,-1213
Toronto,SSP126,2035,0.05,0.01,0.6,0.2,0.2,130,0.25,0.4,0.6,5.46,8000,30000,3.6,0.3,0.75,0.5,2,0.7,0,0.6,79167,13967,3155,65201,938,2730,116,-1886
Toronto,SSP126,2035,0.01,0.05,0.6,0.2,0.2,130,0.25,0.6,0.5,5.96,6000,40000,3.6,0.2,1,1,8,0.7,6,0.6,79167,14652,2864,64516,928,2551,112,-2583
Toronto,SSP126,2035,0.01,0.01,0.6,0.2,0.2,130,0.25,0.2,0.1,5.46,4000,45000,3.6,0.4,1.5,1.5,4,0.7,0,0.6,79167,13967,3031,65201,938,2124,143,-2758
Toronto,SSP126,2035,0.05,0.01,0.6,0.2,0.2,130,0.25,0.1,0.5,5.46,0,40000,3.6,0.15,0.75,1.25,10,0.6,8,0.6,74408,13967,4101,60441,870,2730,150,-2709
Toronto,SSP126,2035,0.01,0.05,0.6,0.2,0.2,130,0.25,0.6,0.5,5.46,4000,40000,3.6,0.3,1.25,1.5,2,0.7,10,0.6,79167,13967,2931,65201,938,2551,115,-2478
Toronto,SSP126,2035,0.05,0.05,0.6,0.2,0.2,130,0.25,0.2,0.1,5.46,0,20000,3.6,0.1,0.5,1.5,8,0.7,0,0.6,79167,13967,2892,65201,938,3156,92,-1416
Toronto,SSP126,2040,0.01,0.01,0.6,0.2,0.2,130,0.25,0.7,0.2,5.46,8000,25000,3.6,0.35,1.5,0.5,6,0.7,2,0.5,79980,12017,1448,67963,979,2100,69,-1567
Toronto,SSP126,2040,0.05,0.01,0.6,0.2,0.2,130,0.25,0.2,0.5,5.46,0,20000,3.6,0.1,1,1,8,0.6,6,0.6,75746,13967,2470,61780,889,2673,92,-1419
Toronto,SSP126,2040,0.01,0.05,0.6,0.2,0.2,130,0.25,0.3,0.1,5.46,10000,20000,3.6,0.1,0.5,1.25,6,0.7,0,0.6,80603,13967,1613,66637,959,2545,63,-1355
Toronto,SSP126,2040,0.05,0.05,0.6,0.2,0.2,130,0.21,0.7,0.3,5.46,6000,25000,3.6,0.1,1.25,1.5,8,0.7,2,0.6,79765,13811,2805,65955,949,3119,90,-1710
Toronto,SSP126,2040,0.01,0.01,0.6,0.2,0.2,130,0.21,0.6,0.3,5.46,6000,30000,3.6,0.15,0.25,1.5,6,0.7,4,0.6,79765,13811,2014,65955,949,2100,96,-1944
Toronto,SSP126,2040,0.05,0.01,0.6,0.2,0.2,130,0.25,0.7,0.5,5.46,2000,30000,3.6,0.2,1,1.5,10,0.7,6,0.6,80603,13967,2974,66637,959,2673,111,-2056
Toronto,SSP126,2040,0.01,0.05,0.6,0.2,0.2,130,0.25,0.2,0.3,5.46,2000,20000,3.6,0.35,1.25,0.5,6,0.7,8,0.6,80603,13967,1607,66637,959,2545,63,-1331
Toronto,SSP126,2040,0.05,0.05,0.6,0.2,0.2,130,0.25,0.7,0.5,5.46,10000,25000,3.6,0.25,1.5,0.5,0,0.7,4,0.6,80603,13967,2606,66637,959,3119,84,-1521
Toronto,SSP126,2040,0.01,0.01,0.6,0.2,0.2,130,0.25,0.1,0.2,5.46,0,35000,3.6,0.25,1,1,8,0.6,4,0.6,75746,13967,2347,61780,889,2100,112,-2233
Toronto,SSP126,2040,0.05,0.01,0.6,0.2,0.2,130,0.25,0.1,0.3,5.46,10000,20000,3.6,0.35,1,1.5,2,0.7,10,0.6,80603,13967,2235,66637,959,2673,84,-1313
Toronto,SSP126,2040,0.01,0.05,0.6,0.2,0.2,130,0.25,0.7,0.2,5.46,4000,45000,3.6,0.3,0.5,0.75,6,0.7,0,0.6,80603,13967,3020,66637,959,2545,119,-2802
Toronto,SSP126,2040,0.05,0.05,0.6,0.2,0.2,130,0.25,0.5,0.6,5.46,4000,50000,3.6,0.2,0.25,1.25,10,0.7,0,0.6,80603,13967,4297,66637,959,3119,138,-3252
Toronto,SSP126,2040,0.01,0.01,0.6,0.2,0.2,130,0.25,0.2,0.2,5.46,2000,40000,3.6,0.35,1,1.25,2,0.6,10,0.6,75746,13967,2553,61780,889,2100,122,-2455
Toronto,SSP126,2040,0.05,0.01,0.6,0.2,0.2,130,0.25,0.7,0.3,5.46,0,25000,3.6,0.1,0.25,1,8,0.7,10,0.6,80603,13967,2648,66637,959,2673,99,-1715
Toronto,SSP126,2040,0.01,0.05,0.6,0.2,0.2,130,0.25,0.6,0.3,5.46,10000,35000,3.6,0.35,0.5,1.5,8,0.7,4,0.6,80603,13967,2526,66637,959,2545,99,-2299
Toronto,SSP126,2040,0.05,0.05,0.6,0.2,0.2,130,0.13,0.2,0.4,5.46,8000,30000,3.6,0.35,0.75,1.25,6,0.7,4,0.6,78240,13499,3077,64742,932,3119,99,-1997
Toronto,SSP126,2040,0.01,0.01,0.6,0.2,0.2,130,0.25,0.3,0.2,5.46,4000,45000,3.6,0.35,0.5,1.5,4,0.7,2,0.6,80603,13967,2821,66637,959,2100,134,-2776
Toronto,SSP126,2040,0.05,0.01,0.6,0.2,0.2,130,0.25,0.1,0.5,5.46,6000,40000,3.6,0.25,0.75,1.5,10,0.7,6,0.6,80603,13967,3565,66637,959,2673,133,-2676
Toronto,SSP126,2040,0.01,0.05,0.6,0.2,0.2,130,0.25,0.6,0.5,5.46,4000,25000,3.6,0.2,0.5,0.5,2,0.7,8,0.6,80603,13967,1848,66637,959,2545,73,-1588
Toronto,SSP126,2040,0.05,0.05,0.6,0.2,0.2,130,0.25,0.2,0.5,5.46,0,40000,3.6,0.4,0.5,0.75,6,0.7,10,0.5,79980,12017,3111,67963,979,3119,100,-2526
Toronto,SSP126,2045,0.01,0.01,0.6,0.2,0.2,130,0.25,0.3,0.5,5.46,8000,40000,3.6,0.3,1.25,1,2,0.6,10,0.6,66662,13967,2637,52696,758,1991,132,-2469
Toronto,SSP126,2045,0.05,0.01,0.6,0.2,0.2,130,0.25,0.5,0.6,5.96,4000,30000,3.6,0.35,1.25,0.75,2,0.7,10,0.6,71031,14652,2814,56379,811,2579,109,-1881
Toronto,SSP126,2045,0.01,0.05,0.6,0.2,0.2,130,0.25,0.7,0.4,5.46,0,30000,3.6,0.1,1.25,0.5,2,0.7,6,0.5,70399,12017,1930,58383,840,2366,82,-1838
Toronto,SSP126,2045,0.05,0.05,0.6,0.2,0.2,130,0.25,0.7,0.5,5.46,0,30000,3.6,0.3,0.25,1,2,0.7,6,0.6,71031,13967,3129,57064,821,2953,106,-1868
Toronto,SSP126,2045,0.01,0.01,0.6,0.2,0.2,130,0.25,0.2,0.6,5.46,2000,45000,3.6,0.25,0.75,1,0,0.7,4,0.6,71031,13967,2811,57064,821,1991,141,-2701
Toronto,SSP126,2045,0.05,0.01,0.6,0.2,0.2,130,0.25,0.1,0.2,5.46,0,50000,3.6,0.1,0.75,1.25,0,0.7,4,0.6,71031,13967,4055,57064,821,2579,157,-2988
Toronto,SSP126,2045,0.01,0.05,0.6,0.2,0.2,130,0.25,0.7,0.6,5.46,6000,30000,3.6,0.2,0.25,1.25,0,0.7,0,0.6,71031,13967,2120,57064,821,2366,90,-1835
Toronto,SSP126,2045,0.05,0.05,0.6,0.2,0.2,130,0.21,0.5,0.4,5.46,8000,20000,3.6,0.25,1,0.75,8,0.6,10,0.6,65933,13811,2899,52122,750,2953,98,-1506
Toronto,SSP126,2045,0.01,0.01,0.6,0.2,0.2,130,0.21,0.1,0.5,5.46,2000,35000,3.6,0.15,1.5,0.5,0,0.7,2,0.6,70327,13811,2223,56517,813,1991,112,-2092
Toronto,SSP126,2045,0.05,0.01,0.6,0.2,0.2,130,0.25,0.6,0.6,5.46,8000,45000,3.6,0.15,0.25,1,2,0.7,4,0.6,71031,13967,3872,57064,821,2579,150,-2812
Toronto,SSP126,2045,0.01,0.05,0.6,0.2,0.2,130,0.05,0.2,0.3,5.46,4000,20000,3.6,0.4,1.25,0.75,6,0.7,6,0.6,68054,13187,1632,54867,789,2366,69,-1338
Toronto,SSP126,2045,0.05,0.05,0.6,0.2,0.2,130,0.25,0.6,0.3,5.46,4000,25000,3.6,0.25,1.25,1.5,10,0.7,10,0.6,71031,13967,3085,57064,821,2953,104,-1822
Toronto,SSP126,2045,0.01,0.01,0.6,0.2,0.2,130,0.25,0.1,0.5,5.46,0,30000,3.6,0.2,0.25,0.75,10,0.7,8,0.6,71031,13967,2137,57064,821,1991,107,-1992
Toronto,SSP126,2045,0.05,0.01,0.6,0.2,0.2,130,0.25,0.4,0.3,5.46,4000,20000,3.6,0.1,1.25,0.5,6,0.7,6,0.6,71031,13967,2508,57064,821,2579,97,-1386
Toronto,SSP126,2045,0.01,0.05,0.6,0.2,0.2,130,0.25,0.5,0.1,5.46,2000,40000,3.6,0.1,1.5,1.25,0,0.7,4,0.6,71031,13967,2673,57064,821,2366,113,-2401
Toronto,SSP126,2045,0.05,0.05,0.6,0.2,0.2,130,0.25,0.3,0.3,5.46,8000,20000,3.6,0.4,1,1.25,4,0.7,0,0.6,71031,13967,2600,57064,821,2953,88,-1335
Toronto,SSP126,2045,0.01,0.01,0.6,0.2,0.2,130,0.25,0.2,0.5,5.46,2000,20000,3.6,0.15,0.25,0.5,6,0.6,10,0.6,66662,13967,1575,52696,758,1991,79,-1352
Toronto,SSP126,2045,0.05,0.01,0.6,0.2,0.2,130,0.25,0.2,0.5,5.46,8000,20000,3.6,0.3,1.5,1,0,0.7,8,0.6,71031,13967,2337,57064,821,2579,91,-1224
Toronto,SSP126,2045,0.01,0.05,0.6,0.2,0.2,130,0.25,0.3,0.6,5.46,4000,25000,3.6,0.4,0.5,0.75,6,0.7,8,0.6,71031,13967,1960,57064,821,2366,83,-1661
Toronto,SSP126,2045,0.05,0.05,0.6,0.2,0.2,130,0.25,0.7,0.4,5.46,4000,40000,3.6,0.2,0.25,0.5,10,0.7,10,0.6,71031,13967,3968,57064,821,2953,134,-2737
Toronto,SSP126,2050,0.01,0.01,0.6,0.2,0.2,130,0.25,0.1,0.6,5.46,4000,20000,4.1,0.15,0.5,1,2,0.7,10,0.6,68244,15337,1102,52907,760,2142,51,-1283
Toronto,SSP126,2050,0.05,0.01,0.6,0.2,0.2,130,0.09,0.5,0.2,5.46,4000,50000,4.1,0.2,0.25,1,0,0.6,8,0.6,62031,14713,3991,47318,680,2824,141,-3029
Toronto,SSP126,2050,0.01,0.05,0.6,0.2,0.2,130,0.25,0.2,0.3,5.46,6000,20000,3.6,0.2,0.75,1.5,2,0.7,0,0.6,68244,13967,1556,54277,781,2501,62,-1261
Toronto,SSP126,2050,0.05,0.05,0.6,0.2,0.2,130,0.25,0.4,0.3,5.46,4000,45000,3.6,0.25,0.25,1.25,2,0.6,0,0.6,64565,13967,4210,50598,727,3183,132,-2775
Toronto,SSP126,2050,0.01,0.01,0.6,0.2,0.2,130,0.21,0.6,0.5,5.46,0,45000,4.1,0.3,1.5,1.25,8,0.7,8,0.1,64284,5431,1258,58853,849,2142,59,-2618
Toronto,SSP126,2050,0.05,0.01,0.6,0.2,0.2,130,0.25,0.5,0.3,5.46,4000,50000,3.6,0.4,1,0.75,6,0.6,6,0.6,64565,13967,4485,50598,727,2824,159,-3197
Toronto,SSP126,2050,0.01,0.05,0.6,0.2,0.2,130,0.21,0.1,0.4,5.46,0,35000,3.6,0.25,0.75,1,6,0.7,0,0.6,67562,13811,2468,53752,773,2501,99,-2197
Toronto,SSP126,2050,0.05,0.05,0.6,0.2,0.2,130,0.21,0.4,0.2,5.96,4000,40000,3.6,0.4,0.25,1.25,4,0.7,2,0.6,67562,14496,3616,53067,763,3183,114,-2537
Toronto,SSP126,2050,0.01,0.01,0.6,0.2,0.2,130,0.25,0.3,0.2,5.46,10000,20000,4.1,0.25,0.25,0.75,4,0.7,0,0.6,68244,15337,1153,52907,760,2142,54,-1348
Toronto,SSP126,2050,0.05,0.01,0.6,0.2,0.2,130,0.25,0.5,0.4,5.46,8000,50000,3.6,0.1,1.25,1.25,10,0.7,8,0.6,68244,13967,4376,54277,781,2824,155,-3307
Toronto,SSP126,2050,0.01,0.05,0.6,0.2,0.2,130,0.25,0.1,0.3,5.46,0,30000,3.6,0.2,1,1.5,0,0.7,2,0.6,68244,13967,2080,54277,781,2501,83,-1794
Toronto,SSP126,2050,0.05,0.05,0.6,0.2,0.2,130,0.25,0.1,0.1,5.46,0,25000,3.6,0.2,1,0.75,10,0.7,10,0.6,68244,13967,3102,54277,781,3183,97,-1817
Toronto,SSP126,2050,0.01,0.01,0.6,0.2,0.2,130,0.25,0.1,0.1,5.46,4000,35000,3.6,0.3,0.75,0.75,4,0.6,4,0.6,64565,13967,2433,50598,727,2142,114,-2198
Toronto,SSP126,2050,0.05,0.01,0.6,0.2,0.2,130,0.25,0.4,0.4,5.46,2000,20000,4.1,0.35,1.5,1.25,0,0.6,8,0.6,64565,15337,2235,49228,707,2824,79,-1214
Toronto,SSP126,2050,0.01,0.05,0.6,0.2,0.2,130,0.25,0.1,0.1,5.46,10000,35000,3.6,0.35,0.75,1.25,0,0.7,4,0.6,68244,13967,2410,54277,781,2501,96,-2155
Toronto,SSP126,2050,0.05,0.05,0.6,0.2,0.2,130,0.25,0.1,0.3,5.46,2000,45000,3.6,0.15,0.75,1.5,8,0.7,2,0.6,68244,13967,4166,54277,781,3183,131,-2927
Toronto,SSP126,2050,0.01,0.01,0.6,0.2,0.2,130,0.25,0.3,0.5,5.96,0,40000,3.6,0.35,0.25,1,6,0.7,6,0.6,68244,14652,2462,53592,771,2142,115,-2510
Toronto,SSP126,2050,0.05,0.01,0.6,0.2,0.2,130,0.25,0.1,0.5,5.96,6000,40000,3.6,0.3,1.5,0.75,6,0.7,6,0.6,68244,14652,3505,53592,771,2824,124,-2577
Toronto,SSP126,2050,0.01,0.05,0.6,0.2,0.2,130,0.25,0.5,0.6,5.46,0,45000,3.6,0.35,0.75,1.5,2,0.6,2,0.6,64565,13967,3087,50598,727,2501,123,-2728
Toronto,SSP126,2050,0.05,0.05,0.6,0.2,0.2,130,0.25,0.5,0.4,5.46,0,35000,3.6,0.35,1.5,1,10,0.7,0,0.6,68244,13967,3634,54277,781,3183,114,-2370
Toronto,SSP245,2025,0.01,0.01,0.6,0.2,0.2,130,0.25,0.6,0.6,5.46,6000,20000,5.1,0.15,1,1,0,0.6,6,0.3,68595,12227,-223,56368,811,2172,-10,-1232
Toronto,SSP245,2025,0.05,0.01,0.6,0.2,0.2,130,0.25,0.7,0.3,5.46,2000,50000,4.1,0.25,1,1,6,0.6,2,0.6,70526,15337,3962,55190,793,2808,141,-3163
Toronto,SSP245,2025,0.01,0.05,0.6,0.2,0.2,130,0.25,0.3,0.2,5.46,4000,30000,3.6,0.25,1.5,0.5,10,0.7,0,0.1,71862,4217,872,67645,976,2592,34,-1678
Toronto,SSP245,2025,0.05,0.05,0.6,0.2,0.2,130,0.25,0.4,0.6,5.96,10000,25000,3.6,0.15,0.25,0.5,10,0.7,6,0.6,75080,14652,2877,60429,869,3229,89,-1862
Toronto,SSP245,2025,0.01,0.01,0.6,0.2,0.2,130,0.25,0.3,0.1,5.46,4000,30000,3.6,0.15,1,0.5,6,0.7,6,0.6,75080,13967,2037,61114,879,2172,94,-1924
Toronto,SSP245,2025,0.05,0.01,0.6,0.2,0.2,130,0.25,0.2,0.3,5.46,8000,30000,3.6,0.1,0.25,0.5,2,0.7,4,0.6,75080,13967,2931,61114,879,2808,104,-1917
Toronto,SSP245,2025,0.01,0.05,0.6,0.2,0.2,130,0.25,0.5,0.4,5.46,4000,20000,3.6,0.35,1.5,1.5,2,0.7,6,0.6,75080,13967,1553,61114,879,2592,60,-1258
Toronto,SSP245,2025,0.05,0.05,0.6,0.2,0.2,130,0.25,0.2,0.5,5.46,4000,20000,3.6,0.2,1.25,1,6,0.7,10,0.6,75080,13967,2612,61114,879,3229,81,-1406
Toronto,SSP245,2025,0.01,0.01,0.6,0.2,0.2,130,0.25,0.4,0.2,5.46,6000,20000,3.6,0.25,1.25,0.5,0,0.7,0,0.5,74437,12017,1120,62420,899,2172,52,-1207
Toronto,SSP245,2025,0.05,0.01,0.6,0.2,0.2,130,0.25,0.5,0.2,5.46,2000,20000,3.6,0.4,0.25,1,4,0.7,4,0.6,75080,13967,2374,61114,879,2808,85,-1325
Toronto,SSP245,2025,0.01,0.05,0.6,0.2,0.2,130,0.25,0.2,0.3,5.46,2000,20000,3.6,0.25,0.75,1.5,10,0.7,6,0.6,75080,13967,1701,61114,879,2592,66,-1402
Toronto,SSP245,2025,0.05,0.05,0.6,0.2,0.2,130,0.25,0.2,0.6,5.46,6000,30000,3.6,0.25,1.25,1.25,4,0.7,2,0.6,75080,13967,3097,61114,879,3229,96,-1917
Toronto,SSP245,2025,0.01,0.01,0.6,0.2,0.2,130,0.25,0.2,0.1,5.46,2000,20000,3.6,0.1,1,1,10,0.7,0,0.6,75080,13967,1510,61114,879,2172,70,-1372
Toronto,SSP245,2025,0.05,0.01,0.6,0.2,0.2,130,0.25,0.1,0.2,5.46,8000,25000,3.6,0.3,0.5,1.25,0,0.6,2,0.6,70526,13967,2723,56560,814,2808,97,-1549
Toronto,SSP245,2025,0.01,0.05,0.6,0.2,0.2,130,0.21,0.7,0.3,5.46,10000,35000,3.6,0.15,1.5,0.75,8,0.6,2,0.6,69725,13811,2561,55915,804,2592,99,-2256
Toronto,SSP245,2025,0.05,0.05,0.6,0.2,0.2,130,0.21,0.7,0.1,5.96,2000,20000,3.6,0.3,0.25,1.5,8,0.7,8,0.6,74293,14496,2501,59797,860,3229,77,-1456
Toronto,SSP245,2025,0.01,0.01,0.6,0.2,0.2,130,0.25,0.7,0.4,5.46,0,25000,3.6,0.1,0.25,1.25,4,0.7,6,0.6,75080,13967,1707,61114,879,2172,79,-1576
Toronto,SSP245,2025,0.05,0.01,0.6,0.2,0.2,130,0.25,0.3,0.6,5.46,2000,25000,3.6,0.15,0.5,0.75,2,0.7,8,0.6,75080,13967,2617,61114,879,2808,93,-1579
Toronto,SSP245,2025,0.01,0.05,0.6,0.2,0.2,130,0.25,0.4,0.3,5.46,4000,30000,3.6,0.2,0.5,1.25,6,0.7,2,0.6,75080,13967,2200,61114,879,2592,85,-1926
Toronto,SSP245,2025,0.05,0.05,0.6,0.2,0.2,130,0.17,0.3,0.4,5.46,2000,30000,3.6,0.3,0.25,1.25,6,0.7,0,0.6,73559,13655,3156,59905,862,3229,98,-1962
Toronto,SSP245,2030,0.01,0.01,0.6,0.2,0.2,130,0.25,0.5,0.5,5.96,0,50000,3.6,0.35,0.75,0.5,4,0.7,6,0.6,69051,14652,2945,54400,782,2097,140,-3066
Toronto,SSP245,2030,0.05,0.01,0.6,0.2,0.2,130,0.21,0.5,0.1,5.46,8000,40000,3.6,0.1,1.25,0.75,6,0.7,6,0.6,68385,13811,3594,54574,785,2742,131,-2586
Toronto,SSP245,2030,0.01,0.05,0.6,0.2,0.2,130,0.25,0.7,0.1,7.96,0,30000,6.6,0.2,0.25,0.5,0,0.6,0,0.1,61706,15862,-1786,45845,658,2468,-72,-1786
Toronto,SSP245,2030,0.05,0.05,0.6,0.2,0.2,130,0.25,0.1,0.2,5.46,0,25000,3.6,0.15,0.25,1,8,0.7,4,0.6,69051,13967,2927,55085,792,3114,94,-1726
Toronto,SSP245,2030,0.01,0.01,0.6,0.2,0.2,130,0.25,0.3,0.4,5.46,4000,45000,3.6,0.15,1.25,0.75,8,0.7,4,0.6,69051,13967,2895,55085,792,2097,138,-2846
Toronto,SSP245,2030,0.05,0.01,0.6,0.2,0.2,130,0.25,0.2,0.5,5.46,0,45000,3.6,0.2,1.25,1,2,0.7,2,0.6,69051,13967,3751,55085,792,2742,137,-2740
Toronto,SSP245,2030,0.01,0.05,0.6,0.2,0.2,130,0.17,0.7,0.2,9.96,6000,25000,3.6,0.1,1.5,1,10,0.5,6,0.3,56961,13970,-234,42991,618,2468,-9,-1560
Toronto,SSP245,2030,0.05,0.05,0.6,0.2,0.2,130,0.25,0.5,0.4,5.46,10000,20000,3.6,0.4,0.75,1.5,2,0.7,6,0.6,69051,13967,2517,55085,792,3114,81,-1326
Toronto,SSP245,2030,0.01,0.01,0.6,0.2,0.2,130,0.25,0.6,0.4,5.46,8000,25000,3.6,0.1,1,1.25,2,0.7,0,0.6,69051,13967,1640,55085,792,2097,78,-1557
Toronto,SSP245,2030,0.05,0.01,0.6,0.2,0.2,130,0.25,0.3,0.1,5.46,10000,50000,3.6,0.15,0.25,0.75,4,0.7,4,0.6,69051,13967,4159,55085,792,2742,152,-3180
Toronto,SSP245,2030,0.01,0.05,0.6,0.2,0.2,130,0.21,0.3,0.6,5.46,8000,20000,3.6,0.35,1.25,1.25,0,0.7,6,0.6,68385,13811,1476,54574,785,2468,60,-1238
Toronto,SSP245,2030,0.05,0.05,0.6,0.2,0.2,130,0.25,0.4,0.1,5.46,4000,20000,3.6,0.2,0.75,1.5,10,0.7,10,0.6,69051,13967,2734,55085,792,3114,88,-1531
Toronto,SSP245,2030,0.01,0.01,0.6,0.2,0.2,130,0.25,0.7,0.5,5.46,10000,35000,3.6,0.4,0.75,0.75,8,0.7,4,0.5,68421,12017,2103,56404,812,2097,100,-2250
Toronto,SSP245,2030,0.05,0.01,0.6,0.2,0.2,130,0.21,0.7,0.6,5.46,2000,20000,3.6,0.2,0.75,1,6,0.7,4,0.6,68385,13811,2442,54574,785,2742,89,-1379
Toronto,SSP245,2030,0.01,0.05,0.6,0.2,0.2,130,0.25,0.7,0.2,5.46,4000,35000,3.6,0.1,1.25,0.5,10,0.7,6,0.6,69051,13967,2519,55085,792,2468,102,-2301
Toronto,SSP245,2030,0.05,0.05,0.6,0.2,0.2,130,0.25,0.6,0.2,5.46,8000,25000,3.6,0.25,1.5,1,2,0.7,4,0.6,69051,13967,2755,55085,792,3114,88,-1571
Toronto,SSP245,2030,0.01,0.01,0.6,0.2,0.2,130,0.25,0.4,0.3,5.46,8000,20000,3.6,0.3,1.25,1,6,0.6,10,0.6,64860,13967,1517,50893,732,2097,72,-1356
Toronto,SSP245,2030,0.05,0.01,0.6,0.2,0.2,130,0.25,0.5,0.5,5.46,2000,20000,3.6,0.15,0.25,0.75,2,0.7,0,0.6,69051,13967,2322,55085,792,2742,85,-1262
Toronto,SSP245,2030,0.01,0.05,0.6,0.2,0.2,130,0.25,0.6,0.3,5.46,0,20000,3.6,0.15,0.75,0.5,10,0.7,4,0.6,69051,13967,1646,55085,792,2468,67,-1388
Toronto,SSP245,2030,0.05,0.05,0.6,0.2,0.2,130,0.25,0.7,0.4,5.96,0,20000,3.6,0.4,0.25,1.25,8,0.7,10,0.6,69051,14652,2498,54400,782,3114,80,-1454
Toronto,SSP245,2035,0.01,0.01,0.6,0.2,0.2,130,0.25,0.4,0.2,5.96,4000,30000,3.6,0.35,0.25,1.25,8,0.7,6,0.6,78094,14652,1914,63442,913,2151,89,-1971
Toronto,SSP245,2035,0.05,0.01,0.6,0.2,0.2,130,0.25,0.1,0.4,5.46,0,45000,3.6,0.25,0.25,0.5,0,0.6,4,0.6,73101,13967,3789,59135,851,2767,137,-2691
Toronto,SSP245,2035,0.01,0.05,0.6,0.2,0.2,130,0.25,0.4,0.4,5.46,10000,20000,4.1,0.35,0.75,1.25,6,0.7,10,0.6,78094,15337,1346,62757,903,2582,52,-1394
Toronto,SSP245,2035,0.05,0.05,0.6,0.2,0.2,130,0.21,0.4,0.1,5.46,6000,35000,3.6,0.4,0.5,0.75,10,0.7,4,0.6,77361,13811,3543,63550,915,3198,111,-2400
Toronto,SSP245,2035,0.01,0.01,0.6,0.2,0.2,130,0.25,0.6,0.5,5.46,4000,30000,3.6,0.25,1.5,1.25,4,0.7,8,0.6,78094,13967,1993,64127,923,2151,93,-1883
Toronto,SSP245,2035,0.05,0.01,0.6,0.2,0.2,130,0.21,0.5,0.5,5.46,4000,25000,3.6,0.4,1.25,0.5,4,0.7,4,0.6,77361,13811,2616,63550,915,2767,95,-1614
Toronto,SSP245,2035,0.01,0.05,0.6,0.2,0.2,130,0.25,0.4,0.3,5.46,6000,20000,3.6,0.15,1,0.5,10,0.7,0,0.6,78094,13967,1677,64127,923,2582,65,-1382
Toronto,SSP245,2035,0.05,0.05,0.6,0.2,0.2,130,0.25,0.6,0.2,5.46,2000,40000,3.6,0.15,0.75,1.25,4,0.6,10,0.6,73101,13967,3809,59135,851,3198,119,-2548
Toronto,SSP245,2035,0.01,0.01,0.6,0.2,0.2,130,0.25,0.7,0.6,5.46,0,30000,3.6,0.15,0.5,0.5,2,0.7,4,0.6,78094,13967,1950,64127,923,2151,91,-1832
Toronto,SSP245,2035,0.05,0.01,0.6,0.2,0.2,130,0.21,0.3,0.2,5.46,4000,30000,3.6,0.35,0.75,1.5,0,0.7,2,0.6,77361,13811,2805,63550,915,2767,101,-1814
Toronto,SSP245,2035,0.01,0.05,0.6,0.2,0.2,130,0.25,0.5,0.3,5.46,6000,50000,3.6,0.25,0.75,0.5,0,0.7,6,0.6,78094,13967,3270,64127,923,2582,127,-3039
Toronto,SSP245,2035,0.05,0.05,0.6,0.2,0.2,130,0.25,0.4,0.5,5.46,6000,20000,3.6,0.35,1.5,0.75,4,0.7,4,0.6,78094,13967,2494,64127,923,3198,78,-1320
Toronto,SSP245,2035,0.01,0.01,0.6,0.2,0.2,130,0.25,0.2,0.6,5.46,8000,25000,3.6,0.3,0.25,0.75,0,0.7,2,0.6,78094,13967,1672,64127,923,2151,78,-1560
Toronto,SSP245,2035,0.05,0.01,0.6,0.2,0.2,130,0.21,0.1,0.5,5.96,8000,25000,3.6,0.25,1.25,0.5,6,0.7,10,0.6,77361,14496,2521,62865,905,2767,91,-1695
Toronto,SSP245,2035,0.01,0.05,0.6,0.2,0.2,130,0.25,0.2,0.1,5.46,8000,30000,3.6,0.2,0.75,1,6,0.7,6,0.6,78094,13967,2228,64127,923,2582,86,-1959
Toronto,SSP245,2035,0.05,0.05,0.6,0.2,0.2,130,0.25,0.2,0.2,5.46,4000,20000,3.6,0.35,1.5,1.5,4,0.7,4,0.6,78094,13967,2495,64127,923,3198,78,-1317
Toronto,SSP245,2035,0.01,0.01,0.6,0.2,0.2,130,0.25,0.1,0.3,5.46,6000,30000,3.6,0.2,0.5,1,4,0.7,8,0.6,78094,13967,2025,64127,923,2151,94,-1919
Toronto,SSP245,2035,0.05,0.01,0.6,0.2,0.2,130,0.25,0.7,0.4,5.46,0,20000,3.6,0.25,0.25,1.25,8,0.7,6,0.6,78094,13967,2433,64127,923,2767,88,-1413
Toronto,SSP245,2035,0.01,0.05,0.6,0.2,0.2,130,0.25,0.6,0.2,5.46,0,25000,4.1,0.4,1.25,1.5,8,0.7,4,0.6,78094,15337,1603,62757,903,2582,62,-1641
Toronto,SSP245,2035,0.05,0.05,0.6,0.2,0.2,130,0.25,0.4,0.6,5.46,0,25000,3.6,0.1,0.75,0.75,10,0.7,0,0.6,78094,13967,2919,64127,923,3198,91,-1743
Toronto,SSP245,2040,0.01,0.01,0.6,0.2,0.2,130,0.13,0.1,0.5,5.96,0,25000,3.6,0.2,1.5,1.25,8,0.7,8,0.6,72159,14184,1626,57976,834,2282,71,-1654
Toronto,SSP245,2040,0.05,0.01,0.6,0.2,0.2,130,0.25,0.4,0.4,5.46,8000,40000,3.6,0.4,0.75,0.5,8,0.7,6,0.6,74292,13967,3681,60326,868,3006,122,-2658
Toronto,SSP245,2040,0.01,0.05,0.6,0.2,0.2,130,0.25,0.7,0.6,5.46,2000,30000,3.6,0.2,0.5,1.25,0,0.7,8,0.6,74292,13967,2126,60326,868,2673,80,-1837
Toronto,SSP245,2040,0.05,0.05,0.6,0.2,0.2,130,0.25,0.1,0.5,5.46,0,35000,3.6,0.3,0.5,1,6,0.7,2,0.6,74292,13967,3463,60326,868,3397,102,-2254
Toronto,SSP245,2040,0.01,0.01,0.6,0.2,0.2,130,0.17,0.1,0.2,5.96,10000,20000,3.6,0.1,0.25,0.5,4,0.7,8,0.6,72825,14340,1331,58486,841,2282,58,-1367
Toronto,SSP245,2040,0.05,0.01,0.6,0.2,0.2,130,0.25,0.5,0.3,5.46,8000,35000,3.6,0.2,1,1.5,8,0.7,10,0.6,74292,13967,3395,60326,868,3006,113,-2361
Toronto,SSP245,2040,0.01,0.05,0.6,0.2,0.2,130,0.25,0.7,0.6,5.46,0,20000,3.6,0.1,1.5,0.75,0,0.7,10,0.5,73655,12017,1343,61639,887,2673,50,-1237
Toronto,SSP245,2040,0.05,0.05,0.6,0.2,0.2,130,0.25,0.7,0.3,5.96,8000,35000,3.6,0.3,0.75,1,10,0.7,6,0.6,74292,14652,3449,59641,858,3397,102,-2423
Toronto,SSP245,2040,0.01,0.01,0.6,0.2,0.2,130,0.25,0.2,0.2,5.96,10000,35000,3.6,0.4,0.5,0.5,8,0.7,4,0.6,74292,14652,2241,59641,858,2282,98,-2305
Toronto,SSP245,2040,0.05,0.01,0.6,0.2,0.2,130,0.25,0.5,0.3,5.46,0,20000,3.6,0.15,1,1,6,0.7,0,0.6,74292,13967,2434,60326,868,3006,81,-1352
Toronto,SSP245,2040,0.01,0.05,0.6,0.2,0.2,130,0.21,0.7,0.6,5.46,2000,35000,3.6,0.25,1.25,0.75,8,0.7,0,0.6,73542,13811,2506,59731,859,2673,94,-2230
Toronto,SSP245,2040,0.05,0.05,0.6,0.2,0.2,130,0.25,0.7,0.6,5.46,8000,45000,3.6,0.4,0.5,1.25,10,0.7,2,0.6,74292,13967,4183,60326,868,3397,123,-3011
Toronto,SSP245,2040,0.01,0.01,0.6,0.2,0.2,130,0.25,0.7,0.2,5.46,4000,30000,3.6,0.2,0.25,1.25,4,0.7,8,0.6,74292,13967,2040,60326,868,2282,89,-1913
Toronto,SSP245,2040,0.05,0.01,0.6,0.2,0.2,130,0.25,0.5,0.4,5.46,2000,30000,4.1,0.25,0.5,1,10,0.7,0,0.6,74292,15337,2790,58956,848,3006,93,-2068
Toronto,SSP245,2040,0.01,0.05,0.6,0.2,0.2,130,0.25,0.4,0.2,5.46,2000,30000,4.1,0.3,1.25,1.25,2,0.7,4,0.6,74292,15337,1800,58956,848,2673,67,-1845
Toronto,SSP245,2040,0.05,0.05,0.6,0.2,0.2,130,0.25,0.1,0.4,5.46,0,40000,3.6,0.4,0.5,1.5,10,0.7,0,0.6,74292,13967,3848,60326,868,3397,113,-2649
Toronto,SSP245,2040,0.01,0.01,0.6,0.2,0.2,130,0.25,0.2,0.1,5.46,10000,25000,3.6,0.2,0.75,1,8,0.7,4,0.6,74292,13967,1820,60326,868,2282,80,-1696
Toronto,SSP245,2040,0.05,0.01,0.6,0.2,0.2,130,0.25,0.4,0.4,5.46,10000,30000,3.6,0.3,1.25,0.5,10,0.7,6,0.6,74292,13967,3139,60326,868,3006,104,-2099
Toronto,SSP245,2040,0.01,0.05,0.6,0.2,0.2,130,0.25,0.2,0.2,5.46,10000,30000,3.6,0.4,0.25,1.5,0,0.7,0,0.6,74292,13967,2141,60326,868,2673,80,-1868
Toronto,SSP245,2040,0.05,0.05,0.6,0.2,0.2,130,0.17,0.6,0.4,5.46,0,20000,3.6,0.4,1,0.75,0,0.7,2,0.6,72825,13655,2442,59171,851,3397,72,-1200
Toronto,SSP245,2045,0.01,0.01,0.6,0.2,0.2,130,0.21,0.1,0.4,5.46,8000,20000,3.6,0.1,0.5,1.25,4,0.6,0,0.6,70044,13811,1616,56234,809,2239,72,-1325
Toronto,SSP245,2045,0.05,0.01,0.6,0.2,0.2,130,0.25,0.7,0.3,6.46,4000,25000,3.6,0.15,0.25,0.5,4,0.7,10,0.6,75117,15337,2492,59781,860,2930,85,-1662
Toronto,SSP245,2045,0.01,0.05,0.6,0.2,0.2,130,0.25,0.4,0.4,5.46,2000,35000,3.6,0.25,1,0.5,6,0.7,2,0.6,75117,13967,2563,61151,880,2640,97,-2210
Toronto,SSP245,2045,0.05,0.05,0.6,0.2,0.2,130,0.21,0.3,0.5,5.46,10000,30000,3.6,0.3,1.25,1.25,10,0.7,6,0.6,74367,13811,3423,60557,871,3331,103,-2119
Toronto,SSP245,2045,0.01,0.01,0.6,0.2,0.2,130,0.21,0.1,0.1,5.46,0,25000,3.6,0.2,0.25,0.75,4,0.7,6,0.6,74367,13811,1795,60557,871,2239,80,-1579
Toronto,SSP245,2045,0.05,0.01,0.6,0.2,0.2,130,0.25,0.5,0.1,5.46,4000,30000,3.6,0.4,0.5,0.75,6,0.6,8,0.6,70814,13967,3339,56848,818,2930,114,-2017
Toronto,SSP245,2045,0.01,0.05,0.6,0.2,0.2,130,0.25,0.2,0.6,5.46,2000,30000,3.6,0.3,1,1.25,4,0.7,6,0.6,75117,13967,2258,61151,880,2640,86,-1895
Toronto,SSP245,2045,0.05,0.05,0.6,0.2,0.2,130,0.25,0.5,0.2,7.46,0,25000,6.6,0.35,0.5,1,6,0.7,4,0.2,72505,17127,-2003,55379,796,3331,-60,-1460
Toronto,SSP245,2045,0.01,0.01,0.6,0.2,0.2,130,0.25,0.2,0.6,5.46,0,40000,3.6,0.35,1.25,1.25,2,0.7,8,0.6,75117,13967,2628,61151,880,2239,117,-2442
Toronto,SSP245,2045,0.05,0.01,0.6,0.2,0.2,130,0.25,0.2,0.4,5.46,8000,30000,3.6,0.15,1,0.5,10,0.6,2,0.6,70814,13967,3439,56848,818,2930,117,-2126
Toronto,SSP245,2045,0.01,0.05,0.6,0.2,0.2,130,0.25,0.1,0.4,5.46,2000,50000,3.6,0.2,0.5,1.5,4,0.7,4,0.6,75117,13967,3403,61151,880,2640,129,-3081
Toronto,SSP245,2045,0.05,0.05,0.6,0.2,0.2,130,0.25,0.3,0.2,5.46,8000,20000,3.6,0.35,0.25,1,2,0.7,2,0.6,75117,13967,2649,61151,880,3331,80,-1321
Toronto,SSP245,2045,0.01,0.01,0.6,0.2,0.2,130,0.25,0.2,0.6,5.96,4000,30000,3.6,0.1,0.5,0.5,0,0.7,2,0.6,75117,14652,1850,60466,870,2239,83,-1820
Toronto,SSP245,2045,0.05,0.01,0.6,0.2,0.2,130,0.21,0.5,0.3,5.46,2000,20000,3.6,0.15,0.25,1,0,0.7,8,0.6,74367,13811,2414,60557,871,2930,82,-1231
Toronto,SSP245,2045,0.01,0.05,0.6,0.2,0.2,130,0.25,0.6,0.2,5.46,4000,45000,3.6,0.15,0.5,1,4,0.7,10,0.6,75117,13967,3153,61151,880,2640,119,-2825
Toronto,SSP245,2045,0.05,0.05,0.6,0.2,0.2,130,0.25,0.6,0.4,5.46,2000,50000,3.6,0.1,1.25,1.25,0,0.6,8,0.6,70814,13967,4452,56848,818,3331,134,-3017
Toronto,SSP245,2045,0.01,0.01,0.6,0.2,0.2,130,0.25,0.2,0.6,5.46,0,20000,3.6,0.3,1.25,1.5,0,0.7,10,0.6,75117,13967,1449,61151,880,2239,65,-1221
Toronto,SSP245,2045,0.05,0.01,0.6,0.2,0.2,130,0.25,0.4,0.3,5.46,6000,20000,4.1,0.3,0.25,0.75,10,0.7,2,0.6,75117,15337,2359,59781,860,2930,81,-1523
Toronto,SSP245,2045,0.01,0.05,0.6,0.2,0.2,130,0.25,0.2,0.6,5.46,2000,40000,3.6,0.15,1,1,2,0.7,4,0.6,75117,13967,2787,61151,880,2640,106,-2444
Toronto,SSP245,2045,0.05,0.05,0.6,0.2,0.2,130,0.25,0.2,0.1,5.46,8000,45000,3.6,0.2,1,1.25,10,0.7,6,0.6,75117,13967,4291,61151,880,3331,129,-3017
Toronto,SSP245,2050,0.01,0.01,0.6,0.2,0.2,130,0.25,0.6,0.5,5.46,4000,20000,3.6,0.35,1.25,0.75,10,0.7,2,0.6,73610,13967,1484,59643,858,2186,68,-1380
Toronto,SSP245,2050,0.05,0.01,0.6,0.2,0.2,130,0.25,0.3,0.3,5.96,8000,40000,3.6,0.35,1,1.5,0,0.7,8,0.6,73610,14652,3233,58958,848,2855,113,-2438
Toronto,SSP245,2050,0.01,0.05,0.6,0.2,0.2,130,0.25,0.3,0.4,5.46,10000,45000,3.6,0.4,1.5,1.25,2,0.7,0,0.6,73610,13967,2922,59643,858,2581,113,-2726
Toronto,SSP245,2050,0.05,0.05,0.6,0.2,0.2,130,0.25,0.4,0.6,5.46,4000,20000,3.6,0.1,1.5,0.75,0,0.6,0,0.6,69243,13967,2553,55277,795,3250,79,-1196
Toronto,SSP245,2050,0.01,0.01,0.6,0.2,0.2,130,0.25,0.1,0.3,5.46,8000,20000,3.6,0.25,1,0.5,10,0.7,4,0.5,72964,12017,1229,60948,877,2186,56,-1351
Toronto,SSP245,2050,0.05,0.01,0.6,0.2,0.2,130,0.25,0.7,0.4,5.46,2000,45000,3.6,0.4,0.75,0.5,10,0.7,6,0.5,72964,12017,3329,60948,877,2855,117,-2884
Toronto,SSP245,2050,0.01,0.05,0.6,0.2,0.2,130,0.25,0.1,0.6,5.46,4000,30000,3.6,0.25,1.5,1,2,0.7,0,0.6,73610,13967,2066,59643,858,2581,80,-1826
Toronto,SSP245,2050,0.05,0.05,0.6,0.2,0.2,130,0.25,0.7,0.1,5.46,0,40000,3.6,0.3,1.25,0.75,0,0.7,0,0.6,73610,13967,3518,59643,858,3250,108,-2381
Toronto,SSP245,2050,0.01,0.01,0.6,0.2,0.2,130,0.25,0.1,0.1,5.46,10000,20000,3.6,0.2,1,1,8,0.7,6,0.6,73610,13967,1479,59643,858,2186,68,-1388
Toronto,SSP245,2050,0.05,0.01,0.6,0.2,0.2,130,0.21,0.3,0.5,5.46,0,20000,3.6,0.1,0.5,0.75,2,0.7,2,0.6,72903,13811,2272,59093,850,2855,80,-1249
Toronto,SSP245,2050,0.01,0.05,0.6,0.2,0.2,130,0.25,0.1,0.1,5.46,4000,25000,3.6,0.1,1.25,1,0,0.7,2,0.6,73610,13967,1759,59643,858,2581,68,-1508
Toronto,SSP245,2050,0.05,0.05,0.6,0.2,0.2,130,0.25,0.7,0.1,5.96,0,35000,3.6,0.25,1.5,1.25,0,0.7,0,0.6,73610,14652,3064,58958,848,3250,94,-2084
Toronto,SSP245,2050,0.01,0.01,0.6,0.2,0.2,130,0.21,0.5,0.2,5.46,6000,40000,3.6,0.35,1,0.5,4,0.7,6,0.6,72903,13811,2547,59093,850,2186,117,-2493
Toronto,SSP245,2050,0.05,0.01,0.6,0.2,0.2,130,0.21,0.1,0.5,5.46,6000,25000,3.6,0.2,0.25,0.75,10,0.7,10,0.6,72903,13811,2831,59093,850,2855,99,-1832
Toronto,SSP245,2050,0.01,0.05,0.6,0.2,0.2,130,0.25,0.6,0.2,5.46,2000,30000,3.6,0.3,1.25,0.75,6,0.7,0,0.6,73610,13967,2139,59643,858,2581,83,-1895
Toronto,SSP245,2050,0.05,0.05,0.6,0.2,0.2,130,0.21,0.5,0.4,5.46,8000,25000,3.6,0.15,0.25,1.5,6,0.7,2,0.6,72903,13811,2873,59093,850,3250,88,-1722
Toronto,SSP245,2050,0.01,0.01,0.6,0.2,0.2,130,0.25,0.1,0.5,5.46,2000,40000,3.6,0.1,1.25,0.5,6,0.7,4,0.6,73610,13967,2568,59643,858,2186,117,-2502
Toronto,SSP245,2050,0.05,0.01,0.6,0.2,0.2,130,0.25,0.7,0.3,5.46,6000,40000,4.1,0.35,0.5,0.75,8,0.7,8,0.6,73610,15337,3289,58273,838,2855,115,-2657
Toronto,SSP245,2050,0.01,0.05,0.6,0.2,0.2,130,0.25,0.6,0.4,5.46,10000,40000,3.6,0.3,1,1.5,0,0.7,0,0.6,73610,13967,2629,59643,858,2581,102,-2422
Toronto,SSP245,2050,0.05,0.05,0.6,0.2,0.2,130,0.25,0.6,0.1,5.46,6000,25000,3.6,0.3,0.5,1.25,0,0.6,0,0.6,69243,13967,2872,55277,795,3250,88,-1529
Toronto,SSP585,2025,0.01,0.01,0.6,0.2,0.2,130,0.21,0.6,0.2,5.46,10000,25000,3.6,0.3,1.25,1.25,8,0.7,6,0.6,74264,13811,1727,60453,870,2089,83,-1668
Toronto,SSP585,2025,0.01,0.01,0.6,0.2,0.2,130,0.25,0.3,0.2,5.46,4000,30000,3.6,0.25,1.5,0.5,10,0.7,0,0.1,71862,4217,872,67645,976,2592,34,-1678
Toronto,SSP585,2025,0.01,0.01,0.6,0.2,0.2,130,0.25,0.6,0.6,5.46,6000,20000,5.1,0.15,1,1,0,0.6,6,0.3,68595,12227,-223,56368,811,2172,-10,-1232
Toronto,SSP585,2025,0.01,0.01,0.6,0.2,0.2,130,0.25,0.4,0.6,5.96,10000,25000,3.6,0.15,0.25,0.5,10,0.7,6,0.6,75080,14652,2877,60429,869,3229,89,-1862
Toronto,SSP585,2025,0.01,0.01,0.6,0.2,0.2,130,0.25,0.7,0.3,5.46,2000,50000,4.1,0.25,1,1,6,0.6,2,0.6,70526,15337,3962,55190,793,2808,141,-3163
Toronto,SSP585,2025,0.05,0.01,0.6,0.2,0.2,130,0.25,0.7,0.1,5.46,2000,25000,3.6,0.25,1,1.25,6,0.7,10,0.6,75024,13967,2645,61057,879,2694,98,-1681
Toronto,SSP585,2025,0.05,0.01,0.6,0.2,0.2,130,0.25,0.7,0.3,5.46,2000,50000,4.1,0.25,1,1,6,0.6,2,0.6,70526,15337,3962,55190,793,2808,141,-3163
Toronto,SSP585,2025,0.05,0.01,0.6,0.2,0.2,130,0.25,0.4,0.6,5.96,10000,25000,3.6,0.15,0.25,0.5,10,0.7,6,0.6,75080,14652,2877,60429,869,3229,89,-1862
Toronto,SSP585,2025,0.05,0.01,0.6,0.2,0.2,130,0.25,0.6,0.6,5.46,6000,20000,5.1,0.15,1,1,0,0.6,6,0.3,68595,12227,-223,56368,811,2172,-10,-1232
Toronto,SSP585,2025,0.05,0.01,0.6,0.2,0.2,130,0.25,0.3,0.2,5.46,4000,30000,3.6,0.25,1.5,0.5,10,0.7,0,0.1,71862,4217,872,67645,976,2592,34,-1678
Toronto,SSP585,2025,0.01,0.05,0.6,0.2,0.2,130,0.21,0.5,0.3,8.46,6000,20000,4.6,0.4,1.5,1.25,0,0.4,6,0.5,58449,18711,-345,39738,569,2496,-14,-1220
Toronto,SSP585,2025,0.01,0.05,0.6,0.2,0.2,130,0.25,0.4,0.6,5.96,10000,25000,3.6,0.15,0.25,0.5,10,0.7,6,0.6,75080,14652,2877,60429,869,3229,89,-1862
Toronto,SSP585,2025,0.01,0.05,0.6,0.2,0.2,130,0.25,0.7,0.3,5.46,2000,50000,4.1,0.25,1,1,6,0.6,2,0.6,70526,15337,3962,55190,793,2808,141,-3163
Toronto,SSP585,2025,0.01,0.05,0.6,0.2,0.2,130,0.25,0.3,0.2,5.46,4000,30000,3.6,0.25,1.5,0.5,10,0.7,0,0.1,71862,4217,872,67645,976,2592,34,-1678
Toronto,SSP585,2025,0.01,0.05,0.6,0.2,0.2,130,0.25,0.6,0.6,5.46,6000,20000,5.1,0.15,1,1,0,0.6,6,0.3,68595,12227,-223,56368,811,2172,-10,-1232
Toronto,SSP585,2025,0.05,0.05,0.6,0.2,0.2,130,0.25,0.2,0.1,5.46,2000,20000,3.6,0.1,1.5,0.75,8,0.7,2,0.6,75024,13967,2543,61057,879,3102,82,-1408
Toronto,SSP585,2025,0.05,0.05,0.6,0.2,0.2,130,0.25,0.6,0.6,5.46,6000,20000,5.1,0.15,1,1,0,0.6,6,0.3,68595,12227,-223,56368,811,2172,-10,-1232
Toronto,SSP585,2025,0.05,0.05,0.6,0.2,0.2,130,0.25,0.3,0.2,5.46,4000,30000,3.6,0.25,1.5,0.5,10,0.7,0,0.1,71862,4217,872,67645,976,2592,34,-1678
Toronto,SSP585,2025,0.05,0.05,0.6,0.2,0.2,130,0.25,0.7,0.3,5.46,2000,50000,4.1,0.25,1,1,6,0.6,2,0.6,70526,15337,3962,55190,793,2808,141,-3163
Toronto,SSP585,2025,0.05,0.05,0.6,0.2,0.2,130,0.25,0.4,0.6,5.96,10000,25000,3.6,0.15,0.25,0.5,10,0.7,6,0.6,75080,14652,2877,60429,869,3229,89,-1862
Toronto,SSP585,2025,0.01,0.01,0.6,0.2,0.2,130,0.21,0.5,0.5,5.46,6000,45000,3.6,0.25,1.25,0.5,6,0.7,0,0.6,74264,13811,2821,60453,870,2089,135,-2796
Toronto,SSP585,2025,0.01,0.01,0.6,0.2,0.2,130,0.25,0.6,0.6,5.46,6000,20000,5.1,0.15,1,1,0,0.6,6,0.3,68595,12227,-223,56368,811,2172,-10,-1232
Toronto,SSP585,2025,0.01,0.01,0.6,0.2,0.2,130,0.25,0.3,0.2,5.46,4000,30000,3.6,0.25,1.5,0.5,10,0.7,0,0.1,71862,4217,872,67645,976,2592,34,-1678
Toronto,SSP585,2025,0.01,0.01,0.6,0.2,0.2,130,0.25,0.7,0.3,5.46,2000,50000,4.1,0.25,1,1,6,0.6,2,0.6,70526,15337,3962,55190,793,2808,141,-3163
Toronto,SSP585,2025,0.01,0.01,0.6,0.2,0.2,130,0.25,0.4,0.6,5.96,10000,25000,3.6,0.15,0.25,0.5,10,0.7,6,0.6,75080,14652,2877,60429,869,3229,89,-1862
Toronto,SSP585,2025,0.05,0.01,0.6,0.2,0.2,130,0.25,0.6,0.6,5.46,8000,20000,3.6,0.15,0.25,1.25,8,0.7,0,0.6,75024,13967,2423,61057,879,2694,90,-1461
Toronto,SSP585,2025,0.05,0.01,0.6,0.2,0.2,130,0.25,0.3,0.2,5.46,4000,30000,3.6,0.25,1.5,0.5,10,0.7,0,0.1,71862,4217,872,67645,976,2592,34,-1678
Toronto,SSP585,2025,0.05,0.01,0.6,0.2,0.2,130,0.25,0.6,0.6,5.46,6000,20000,5.1,0.15,1,1,0,0.6,6,0.3,68595,12227,-223,56368,811,2172,-10,-1232
Toronto,SSP585,2025,0.05,0.01,0.6,0.2,0.2,130,0.25,0.4,0.6,5.96,10000,25000,3.6,0.15,0.25,0.5,10,0.7,6,0.6,75080,14652,2877,60429,869,3229,89,-1862
Toronto,SSP585,2025,0.05,0.01,0.6,0.2,0.2,130,0.25,0.7,0.3,5.46,2000,50000,4.1,0.25,1,1,6,0.6,2,0.6,70526,15337,3962,55190,793,2808,141,-3163
Toronto,SSP585,2025,0.01,0.05,0.6,0.2,0.2,130,0.25,0.2,0.1,5.46,4000,40000,3.6,0.3,0.5,1.5,0,0.7,8,0.6,75024,13967,2650,61057,879,2496,106,-2446
Toronto,SSP585,2025,0.01,0.05,0.6,0.2,0.2,130,0.25,0.6,0.6,5.46,6000,20000,5.1,0.15,1,1,0,0.6,6,0.3,68595,12227,-223,56368,811,2172,-10,-1232
Toronto,SSP585,2025,0.01,0.05,0.6,0.2,0.2,130,0.25,0.3,0.2,5.46,4000,30000,3.6,0.25,1.5,0.5,10,0.7,0,0.1,71862,4217,872,67645,976,2592,34,-1678
Toronto,SSP585,2025,0.01,0.05,0.6,0.2,0.2,130,0.25,0.7,0.3,5.46,2000,50000,4.1,0.25,1,1,6,0.6,2,0.6,70526,15337,3962,55190,793,2808,141,-3163
Toronto,SSP585,2025,0.01,0.05,0.6,0.2,0.2,130,0.25,0.4,0.6,5.96,10000,25000,3.6,0.15,0.25,0.5,10,0.7,6,0.6,75080,14652,2877,60429,869,3229,89,-1862
Toronto,SSP585,2025,0.05,0.05,0.6,0.2,0.2,130,0.25,0.6,0.3,5.46,6000,30000,3.6,0.1,0.25,1.5,8,0.5,4,0.6,65653,13967,3428,51687,743,3102,111,-2091
Toronto,SSP585,2025,0.05,0.05,0.6,0.2,0.2,130,0.25,0.7,0.3,5.46,2000,50000,4.1,0.25,1,1,6,0.6,2,0.6,70526,15337,3962,55190,793,2808,141,-3163
Toronto,SSP585,2025,0.05,0.05,0.6,0.2,0.2,130,0.25,0.4,0.6,5.96,10000,25000,3.6,0.15,0.25,0.5,10,0.7,6,0.6,75080,14652,2877,60429,869,3229,89,-1862
Toronto,SSP585,2025,0.05,0.05,0.6,0.2,0.2,130,0.25,0.6,0.6,5.46,6000,20000,5.1,0.15,1,1,0,0.6,6,0.3,68595,12227,-223,56368,811,2172,-10,-1232
Toronto,SSP585,2025,0.05,0.05,0.6,0.2,0.2,130,0.25,0.3,0.2,5.46,4000,30000,3.6,0.25,1.5,0.5,10,0.7,0,0.1,71862,4217,872,67645,976,2592,34,-1678
Toronto,SSP585,2025,0.01,0.01,0.6,0.2,0.2,130,0.25,0.3,0.3,5.46,0,35000,3.6,0.25,1.25,1.5,10,0.7,2,0.6,75024,13967,2319,61057,879,2089,111,-2258
Toronto,SSP585,2025,0.01,0.01,0.6,0.2,0.2,130,0.25,0.3,0.2,5.46,4000,30000,3.6,0.25,1.5,0.5,10,0.7,0,0.1,71862,4217,872,67645,976,2592,34,-1678
Toronto,SSP585,2025,0.01,0.01,0.6,0.2,0.2,130,0.25,0.6,0.6,5.46,6000,20000,5.1,0.15,1,1,0,0.6,6,0.3,68595,12227,-223,56368,811,2172,-10,-1232
Toronto,SSP585,2025,0.01,0.01,0.6,0.2,0.2,130,0.25,0.4,0.6,5.96,10000,25000,3.6,0.15,0.25,0.5,10,0.7,6,0.6,75080,14652,2877,60429,869,3229,89,-1862
Toronto,SSP585,2025,0.01,0.01,0.6,0.2,0.2,130,0.25,0.7,0.3,5.46,2000,50000,4.1,0.25,1,1,6,0.6,2,0.6,70526,15337,3962,55190,793,2808,141,-3163
Toronto,SSP585,2025,0.05,0.01,0.6,0.2,0.2,130,0.25,0.3,0.5,5.46,6000,35000,3.6,0.1,1,1,8,0.7,10,0.6,75024,13967,3278,61057,879,2694,122,-2344
Toronto,SSP585,2025,0.05,0.01,0.6,0.2,0.2,130,0.25,0.6,0.6,5.46,6000,20000,5.1,0.15,1,1,0,0.6,6,0.3,68595,12227,-223,56368,811,2172,-10,-1232
Toronto,SSP585,2025,0.05,0.01,0.6,0.2,0.2,130,0.25,0.3,0.2,5.46,4000,30000,3.6,0.25,1.5,0.5,10,0.7,0,0.1,71862,4217,872,67645,976,2592,34,-1678
Toronto,SSP585,2025,0.05,0.01,0.6,0.2,0.2,130,0.25,0.7,0.3,5.46,2000,50000,4.1,0.25,1,1,6,0.6,2,0.6,70526,15337,3962,55190,793,2808,141,-3163
Toronto,SSP585,2025,0.05,0.01,0.6,0.2,0.2,130,0.25,0.4,0.6,5.96,10000,25000,3.6,0.15,0.25,0.5,10,0.7,6,0.6,75080,14652,2877,60429,869,3229,89,-1862
Toronto,SSP585,2025,0.01,0.05,0.6,0.2,0.2,130,0.25,0.2,0.1,5.46,4000,30000,4.1,0.25,0.25,1.25,8,0.7,2,0.6,75024,15337,1852,59687,858,2496,74,-1962
Toronto,SSP585,2025,0.01,0.05,0.6,0.2,0.2,130,0.25,0.4,0.6,5.96,10000,25000,3.6,0.15,0.25,0.5,10,0.7,6,0.6,75080,14652,2877,60429,869,3229,89,-1862
Toronto,SSP585,2025,0.01,0.05,0.6,0.2,0.2,130,0.25,0.7,0.3,5.46,2000,50000,4.1,0.25,1,1,6,0.6,2,0.6,70526,15337,3962,55190,793,2808,141,-3163
Toronto,SSP585,2025,0.01,0.05,0.6,0.2,0.2,130,0.25,0.3,0.2,5.46,4000,30000,3.6,0.25,1.5,0.5,10,0.7,0,0.1,71862,4217,872,67645,976,2592,34,-1678
Toronto,SSP585,2025,0.01,0.05,0.6,0.2,0.2,130,0.25,0.6,0.6,5.46,6000,20000,5.1,0.15,1,1,0,0.6,6,0.3,68595,12227,-223,56368,811,2172,-10,-1232
Toronto,SSP585,2025,0.05,0.05,0.6,0.2,0.2,130,0.21,0.1,0.2,5.46,6000,40000,3.6,0.2,1.25,0.75,4,0.7,0,0.6,74264,13811,3585,60453,870,3102,116,-2501
Toronto,SSP585,2025,0.05,0.05,0.6,0.2,0.2,130,0.25,0.4,0.6,5.96,10000,25000,3.6,0.15,0.25,0.5,10,0.7,6,0.6,75080,14652,2877,60429,869,3229,89,-1862
Toronto,SSP585,2025,0.05,0.05,0.6,0.2,0.2,130,0.25,0.7,0.3,5.46,2000,50000,4.1,0.25,1,1,6,0.6,2,0.6,70526,15337,3962,55190,793,2808,141,-3163
Toronto,SSP585,2025,0.05,0.05,0.6,0.2,0.2,130,0.25,0.3,0.2,5.46,4000,30000,3.6,0.25,1.5,0.5,10,0.7,0,0.1,71862,4217,872,67645,976,2592,34,-1678
Toronto,SSP585,2025,0.05,0.05,0.6,0.2,0.2,130,0.25,0.6,0.6,5.46,6000,20000,5.1,0.15,1,1,0,0.6,6,0.3,68595,12227,-223,56368,811,2172,-10,-1232
Toronto,SSP585,2025,0.01,0.01,0.6,0.2,0.2,130,0.25,0.5,0.3,5.46,4000,40000,3.6,0.35,1.5,1,8,0.7,8,0.6,75024,13967,2588,61057,879,2089,124,-2545
Toronto,SSP585,2025,0.01,0.01,0.6,0.2,0.2,130,0.25,0.7,0.3,5.46,2000,50000,4.1,0.25,1,1,6,0.6,2,0.6,70526,15337,3962,55190,793,2808,141,-3163
Toronto,SSP585,2025,0.01,0.01,0.6,0.2,0.2,130,0.25,0.4,0.6,5.96,10000,25000,3.6,0.15,0.25,0.5,10,0.7,6,0.6,75080,14652,2877,60429,869,3229,89,-1862
Toronto,SSP585,2025,0.01,0.01,0.6,0.2,0.2,130,0.25,0.6,0.6,5.46,6000,20000,5.1,0.15,1,1,0,0.6,6,0.3,68595,12227,-223,56368,811,2172,-10,-1232
Toronto,SSP585,2025,0.01,0.01,0.6,0.2,0.2,130,0.25,0.3,0.2,5.46,4000,30000,3.6,0.25,1.5,0.5,10,0.7,0,0.1,71862,4217,872,67645,976,2592,34,-1678
Toronto,SSP585,2025,0.05,0.01,0.6,0.2,0.2,130,0.17,0.5,0.4,5.46,0,35000,3.6,0.2,0.75,1.25,0,0.7,6,0.6,73548,13655,3055,59893,862,2694,113,-2102
Toronto,SSP585,2025,0.05,0.01,0.6,0.2,0.2,130,0.25,0.3,0.2,5.46,4000,30000,3.6,0.25,1.5,0.5,10,0.7,0,0.1,71862,4217,872,67645,976,2592,34,-1678
Toronto,SSP585,2025,0.05,0.01,0.6,0.2,0.2,130,0.25,0.6,0.6,5.46,6000,20000,5.1,0.15,1,1,0,0.6,6,0.3,68595,12227,-223,56368,811,2172,-10,-1232
Toronto,SSP585,2025,0.05,0.01,0.6,0.2,0.2,130,0.25,0.4,0.6,5.96,10000,25000,3.6,0.15,0.25,0.5,10,0.7,6,0.6,75080,14652,2877,60429,869,3229,89,-1862
Toronto,SSP585,2025,0.05,0.01,0.6,0.2,0.2,130,0.25,0.7,0.3,5.46,2000,50000,4.1,0.25,1,1,6,0.6,2,0.6,70526,15337,3962,55190,793,2808,141,-3163
Toronto,SSP585,2025,0.01,0.05,0.6,0.2,0.2,130,0.25,0.7,0.3,5.46,8000,25000,3.6,0.1,0.75,1.25,2,0.7,2,0.6,75024,13967,1802,61057,879,2496,72,-1575
Toronto,SSP585,2025,0.01,0.05,0.6,0.2,0.2,130,0.25,0.6,0.6,5.46,6000,20000,5.1,0.15,1,1,0,0.6,6,0.3,68595,12227,-223,56368,811,2172,-10,-1232
Toronto,SSP585,2025,0.01,0.05,0.6,0.2,0.2,130,0.25,0.3,0.2,5.46,4000,30000,3.6,0.25,1.5,0.5,10,0.7,0,0.1,71862,4217,872,67645,976,2592,34,-1678
Toronto,SSP585,2025,0.01,0.05,0.6,0.2,0.2,130,0.25,0.7,0.3,5.46,2000,50000,4.1,0.25,1,1,6,0.6,2,0.6,70526,15337,3962,55190,793,2808,141,-3163
Toronto,SSP585,2025,0.01,0.05,0.6,0.2,0.2,130,0.25,0.4,0.6,5.96,10000,25000,3.6,0.15,0.25,0.5,10,0.7,6,0.6,75080,14652,2877,60429,869,3229,89,-1862
Toronto,SSP585,2025,0.05,0.05,0.6,0.2,0.2,130,0.25,0.7,0.5,5.46,10000,25000,3.6,0.1,0.25,1.25,4,0.7,10,0.6,75024,13967,2828,61057,879,3102,91,-1720
Toronto,SSP585,2025,0.05,0.05,0.6,0.2,0.2,130,0.25,0.7,0.3,5.46,2000,50000,4.1,0.25,1,1,6,0.6,2,0.6,70526,15337,3962,55190,793,2808,141,-3163
Toronto,SSP585,2025,0.05,0.05,0.6,0.2,0.2,130,0.25,0.4,0.6,5.96,10000,25000,3.6,0.15,0.25,0.5,10,0.7,6,0.6,75080,14652,2877,60429,869,3229,89,-1862
Toronto,SSP585,2025,0.05,0.05,0.6,0.2,0.2,130,0.25,0.6,0.6,5.46,6000,20000,5.1,0.15,1,1,0,0.6,6,0.3,68595,12227,-223,56368,811,2172,-10,-1232
Toronto,SSP585,2025,0.05,0.05,0.6,0.2,0.2,130,0.25,0.3,0.2,5.46,4000,30000,3.6,0.25,1.5,0.5,10,0.7,0,0.1,71862,4217,872,67645,976,2592,34,-1678
Toronto,SSP585,2025,0.01,0.01,0.6,0.2,0.2,130,0.21,0.4,0.1,5.46,4000,20000,3.6,0.35,1.25,1,2,0.7,4,0.6,74264,13811,1329,60453,870,2089,64,-1247
Toronto,SSP585,2025,0.01,0.01,0.6,0.2,0.2,130,0.25,0.4,0.6,5.96,10000,25000,3.6,0.15,0.25,0.5,10,0.7,6,0.6,75080,14652,2877,60429,869,3229,89,-1862
Toronto,SSP585,2025,0.01,0.01,0.6,0.2,0.2,130,0.25,0.7,0.3,5.46,2000,50000,4.1,0.25,1,1,6,0.6,2,0.6,70526,15337,3962,55190,793,2808,141,-3163
Toronto,SSP585,2025,0.01,0.01,0.6,0.2,0.2,130,0.25,0.3,0.2,5.46,4000,30000,3.6,0.25,1.5,0.5,10,0.7,0,0.1,71862,4217,872,67645,976,2592,34,-1678
Toronto,SSP585,2025,0.01,0.01,0.6,0.2,0.2,130,0.25,0.6,0.6,5.46,6000,20000,5.1,0.15,1,1,0,0.6,6,0.3,68595,12227,-223,56368,811,2172,-10,-1232
Toronto,SSP585,2025,0.05,0.01,0.6,0.2,0.2,130,0.21,0.4,0.1,5.46,0,40000,3.6,0.3,0.5,1.5,4,0.7,8,0.6,74264,13811,3446,60453,870,2694,128,-2508
Toronto,SSP585,2025,0.05,0.01,0.6,0.2,0.2,130,0.25,0.4,0.6,5.96,10000,25000,3.6,0.15,0.25,0.5,10,0.7,6,0.6,75080,14652,2877,60429,869,3229,89,-1862
Toronto,SSP585,2025,0.05,0.01,0.6,0.2,0.2,130,0.25,0.7,0.3,5.46,2000,50000,4.1,0.25,1,1,6,0.6,2,0.6,70526,15337,3962,55190,793,2808,141,-3163
Toronto,SSP585,2025,0.05,0.01,0.6,0.2,0.2,130,0.25,0.3,0.2,5.46,4000,30000,3.6,0.25,1.5,0.5,10,0.7,0,0.1,71862,4217,872,67645,976,2592,34,-1678
Toronto,SSP585,2025,0.05,0.01,0.6,0.2,0.2,130,0.25,0.6,0.6,5.46,6000,20000,5.1,0.15,1,1,0,0.6,6,0.3,68595,12227,-223,56368,811,2172,-10,-1232
Toronto,SSP585,2025,0.01,0.05,0.6,0.2,0.2,130,0.25,0.2,0.1,5.46,10000,45000,3.6,0.3,1.25,1.25,8,0.7,0,0.6,75024,13967,3021,61057,879,2496,121,-2840
Toronto,SSP585,2025,0.01,0.05,0.6,0.2,0.2,130,0.25,0.7,0.3,5.46,2000,50000,4.1,0.25,1,1,6,0.6,2,0.6,70526,15337,3962,55190,793,2808,141,-3163
Toronto,SSP585,2025,0.01,0.05,0.6,0.2,0.2,130,0.25,0.4,0.6,5.96,10000,25000,3.6,0.15,0.25,0.5,10,0.7,6,0.6,75080,14652,2877,60429,869,3229,89,-1862
Toronto,SSP585,2025,0.01,0.05,0.6,0.2,0.2,130,0.25,0.6,0.6,5.46,6000,20000,5.1,0.15,1,1,0,0.6,6,0.3,68595,12227,-223,56368,811,2172,-10,-1232
Toronto,SSP585,2025,0.01,0.05,0.6,0.2,0.2,130,0.25,0.3,0.2,5.46,4000,30000,3.6,0.25,1.5,0.5,10,0.7,0,0.1,71862,4217,872,67645,976,2592,34,-1678
Toronto,SSP585,2025,0.05,0.05,0.6,0.2,0.2,130,0.25,0.4,0.1,5.46,4000,30000,3.6,0.15,1.25,1.25,4,0.7,6,0.6,75024,13967,3038,61057,879,3102,98,-1927
Toronto,SSP585,2025,0.05,0.05,0.6,0.2,0.2,130,0.25,0.7,0.3,5.46,2000,50000,4.1,0.25,1,1,6,0.6,2,0.6,70526,15337,3962,55190,793,2808,141,-3163
Toronto,SSP585,2025,0.05,0.05,0.6,0.2,0.2,130,0.25,0.4,0.6,5.96,10000,25000,3.6,0.15,0.25,0.5,10,0.7,6,0.6,75080,14652,2877,60429,869,3229,89,-1862
Toronto,SSP585,2025,0.05,0.05,0.6,0.2,0.2,130,0.25,0.6,0.6,5.46,6000,20000,5.1,0.15,1,1,0,0.6,6,0.3,68595,12227,-223,56368,811,2172,-10,-1232
Toronto,SSP585,2025,0.05,0.05,0.6,0.2,0.2,130,0.25,0.3,0.2,5.46,4000,30000,3.6,0.25,1.5,0.5,10,0.7,0,0.1,71862,4217,872,67645,976,2592,34,-1678
Toronto,SSP585,2030,0.01,0.01,0.6,0.2,0.2,130,0.13,0.2,0.5,5.46,0,20000,4.1,0.2,0.5,0.5,6,0.7,2,0.6,73503,14869,1168,58635,843,2127,55,-1305
Toronto,SSP585,2030,0.01,0.01,0.6,0.2,0.2,130,0.25,0.4,0.6,5.96,10000,25000,3.6,0.15,0.25,0.5,10,0.7,6,0.6,75080,14652,2877,60429,869,3229,89,-1862
Toronto,SSP585,2030,0.01,0.01,0.6,0.2,0.2,130,0.25,0.7,0.3,5.46,2000,50000,4.1,0.25,1,1,6,0.6,2,0.6,70526,15337,3962,55190,793,2808,141,-3163
Toronto,SSP585,2030,0.01,0.01,0.6,0.2,0.2,130,0.25,0.3,0.2,5.46,4000,30000,3.6,0.25,1.5,0.5,10,0.7,0,0.1,71862,4217,872,67645,976,2592,34,-1678
Toronto,SSP585,2030,0.01,0.01,0.6,0.2,0.2,130,0.25,0.6,0.6,5.46,6000,20000,5.1,0.15,1,1,0,0.6,6,0.3,68595,12227,-223,56368,811,2172,-10,-1232
Toronto,SSP585,2030,0.05,0.01,0.6,0.2,0.2,130,0.25,0.4,0.3,5.96,0,20000,3.6,0.35,0.25,1.5,0,0.7,8,0.6,75756,14652,2197,61105,879,2747,80,-1215
Toronto,SSP585,2030,0.05,0.01,0.6,0.2,0.2,130,0.25,0.3,0.2,5.46,4000,30000,3.6,0.25,1.5,0.5,10,0.7,0,0.1,71862,4217,872,67645,976,2592,34,-1678
Toronto,SSP585,2030,0.05,0.01,0.6,0.2,0.2,130,0.25,0.6,0.6,5.46,6000,20000,5.1,0.15,1,1,0,0.6,6,0.3,68595,12227,-223,56368,811,2172,-10,-1232
Toronto,SSP585,2030,0.05,0.01,0.6,0.2,0.2,130,0.25,0.4,0.6,5.96,10000,25000,3.6,0.15,0.25,0.5,10,0.7,6,0.6,75080,14652,2877,60429,869,3229,89,-1862
Toronto,SSP585,2030,0.05,0.01,0.6,0.2,0.2,130,0.25,0.7,0.3,5.46,2000,50000,4.1,0.25,1,1,6,0.6,2,0.6,70526,15337,3962,55190,793,2808,141,-3163
Toronto,SSP585,2030,0.01,0.05,0.6,0.2,0.2,130,0.25,0.4,0.4,5.46,4000,50000,3.6,0.15,0.5,0.75,2,0.7,4,0.6,75756,13967,3358,61790,889,2540,132,-3058
Toronto,SSP585,2030,0.01,0.05,0.6,0.2,0.2,130,0.25,0.4,0.6,5.96,10000,25000,3.6,0.15,0.25,0.5,10,0.7,6,0.6,75080,14652,2877,60429,869,3229,89,-1862
Toronto,SSP585,2030,0.01,0.05,0.6,0.2,0.2,130,0.25,0.7,0.3,5.46,2000,50000,4.1,0.25,1,1,6,0.6,2,0.6,70526,15337,3962,55190,793,2808,141,-3163
Toronto,SSP585,2030,0.01,0.05,0.6,0.2,0.2,130,0.25,0.3,0.2,5.46,4000,30000,3.6,0.25,1.5,0.5,10,0.7,0,0.1,71862,4217,872,67645,976,2592,34,-1678
Toronto,SSP585,2030,0.01,0.05,0.6,0.2,0.2,130,0.25,0.6,0.6,5.46,6000,20000,5.1,0.15,1,1,0,0.6,6,0.3,68595,12227,-223,56368,811,2172,-10,-1232
Toronto,SSP585,2030,0.05,0.05,0.6,0.2,0.2,130,0.17,0.5,0.4,5.46,4000,40000,3.6,0.35,1.5,1.5,0,0.7,10,0.6,74207,13655,3694,60553,871,3160,117,-2432
Toronto,SSP585,2030,0.05,0.05,0.6,0.2,0.2,130,0.25,0.6,0.6,5.46,6000,20000,5.1,0.15,1,1,0,0.6,6,0.3,68595,12227,-223,56368,811,2172,-10,-1232
Toronto,SSP585,2030,0.05,0.05,0.6,0.2,0.2,130,0.25,0.3,0.2,5.46,4000,30000,3.6,0.25,1.5,0.5,10,0.7,0,0.1,71862,4217,872,67645,976,2592,34,-1678
Toronto,SSP585,2030,0.05,0.05,0.6,0.2,0.2,130,0.25,0.7,0.3,5.46,2000,50000,4.1,0.25,1,1,6,0.6,2,0.6,70526,15337,3962,55190,793,2808,141,-3163
Toronto,SSP585,2030,0.05,0.05,0.6,0.2,0.2,130,0.25,0.4,0.6,5.96,10000,25000,3.6,0.15,0.25,0.5,10,0.7,6,0.6,75080,14652,2877,60429,869,3229,89,-1862
Toronto,SSP585,2030,0.01,0.01,0.6,0.2,0.2,130,0.25,0.1,0.6,5.46,6000,45000,3.6,0.2,0.25,1,6,0.7,6,0.5,75106,12017,2740,63089,908,2127,129,-2819
Toronto,SSP585,2030,0.01,0.01,0.6,0.2,0.2,130,0.25,0.7,0.3,5.46,2000,50000,4.1,0.25,1,1,6,0.6,2,0.6,70526,15337,3962,55190,793,2808,141,-3163
Toronto,SSP585,2030,0.01,0.01,0.6,0.2,0.2,130,0.25,0.4,0.6,5.96,10000,25000,3.6,0.15,0.25,0.5,10,0.7,6,0.6,75080,14652,2877,60429,869,3229,89,-1862
Toronto,SSP585,2030,0.01,0.01,0.6,0.2,0.2,130,0.25,0.6,0.6,5.46,6000,20000,5.1,0.15,1,1,0,0.6,6,0.3,68595,12227,-223,56368,811,2172,-10,-1232
Toronto,SSP585,2030,0.01,0.01,0.6,0.2,0.2,130,0.25,0.3,0.2,5.46,4000,30000,3.6,0.25,1.5,0.5,10,0.7,0,0.1,71862,4217,872,67645,976,2592,34,-1678
Toronto,SSP585,2030,0.05,0.01,0.6,0.2,0.2,130,0.25,0.1,0.6,5.96,0,30000,3.6,0.1,0.5,0.75,4,0.7,6,0.6,75756,14652,2874,61105,879,2747,105,-1913
Toronto,SSP585,2030,0.05,0.01,0.6,0.2,0.2,130,0.25,0.6,0.6,5.46,6000,20000,5.1,0.15,1,1,0,0.6,6,0.3,68595,12227,-223,56368,811,2172,-10,-1232
Toronto,SSP585,2030,0.05,0.01,0.6,0.2,0.2,130,0.25,0.3,0.2,5.46,4000,30000,3.6,0.25,1.5,0.5,10,0.7,0,0.1,71862,4217,872,67645,976,2592,34,-1678
Toronto,SSP585,2030,0.05,0.01,0.6,0.2,0.2,130,0.25,0.7,0.3,5.46,2000,50000,4.1,0.25,1,1,6,0.6,2,0.6,70526,15337,3962,55190,793,2808,141,-3163
Toronto,SSP585,2030,0.05,0.01,0.6,0.2,0.2,130,0.25,0.4,0.6,5.96,10000,25000,3.6,0.15,0.25,0.5,10,0.7,6,0.6,75080,14652,2877,60429,869,3229,89,-1862
Toronto,SSP585,2030,0.01,0.05,0.6,0.2,0.2,130,0.25,0.1,0.6,5.46,0,20000,3.6,0.15,1.25,0.75,6,0.7,10,0.6,75756,13967,1716,61790,889,2540,68,-1345
Toronto,SSP585,2030,0.01,0.05,0.6,0.2,0.2,130,0.25,0.4,0.6,5.96,10000,25000,3.6,0.15,0.25,0.5,10,0.7,6,0.6,75080,14652,2877,60429,869,3229,89,-1862
Toronto,SSP585,2030,0.01,0.05,0.6,0.2,0.2,130,0.25,0.7,0.3,5.46,2000,50000,4.1,0.25,1,1,6,0.6,2,0.6,70526,15337,3962,55190,793,2808,141,-3163
Toronto,SSP585,2030,0.01,0.05,0.6,0.2,0.2,130,0.25,0.3,0.2,5.46,4000,30000,3.6,0.25,1.5,0.5,10,0.7,0,0.1,71862,4217,872,67645,976,2592,34,-1678
Toronto,SSP585,2030,0.01,0.05,0.6,0.2,0.2,130,0.25,0.6,0.6,5.46,6000,20000,5.1,0.15,1,1,0,0.6,6,0.3,68595,12227,-223,56368,811,2172,-10,-1232
Toronto,SSP585,2030,0.05,0.05,0.6,0.2,0.2,130,0.25,0.4,0.4,5.46,0,40000,3.6,0.1,1.5,1.25,2,0.7,6,0.6,75756,13967,3733,61790,889,3160,118,-2464
Toronto,SSP585,2030,0.05,0.05,0.6,0.2,0.2,130,0.25,0.4,0.6,5.96,10000,25000,3.6,0.15,0.25,0.5,10,0.7,6,0.6,75080,14652,2877,60429,869,3229,89,-1862
Toronto,SSP585,2030,0.05,0.05,0.6,0.2,0.2,130,0.25,0.7,0.3,5.46,2000,50000,4.1,0.25,1,1,6,0.6,2,0.6,70526,15337,3962,55190,793,2808,141,-3163
Toronto,SSP585,2030,0.05,0.05,0.6,0.2,0.2,130,0.25,0.3,0.2,5.46,4000,30000,3.6,0.25,1.5,0.5,10,0.7,0,0.1,71862,4217,872,67645,976,2592,34,-1678
Toronto,SSP585,2030,0.05,0.05,0.6,0.2,0.2,130,0.25,0.6,0.6,5.46,6000,20000,5.1,0.15,1,1,0,0.6,6,0.3,68595,12227,-223,56368,811,2172,-10,-1232
Toronto,SSP585,2030,0.01,0.01,0.6,0.2,0.2,130,0.25,0.7,0.4,5.96,2000,25000,4.1,0.1,1,1.5,10,0.7,10,0.6,75756,16022,1398,59735,859,2127,66,-1705
Toronto,SSP585,2030,0.01,0.01,0.6,0.2,0.2,130,0.25,0.7,0.3,5.46,2000,50000,4.1,0.25,1,1,6,0.6,2,0.6,70526,15337,3962,55190,793,2808,141,-3163
Toronto,SSP585,2030,0.01,0.01,0.6,0.2,0.2,130,0.25,0.4,0.6,5.96,10000,25000,3.6,0.15,0.25,0.5,10,0.7,6,0.6,75080,14652,2877,60429,869,3229,89,-1862
Toronto,SSP585,2030,0.01,0.01,0.6,0.2,0.2,130,0.25,0.6,0.6,5.46,6000,20000,5.1,0.15,1,1,0,0.6,6,0.3,68595,12227,-223,56368,811,2172,-10,-1232
Toronto,SSP585,2030,0.01,0.01,0.6,0.2,0.2,130,0.25,0.3,0.2,5.46,4000,30000,3.6,0.25,1.5,0.5,10,0.7,0,0.1,71862,4217,872,67645,976,2592,34,-1678
Toronto,SSP585,2030,0.05,0.01,0.6,0.2,0.2,130,0.25,0.6,0.3,5.46,4000,35000,3.6,0.35,1.5,1,2,0.7,8,0.6,75756,13967,3277,61790,889,2747,119,-2168
Toronto,SSP585,2030,0.05,0.01,0.6,0.2,0.2,130,0.25,0.6,0.6,5.46,6000,20000,5.1,0.15,1,1,0,0.6,6,0.3,68595,12227,-223,56368,811,2172,-10,-1232
Toronto,SSP585,2030,0.05,0.01,0.6,0.2,0.2,130,0.25,0.3,0.2,5.46,4000,30000,3.6,0.25,1.5,0.5,10,0.7,0,0.1,71862,4217,872,67645,976,2592,34,-1678
Toronto,SSP585,2030,0.05,0.01,0.6,0.2,0.2,130,0.25,0.7,0.3,5.46,2000,50000,4.1,0.25,1,1,6,0.6,2,0.6,70526,15337,3962,55190,793,2808,141,-3163
Toronto,SSP585,2030,0.05,0.01,0.6,0.2,0.2,130,0.25,0.4,0.6,5.96,10000,25000,3.6,0.15,0.25,0.5,10,0.7,6,0.6,75080,14652,2877,60429,869,3229,89,-1862
Toronto,SSP585,2030,0.01,0.05,0.6,0.2,0.2,130,0.25,0.3,0.5,5.96,10000,30000,3.6,0.25,0.75,0.5,6,0.7,6,0.6,75756,14652,2138,61105,879,2540,84,-1976
Toronto,SSP585,2030,0.01,0.05,0.6,0.2,0.2,130,0.25,0.6,0.6,5.46,6000,20000,5.1,0.15,1,1,0,0.6,6,0.3,68595,12227,-223,56368,811,2172,-10,-1232
Toronto,SSP585,2030,0.01,0.05,0.6,0.2,0.2,130,0.25,0.3,0.2,5.46,4000,30000,3.6,0.25,1.5,0.5,10,0.7,0,0.1,71862,4217,872,67645,976,2592,34,-1678
Toronto,SSP585,2030,0.01,0.05,0.6,0.2,0.2,130,0.25,0.7,0.3,5.46,2000,50000,4.1,0.25,1,1,6,0.6,2,0.6,70526,15337,3962,55190,793,2808,141,-3163
Toronto,SSP585,2030,0.01,0.05,0.6,0.2,0.2,130,0.25,0.4,0.6,5.96,10000,25000,3.6,0.15,0.25,0.5,10,0.7,6,0.6,75080,14652,2877,60429,869,3229,89,-1862
Toronto,SSP585,2030,0.05,0.05,0.6,0.2,0.2,130,0.21,0.7,0.5,5.46,4000,25000,3.6,0.35,1.5,0.5,6,0.6,10,0.6,70160,13811,3143,56350,811,3160,99,-1715
Toronto,SSP585,2030,0.05,0.05,0.6,0.2,0.2,130,0.25,0.7,0.3,5.46,2000,50000,4.1,0.25,1,1,6,0.6,2,0.6,70526,15337,3962,55190,793,2808,141,-3163
Toronto,SSP585,2030,0.05,0.05,0.6,0.2,0.2,130,0.25,0.4,0.6,5.96,10000,25000,3.6,0.15,0.25,0.5,10,0.7,6,0.6,75080,14652,2877,60429,869,3229,89,-1862
Toronto,SSP585,2030,0.05,0.05,0.6,0.2,0.2,130,0.25,0.6,0.6,5.46,6000,20000,5.1,0.15,1,1,0,0.6,6,0.3,68595,12227,-223,56368,811,2172,-10,-1232
Toronto,SSP585,2030,0.05,0.05,0.6,0.2,0.2,130,0.25,0.3,0.2,5.46,4000,30000,3.6,0.25,1.5,0.5,10,0.7,0,0.1,71862,4217,872,67645,976,2592,34,-1678
Toronto,SSP585,2030,0.01,0.01,0.6,0.2,0.2,130,0.25,0.6,0.5,5.46,2000,20000,3.6,0.15,1.5,0.75,10,0.7,2,0.6,75756,13967,1583,61790,889,2127,74,-1378
Toronto,SSP585,2030,0.01,0.01,0.6,0.2,0.2,130,0.25,0.3,0.2,5.46,4000,30000,3.6,0.25,1.5,0.5,10,0.7,0,0.1,71862,4217,872,67645,976,2592,34,-1678
Toronto,SSP585,2030,0.01,0.01,0.6,0.2,0.2,130,0.25,0.6,0.6,5.46,6000,20000,5.1,0.15,1,1,0,0.6,6,0.3,68595,12227,-223,56368,811,2172,-10,-1232
Toronto,SSP585,2030,0.01,0.01,0.6,0.2,0.2,130,0.25,0.4,0.6,5.96,10000,25000,3.6,0.15,0.25,0.5,10,0.7,6,0.6,75080,14652,2877,60429,869,3229,89,-1862
Toronto,SSP585,2030,0.01,0.01,0.6,0.2,0.2,130,0.25,0.7,0.3,5.46,2000,50000,4.1,0.25,1,1,6,0.6,2,0.6,70526,15337,3962,55190,793,2808,141,-3163
Toronto,SSP585,2030,0.05,0.01,0.6,0.2,0.2,130,0.25,0.3,0.6,5.46,8000,30000,3.6,0.15,1,1.25,4,0.7,6,0.6,75756,13967,3057,61790,889,2747,111,-1946
Toronto,SSP585,2030,0.05,0.01,0.6,0.2,0.2,130,0.25,0.4,0.6,5.96,10000,25000,3.6,0.15,0.25,0.5,10,0.7,6,0.6,75080,14652,2877,60429,869,3229,89,-1862
Toronto,SSP585,2030,0.05,0.01,0.6,0.2,0.2,130,0.25,0.7,0.3,5.46,2000,50000,4.1,0.25,1,1,6,0.6,2,0.6,70526,15337,3962,55190,793,2808,141,-3163
Toronto,SSP585,2030,0.05,0.01,0.6,0.2,0.2,130,0.25,0.3,0.2,5.46,4000,30000,3.6,0.25,1.5,0.5,10,0.7,0,0.1,71862,4217,872,67645,976,2592,34,-1678
Toronto,SSP585,2030,0.05,0.01,0.6,0.2,0.2,130,0.25,0.6,0.6,5.46,6000,20000,5.1,0.15,1,1,0,0.6,6,0.3,68595,12227,-223,56368,811,2172,-10,-1232
Toronto,SSP585,2030,0.01,0.05,0.6,0.2,0.2,130,0.21,0.2,0.4,5.46,6000,35000,3.6,0.3,0.25,0.75,4,0.7,10,0.5,74310,11861,2325,62450,899,2540,92,-2228
Toronto,SSP585,2030,0.01,0.05,0.6,0.2,0.2,130,0.25,0.6,0.6,5.46,6000,20000,5.1,0.15,1,1,0,0.6,6,0.3,68595,12227,-223,56368,811,2172,-10,-1232
Toronto,SSP585,2030,0.01,0.05,0.6,0.2,0.2,130,0.25,0.3,0.2,5.46,4000,30000,3.6,0.25,1.5,0.5,10,0.7,0,0.1,71862,4217,872,67645,976,2592,34,-1678
Toronto,SSP585,2030,0.01,0.05,0.6,0.2,0.2,130,0.25,0.7,0.3,5.46,2000,50000,4.1,0.25,1,1,6,0.6,2,0.6,70526,15337,3962,55190,793,2808,141,-3163
Toronto,SSP585,2030,0.01,0.05,0.6,0.2,0.2,130,0.25,0.4,0.6,5.96,10000,25000,3.6,0.15,0.25,0.5,10,0.7,6,0.6,75080,14652,2877,60429,869,3229,89,-1862
Toronto,SSP585,2030,0.05,0.05,0.6,0.2,0.2,130,0.25,0.7,0.2,5.96,8000,25000,3.6,0.1,1.5,1.5,8,0.7,6,0.6,75756,14652,2861,61105,879,3160,91,-1744
Toronto,SSP585,2030,0.05,0.05,0.6,0.2,0.2,130,0.25,0.6,0.6,5.46,6000,20000,5.1,0.15,1,1,0,0.6,6,0.3,68595,12227,-223,56368,811,2172,-10,-1232
Toronto,SSP585,2030,0.05,0.05,0.6,0.2,0.2,130,0.25,0.3,0.2,5.46,4000,30000,3.6,0.25,1.5,0.5,10,0.7,0,0.1,71862,4217,872,67645,976,2592,34,-1678
Toronto,SSP585,2030,0.05,0.05,0.6,0.2,0.2,130,0.25,0.7,0.3,5.46,2000,50000,4.1,0.25,1,1,6,0.6,2,0.6,70526,15337,3962,55190,793,2808,141,-3163
Toronto,SSP585,2030,0.05,0.05,0.6,0.2,0.2,130,0.25,0.4,0.6,5.96,10000,25000,3.6,0.15,0.25,0.5,10,0.7,6,0.6,75080,14652,2877,60429,869,3229,89,-1862
Toronto,SSP585,2030,0.01,0.01,0.6,0.2,0.2,130,0.25,0.1,0.2,5.46,6000,25000,4.1,0.3,0.75,0.75,2,0.7,10,0.6,75756,15337,1439,60420,869,2127,68,-1588
Toronto,SSP585,2030,0.01,0.01,0.6,0.2,0.2,130,0.25,0.7,0.3,5.46,2000,50000,4.1,0.25,1,1,6,0.6,2,0.6,70526,15337,3962,55190,793,2808,141,-3163
Toronto,SSP585,2030,0.01,0.01,0.6,0.2,0.2,130,0.25,0.4,0.6,5.96,10000,25000,3.6,0.15,0.25,0.5,10,0.7,6,0.6,75080,14652,2877,60429,869,3229,89,-1862
Toronto,SSP585,2030,0.01,0.01,0.6,0.2,0.2,130,0.25,0.6,0.6,5.46,6000,20000,5.1,0.15,1,1,0,0.6,6,0.3,68595,12227,-223,56368,811,2172,-10,-1232
Toronto,SSP585,2030,0.01,0.01,0.6,0.2,0.2,130,0.25,0.3,0.2,5.46,4000,30000,3.6,0.25,1.5,0.5,10,0.7,0,0.1,71862,4217,872,67645,976,2592,34,-1678
Toronto,SSP585,2030,0.05,0.01,0.6,0.2,0.2,130,0.21,0.5,0.2,5.46,6000,35000,3.6,0.25,0.75,1.25,4,0.7,2,0.6,74961,13811,3334,61151,880,2747,121,-2232
Toronto,SSP585,2030,0.05,0.01,0.6,0.2,0.2,130,0.25,0.3,0.2,5.46,4000,30000,3.6,0.25,1.5,0.5,10,0.7,0,0.1,71862,4217,872,67645,976,2592,34,-1678
Toronto,SSP585,2030,0.05,0.01,0.6,0.2,0.2,130,0.25,0.6,0.6,5.46,6000,20000,5.1,0.15,1,1,0,0.6,6,0.3,68595,12227,-223,56368,811,2172,-10,-1232
Toronto,SSP585,2030,0.05,0.01,0.6,0.2,0.2,130,0.25,0.4,0.6,5.96,10000,25000,3.6,0.15,0.25,0.5,10,0.7,6,0.6,75080,14652,2877,60429,869,3229,89,-1862
Toronto,SSP585,2030,0.05,0.01,0.6,0.2,0.2,130,0.25,0.7,0.3,5.46,2000,50000,4.1,0.25,1,1,6,0.6,2,0.6,70526,15337,3962,55190,793,2808,141,-3163
Toronto,SSP585,2030,0.01,0.05,0.6,0.2,0.2,130,0.13,0.3,0.4,5.46,0,25000,3.6,0.1,0.5,0.5,2,0.7,10,0.1,70250,3749,745,66502,960,2540,29,-1512
Toronto,SSP585,2030,0.01,0.05,0.6,0.2,0.2,130,0.25,0.3,0.2,5.46,4000,30000,3.6,0.25,1.5,0.5,10,0.7,0,0.1,71862,4217,872,67645,976,2592,34,-1678
Toronto,SSP585,2030,0.01,0.05,0.6,0.2,0.2,130,0.25,0.6,0.6,5.46,6000,20000,5.1,0.15,1,1,0,0.6,6,0.3,68595,12227,-223,56368,811,2172,-10,-1232
Toronto,SSP585,2030,0.01,0.05,0.6,0.2,0.2,130,0.25,0.4,0.6,5.96,10000,25000,3.6,0.15,0.25,0.5,10,0.7,6,0.6,75080,14652,2877,60429,869,3229,89,-1862
Toronto,SSP585,2030,0.01,0.05,0.6,0.2,0.2,130,0.25,0.7,0.3,5.46,2000,50000,4.1,0.25,1,1,6,0.6,2,0.6,70526,15337,3962,55190,793,2808,141,-3163
Toronto,SSP585,2030,0.05,0.05,0.6,0.2,0.2,130,0.05,0.4,0.5,5.46,6000,25000,3.6,0.15,1.25,0.5,4,0.7,2,0.6,72398,13187,2896,59211,852,3160,92,-1624
Toronto,SSP585,2030,0.05,0.05,0.6,0.2,0.2,130,0.25,0.6,0.6,5.46,6000,20000,5.1,0.15,1,1,0,0.6,6,0.3,68595,12227,-223,56368,811,2172,-10,-1232
Toronto,SSP585,2030,0.05,0.05,0.6,0.2,0.2,130,0.25,0.3,0.2,5.46,4000,30000,3.6,0.25,1.5,0.5,10,0.7,0,0.1,71862,4217,872,67645,976,2592,34,-1678
Toronto,SSP585,2030,0.05,0.05,0.6,0.2,0.2,130,0.25,0.7,0.3,5.46,2000,50000,4.1,0.25,1,1,6,0.6,2,0.6,70526,15337,3962,55190,793,2808,141,-3163
Toronto,SSP585,2030,0.05,0.05,0.6,0.2,0.2,130,0.25,0.4,0.6,5.96,10000,25000,3.6,0.15,0.25,0.5,10,0.7,6,0.6,75080,14652,2877,60429,869,3229,89,-1862
Toronto,SSP585,2035,0.01,0.01,0.6,0.2,0.2,130,0.25,0.3,0.1,5.46,0,20000,3.6,0.3,1,1.25,2,0.7,2,0.6,72121,13967,1443,58154,837,2046,71,-1233
Toronto,SSP585,2035,0.05,0.01,0.6,0.2,0.2,130,0.25,0.5,0.4,5.46,0,30000,3.6,0.15,1,1.25,0,0.7,6,0.6,72121,13967,2968,58154,837,2653,112,-1803
Toronto,SSP585,2035,0.01,0.05,0.6,0.2,0.2,130,0.25,0.2,0.5,5.46,0,35000,3.6,0.4,1.5,0.5,6,0.7,0,0.6,72121,13967,2527,58154,837,2431,104,-2195
Toronto,SSP585,2035,0.05,0.05,0.6,0.2,0.2,130,0.25,0.7,0.5,5.46,8000,40000,3.6,0.15,1.5,1,6,0.7,0,0.6,72121,13967,3841,58154,837,3037,126,-2561
Toronto,SSP585,2035,0.01,0.01,0.6,0.2,0.2,130,0.25,0.5,0.4,5.46,2000,20000,3.6,0.35,1.5,1.5,8,0.7,4,0.6,72121,13967,1558,58154,837,2046,76,-1353
Toronto,SSP585,2035,0.05,0.01,0.6,0.2,0.2,130,0.25,0.5,0.1,5.96,4000,50000,3.6,0.3,1.25,0.5,10,0.7,0,0.6,72121,14652,4216,57469,827,2653,159,-3270
Toronto,SSP585,2035,0.01,0.05,0.6,0.2,0.2,130,0.25,0.2,0.1,5.46,10000,45000,3.6,0.1,1,1,0,0.7,0,0.6,72121,13967,3010,58154,837,2431,124,-2720
Toronto,SSP585,2035,0.05,0.05,0.6,0.2,0.2,130,0.25,0.4,0.2,5.46,8000,40000,3.6,0.4,0.75,1,2,0.7,10,0.6,72121,13967,3807,58154,837,3037,125,-2526
Toronto,SSP585,2035,0.01,0.01,0.6,0.2,0.2,130,0.25,0.1,0.6,5.46,4000,25000,3.6,0.2,0.75,1.25,2,0.7,2,0.6,72121,13967,1744,58154,837,2046,85,-1553
Toronto,SSP585,2035,0.05,0.01,0.6,0.2,0.2,130,0.25,0.7,0.2,5.46,4000,35000,3.6,0.25,1.5,1.25,2,0.7,10,0.6,72121,13967,3320,58154,837,2653,125,-2174
Toronto,SSP585,2035,0.01,0.05,0.6,0.2,0.2,130,0.21,0.1,0.6,5.46,4000,20000,3.6,0.2,0.75,1.5,6,0.7,10,0.6,71409,13811,1720,57599,829,2431,71,-1368
Toronto,SSP585,2035,0.05,0.05,0.6,0.2,0.2,130,0.25,0.4,0.6,5.46,2000,35000,3.6,0.2,1.25,1.25,10,0.7,10,0.6,72121,13967,3720,58154,837,3037,122,-2416
Toronto,SSP585,2035,0.01,0.01,0.6,0.2,0.2,130,0.25,0.3,0.1,5.46,6000,25000,3.6,0.4,0.25,1.25,6,0.7,4,0.6,72121,13967,1847,58154,837,2046,90,-1660
Toronto,SSP585,2035,0.05,0.01,0.6,0.2,0.2,130,0.25,0.5,0.1,5.46,2000,20000,3.6,0.35,1,0.5,2,0.7,10,0.6,72121,13967,2466,58154,837,2653,93,-1285
Toronto,SSP585,2035,0.01,0.05,0.6,0.2,0.2,130,0.25,0.4,0.2,5.46,4000,40000,3.6,0.3,0.75,0.5,4,0.7,6,0.6,72121,13967,2817,58154,837,2431,116,-2504
Toronto,SSP585,2035,0.05,0.05,0.6,0.2,0.2,130,0.25,0.2,0.3,5.46,8000,30000,3.6,0.1,0.75,1.5,10,0.7,4,0.6,72121,13967,3432,58154,837,3037,113,-2130
Toronto,SSP585,2035,0.01,0.01,0.6,0.2,0.2,130,0.25,0.2,0.5,5.46,0,45000,4.1,0.3,0.5,1.5,2,0.7,2,0.6,72121,15337,2544,56784,816,2046,124,-2722
Toronto,SSP585,2035,0.05,0.01,0.6,0.2,0.2,130,0.25,0.7,0.6,5.46,6000,20000,3.6,0.25,1.25,1.5,4,0.7,6,0.6,72121,13967,2510,58154,837,2653,95,-1337
Toronto,SSP585,2035,0.01,0.05,0.6,0.2,0.2,130,0.25,0.7,0.2,5.96,6000,20000,3.6,0.1,1,0.5,4,0.7,2,0.6,72121,14652,1482,57469,827,2431,61,-1298
Toronto,SSP585,2035,0.05,0.05,0.6,0.2,0.2,130,0.25,0.7,0.1,5.46,8000,35000,3.6,0.15,1,1.25,0,0.7,4,0.6,72121,13967,3425,58154,837,3037,113,-2134
Toronto,SSP585,2040,0.01,0.01,0.6,0.2,0.2,130,0.25,0.5,0.5,5.46,2000,25000,3.6,0.35,0.5,1.5,10,0.7,2,0.6,65157,13967,1763,51190,736,2207,80,-1693
Toronto,SSP585,2040,0.05,0.01,0.6,0.2,0.2,130,0.25,0.5,0.6,5.46,2000,20000,3.6,0.15,0.5,1,2,0.7,8,0.6,65157,13967,2341,51190,736,2934,80,-1282
Toronto,SSP585,2040,0.01,0.05,0.6,0.2,0.2,130,0.25,0.4,0.6,5.46,10000,25000,3.6,0.35,1,1,10,0.7,10,0.6,65157,13967,1947,51190,736,2555,76,-1755
Toronto,SSP585,2040,0.05,0.05,0.6,0.2,0.2,130,0.21,0.1,0.5,5.46,10000,30000,3.6,0.1,0.25,1.5,0,0.7,6,0.6,64515,13811,3054,50704,729,3283,93,-1892
Toronto,SSP585,2040,0.01,0.01,0.6,0.2,0.2,130,0.25,0.3,0.2,5.46,8000,20000,3.6,0.4,0.75,1.5,6,0.7,8,0.6,65157,13967,1435,51190,736,2207,65,-1367
Toronto,SSP585,2040,0.05,0.01,0.6,0.2,0.2,130,0.25,0.2,0.4,5.46,10000,25000,3.6,0.15,0.75,1,8,0.7,0,0.6,65157,13967,2802,51190,736,2934,95,-1770
Toronto,SSP585,2040,0.01,0.05,0.6,0.2,0.2,130,0.25,0.4,0.2,5.46,6000,25000,3.6,0.15,1.5,1.5,2,0.6,10,0.6,61319,13967,1897,47352,681,2555,74,-1575
Toronto,SSP585,2040,0.05,0.05,0.6,0.2,0.2,130,0.25,0.2,0.3,5.46,4000,50000,3.6,0.1,0.5,1,2,0.6,8,0.6,61319,13967,4456,47352,681,3283,136,-3097
Toronto,SSP585,2040,0.01,0.01,0.6,0.2,0.2,130,0.25,0.3,0.3,5.46,0,40000,3.6,0.4,1,1,0,0.7,6,0.6,65157,13967,2440,51190,736,2207,111,-2397
Toronto,SSP585,2040,0.05,0.01,0.6,0.2,0.2,130,0.13,0.2,0.1,5.46,2000,35000,3.6,0.3,1.25,1,6,0.6,4,0.6,59466,13499,3558,45967,661,2934,121,-2289
Toronto,SSP585,2040,0.01,0.05,0.6,0.2,0.2,130,0.25,0.4,0.3,5.46,0,20000,3.6,0.4,0.25,1,10,0.7,0,0.6,65157,13967,1600,51190,736,2555,63,-1376
Toronto,SSP585,2040,0.05,0.05,0.6,0.2,0.2,130,0.17,0.7,0.4,5.46,6000,25000,3.6,0.4,0.5,1.5,8,0.7,4,0.6,63902,13655,2953,50247,722,3283,90,-1774
Toronto,SSP585,2040,0.01,0.01,0.6,0.2,0.2,130,0.25,0.1,0.2,5.46,4000,35000,4.1,0.4,0.25,1,6,0.7,8,0.6,65157,15337,1959,49820,716,2207,89,-2249
Toronto,SSP585,2040,0.05,0.01,0.6,0.2,0.2,130,0.25,0.4,0.3,5.46,4000,30000,3.6,0.2,0.25,1.25,4,0.7,4,0.6,65157,13967,2976,51190,736,2934,101,-1943
Toronto,SSP585,2040,0.01,0.05,0.6,0.2,0.2,130,0.25,0.1,0.4,5.46,4000,20000,3.6,0.35,1.5,1.5,2,0.7,10,0.6,65157,13967,1488,51190,736,2555,58,-1273
Toronto,SSP585,2040,0.05,0.05,0.6,0.2,0.2,130,0.25,0.1,0.5,5.46,10000,20000,3.6,0.4,0.25,0.75,8,0.7,0,0.6,65157,13967,2680,51190,736,3283,82,-1499
Toronto,SSP585,2040,0.01,0.01,0.6,0.2,0.2,130,0.25,0.4,0.4,5.46,6000,35000,3.6,0.4,1.25,1.25,0,0.6,0,0.6,61319,13967,2271,47352,681,2207,103,-2100
Toronto,SSP585,2040,0.05,0.01,0.6,0.2,0.2,130,0.25,0.7,0.4,6.46,2000,30000,3.6,0.35,1,1.25,6,0.7,6,0.6,65157,15337,2683,49820,716,2934,91,-1980
Toronto,SSP585,2040,0.01,0.05,0.6,0.2,0.2,130,0.25,0.7,0.1,5.46,8000,25000,3.6,0.4,1.5,1.25,0,0.7,8,0.6,65157,13967,1727,51190,736,2555,68,-1531
Toronto,SSP585,2040,0.05,0.05,0.6,0.2,0.2,130,0.25,0.2,0.2,5.46,8000,20000,3.6,0.3,1.25,0.75,0,0.7,4,0.6,65157,13967,2414,51190,736,3283,74,-1228
Toronto,SSP585,2045,0.01,0.01,0.6,0.2,0.2,130,0.25,0.7,0.5,5.46,2000,40000,3.6,0.4,1.5,0.5,8,0.7,0,0.6,65679,13967,2528,51713,744,2144,118,-2528
Toronto,SSP585,2045,0.05,0.01,0.6,0.2,0.2,130,0.25,0.6,0.6,5.46,2000,25000,3.6,0.15,0.5,1.25,8,0.7,10,0.6,65679,13967,2733,51713,744,2833,96,-1749
Toronto,SSP585,2045,0.01,0.05,0.6,0.2,0.2,130,0.21,0.1,0.2,5.46,6000,25000,3.6,0.35,1.5,1.25,6,0.7,0,0.6,65012,13811,1765,51202,736,2497,71,-1605
Toronto,SSP585,2045,0.05,0.05,0.6,0.2,0.2,130,0.25,0.3,0.5,5.46,10000,35000,3.6,0.3,0.75,1,8,0.7,2,0.6,65679,13967,3453,51713,744,3186,108,-2367
Toronto,SSP585,2045,0.01,0.01,0.6,0.2,0.2,130,0.25,0.2,0.4,5.46,6000,25000,3.6,0.3,0.75,0.75,0,0.7,10,0.6,65679,13967,1571,51713,744,2144,73,-1548
Toronto,SSP585,2045,0.05,0.01,0.6,0.2,0.2,130,0.25,0.4,0.2,5.46,8000,30000,4.1,0.1,0.5,1,0,0.7,2,0.6,65679,15337,2472,50343,723,2833,87,-1846
Toronto,SSP585,2045,0.01,0.05,0.6,0.2,0.2,130,0.25,0.2,0.2,5.46,4000,35000,3.6,0.35,0.75,1,10,0.7,4,0.6,65679,13967,2449,51713,744,2497,98,-2302
Toronto,SSP585,2045,0.05,0.05,0.6,0.2,0.2,130,0.25,0.7,0.4,5.96,0,30000,3.6,0.2,0.5,1.5,2,0.7,4,0.6,65679,14652,2808,51028,734,3186,88,-1857
Toronto,SSP585,2045,0.01,0.01,0.6,0.2,0.2,130,0.25,0.4,0.4,5.46,6000,30000,3.6,0.2,0.75,1,8,0.7,4,0.6,65679,13967,1986,51713,744,2144,93,-1974
Toronto,SSP585,2045,0.05,0.01,0.6,0.2,0.2,130,0.25,0.7,0.1,5.46,0,45000,3.6,0.25,0.75,1,10,0.7,0,0.6,65679,13967,3901,51713,744,2833,138,-2955
Toronto,SSP585,2045,0.01,0.05,0.6,0.2,0.2,130,0.25,0.3,0.1,5.46,8000,45000,3.6,0.4,0.5,1,10,0.7,8,0.6,65679,13967,3063,51713,744,2497,123,-2947
Toronto,SSP585,2045,0.05,0.05,0.6,0.2,0.2,130,0.25,0.7,0.5,5.46,0,35000,3.6,0.15,0.5,1,4,0.7,0,0.6,65679,13967,3301,51713,744,3186,104,-2194
Toronto,SSP585,2045,0.01,0.01,0.6,0.2,0.2,130,0.25,0.4,0.6,5.46,10000,20000,4.1,0.35,1.25,1,4,0.7,4,0.1,62592,5587,-81,57005,822,2144,-4,-1191
Toronto,SSP585,2045,0.05,0.01,0.6,0.2,0.2,130,0.09,0.5,0.6,5.96,10000,20000,3.6,0.2,0.25,1.5,0,0.7,10,0.6,63297,14028,2115,49270,708,2833,75,-1298
Toronto,SSP585,2045,0.01,0.05,0.6,0.2,0.2,130,0.25,0.4,0.5,5.96,0,30000,3.6,0.1,0.75,1.25,10,0.7,10,0.6,65679,14652,2005,51028,734,2497,80,-2007
Toronto,SSP585,2045,0.05,0.05,0.6,0.2,0.2,130,0.25,0.3,0.5,5.46,4000,25000,3.6,0.25,0.5,1,2,0.7,8,0.6,65679,13967,2723,51713,744,3186,85,-1603
Toronto,SSP585,2045,0.01,0.01,0.6,0.2,0.2,130,0.25,0.5,0.1,5.46,10000,20000,3.6,0.2,1,1.25,2,0.7,10,0.6,65679,13967,1320,51713,744,2144,62,-1294
Toronto,SSP585,2045,0.05,0.01,0.6,0.2,0.2,130,0.25,0.6,0.3,5.46,10000,20000,3.6,0.4,0.25,1.25,10,0.7,2,0.6,65679,13967,2532,51713,744,2833,89,-1554
Toronto,SSP585,2045,0.01,0.05,0.6,0.2,0.2,130,0.25,0.5,0.6,5.46,0,25000,3.6,0.4,0.75,1.25,8,0.7,8,0.6,65679,13967,1841,51713,744,2497,74,-1665
Toronto,SSP585,2045,0.05,0.05,0.6,0.2,0.2,130,0.25,0.1,0.2,5.46,0,20000,4.1,0.25,0.75,0.5,10,0.7,10,0.6,65679,15337,2311,50343,723,3186,73,-1507
Toronto,SSP585,2050,0.01,0.01,0.6,0.2,0.2,130,0.25,0.3,0.5,5.46,4000,50000,3.6,0.15,0.25,0.75,8,0.7,4,0.6,63250,13967,3131,49284,708,2268,138,-3167
Toronto,SSP585,2050,0.05,0.01,0.6,0.2,0.2,130,0.25,0.7,0.1,5.46,6000,20000,3.6,0.3,0.25,0.5,6,0.7,10,0.6,63250,13967,2428,49284,708,3044,80,-1434
Toronto,SSP585,2050,0.01,0.05,0.6,0.2,0.2,130,0.25,0.5,0.2,5.46,8000,35000,3.6,0.3,0.25,1.25,2,0.7,2,0.6,63250,13967,2315,49284,708,2599,89,-2194
Toronto,SSP585,2050,0.05,0.05,0.6,0.2,0.2,130,0.25,0.5,0.4,5.96,4000,20000,3.6,0.25,1.5,1.5,2,0.6,8,0.6,59840,14652,2455,45188,649,3375,73,-1287
Toronto,SSP585,2050,0.01,0.01,0.6,0.2,0.2,130,0.21,0.5,0.5,5.46,6000,25000,3.6,0.25,0.5,0.75,8,0.7,0,0.6,62614,13811,1688,48804,702,2268,74,-1677
Toronto,SSP585,2050,0.05,0.01,0.6,0.2,0.2,130,0.25,0.5,0.1,5.46,2000,30000,3.6,0.1,1,1.5,8,0.7,6,0.6,63250,13967,3016,49284,708,3044,99,-2034
Toronto,SSP585,2050,0.01,0.05,0.6,0.2,0.2,130,0.25,0.5,0.6,5.46,10000,30000,4.1,0.15,1.25,0.5,8,0.7,10,0.6,63250,15337,1792,47914,688,2599,69,-1999
Toronto,SSP585,2050,0.05,0.05,0.6,0.2,0.2,130,0.25,0.4,0.5,5.46,4000,40000,3.6,0.2,0.5,1.5,8,0.6,2,0.6,59840,13967,3956,45873,659,3375,117,-2663
Toronto,SSP585,2050,0.01,0.01,0.6,0.2,0.2,130,0.25,0.3,0.6,5.96,8000,30000,3.6,0.35,0.5,0.5,4,0.7,6,0.1,60118,4902,647,55217,796,2268,29,-1819
Toronto,SSP585,2050,0.05,0.01,0.6,0.2,0.2,130,0.25,0.5,0.3,5.46,8000,30000,3.6,0.4,1,1.5,8,0.7,8,0.6,63250,13967,3033,49284,708,3044,100,-2064
Toronto,SSP585,2050,0.01,0.05,0.6,0.2,0.2,130,0.25,0.5,0.6,5.46,2000,35000,3.6,0.4,1,1.25,4,0.7,8,0.6,63250,13967,2331,49284,708,2599,90,-2197
Toronto,SSP585,2050,0.05,0.05,0.6,0.2,0.2,130,0.25,0.5,0.6,5.46,4000,30000,3.6,0.15,0.25,0.75,10,0.7,10,0.6,63250,13967,3250,49284,708,3375,96,-2139
Toronto,SSP585,2050,0.01,0.01,0.6,0.2,0.2,130,0.25,0.2,0.4,5.46,0,20000,3.6,0.35,0.5,1,4,0.7,0,0.1,60118,4217,187,55902,807,2268,8,-1153
Toronto,SSP585,2050,0.05,0.01,0.6,0.2,0.2,130,0.21,0.1,0.1,5.46,4000,25000,3.6,0.25,1.25,0.5,6,0.7,4,0.6,62614,13811,2668,48804,702,3044,88,-1679
Toronto,SSP585,2050,0.01,0.05,0.6,0.2,0.2,130,0.25,0.5,0.1,5.46,8000,35000,3.6,0.35,1,0.5,8,0.7,8,0.6,63250,13967,2417,49284,708,2599,93,-2295
Toronto,SSP585,2050,0.05,0.05,0.6,0.2,0.2,130,0.21,0.7,0.2,5.46,10000,45000,3.6,0.1,1.5,1,6,0.5,10,0.6,55077,13811,4365,41267,593,3375,129,-2926
Toronto,SSP585,2050,0.01,0.01,0.6,0.2,0.2,130,0.25,0.1,0.4,5.46,8000,20000,4.1,0.15,0.75,1,0,0.7,8,0.6,63250,15337,939,47914,688,2268,41,-1255
Toronto,SSP585,2050,0.05,0.01,0.6,0.2,0.2,130,0.25,0.2,0.1,5.46,0,45000,3.6,0.4,1.25,1.25,0,0.7,10,0.6,63250,13967,3658,49284,708,3044,120,-2704
Toronto,SSP585,2050,0.01,0.05,0.6,0.2,0.2,130,0.05,0.7,0.5,5.46,4000,35000,3.6,0.25,1.25,1.25,0,0.7,10,0.6,60550,13187,2241,47363,681,2599,86,-2132
Toronto,SSP585,2050,0.05,0.05,0.6,0.2,0.2,130,0.25,0.7,0.1,5.46,4000,20000,3.6,0.2,0.75,1,4,0.6,6,0.6,59840,13967,2693,45873,659,3375,80,-1358
Vancouver,SSP126,2025,0.01,0.01,0.6,0.2,0.2,130,0.25,0.4,0.5,4.41,4000,50000,3.18,0.35,0.5,0.75,10,0.7,6,0.1,69192,5772,2950,63421,915,2617,113,-2996
Vancouver,SSP126,2025,0.05,0.01,0.6,0.2,0.2,130,0.25,0.1,0.4,4.91,0,20000,3.18,0.2,0.75,0.75,2,0.7,0,0.1,69192,6457,748,62736,905,2861,26,-1174
Vancouver,SSP126,2025,0.01,0.05,0.6,0.2,0.2,130,0.25,0.1,0.3,4.41,0,40000,3.18,0.4,0.5,1,0,0.7,10,0.1,69192,5772,2882,63421,915,3664,79,-2497
Vancouver,SSP126,2025,0.05,0.05,0.6,0.2,0.2,130,0.21,0.3,0.2,4.41,4000,25000,3.18,0.4,0.5,1.5,10,0.7,10,0.1,68606,5616,1663,62991,909,3908,43,-1549
Vancouver,SSP126,2025,0.01,0.01,0.6,0.2,0.2,130,0.25,0.2,0.3,4.41,10000,40000,3.18,0.1,1.25,1.25,10,0.7,8,0.1,69192,5772,2378,63421,915,2617,91,-2415
Vancouver,SSP126,2025,0.05,0.01,0.6,0.2,0.2,130,0.05,0.3,0.3,4.41,4000,45000,3.18,0.1,1,0.5,6,0.7,8,0.1,66639,4992,2361,61648,889,2861,83,-2706
Vancouver,SSP126,2025,0.01,0.05,0.6,0.2,0.2,130,0.13,0.5,0.3,4.41,8000,30000,3.68,0.15,1.5,0.75,8,0.7,2,0.1,67515,6674,1798,60841,877,3664,49,-1777
Vancouver,SSP126,2025,0.05,0.05,0.6,0.2,0.2,130,0.25,0.7,0.1,4.41,8000,30000,3.18,0.3,1.5,1.25,6,0.7,0,0.1,69192,5772,1851,63421,915,3908,47,-1747
Vancouver,SSP126,2025,0.01,0.01,0.6,0.2,0.2,130,0.25,0.5,0.3,4.41,4000,50000,3.18,0.15,1,0.75,10,0.7,2,0.1,69192,5772,2908,63421,915,2617,111,-2954
Vancouver,SSP126,2025,0.05,0.01,0.6,0.2,0.2,130,0.25,0.5,0.2,4.41,10000,40000,3.68,0.35,1,1,6,0.7,10,0.2,69473,9092,1699,60382,870,2861,59,-2464
Vancouver,SSP126,2025,0.01,0.05,0.6,0.2,0.2,130,0.25,0.1,0.1,4.91,0,20000,3.18,0.1,1,1.25,4,0.7,2,0.1,69192,6457,1451,62736,905,3664,40,-1192
Vancouver,SSP126,2025,0.05,0.05,0.6,0.2,0.2,130,0.25,0.6,0.6,4.41,10000,45000,3.18,0.25,1.25,1,10,0.7,0,0.1,69192,5772,2692,63421,915,3908,69,-2624
Vancouver,SSP126,2025,0.01,0.01,0.6,0.2,0.2,130,0.13,0.5,0.3,4.91,2000,40000,3.18,0.1,0.25,1.5,8,0.7,4,0.1,67515,5989,2174,61526,887,2617,83,-2385
Vancouver,SSP126,2025,0.05,0.01,0.6,0.2,0.2,130,0.25,0.3,0.2,4.41,8000,25000,3.18,0.2,0.75,1,10,0.7,2,0.1,69192,5772,1179,63421,915,2861,41,-1465
Vancouver,SSP126,2025,0.01,0.05,0.6,0.2,0.2,130,0.25,0.1,0.4,4.41,6000,25000,3.18,0.4,1.25,1.25,2,0.7,2,0.1,69192,5772,1920,63421,915,3664,52,-1517
Vancouver,SSP126,2025,0.05,0.05,0.6,0.2,0.2,130,0.25,0.5,0.6,4.41,4000,40000,3.18,0.4,0.5,0.75,4,0.7,4,0.1,69192,5772,2513,63421,915,3908,64,-2422
Vancouver,SSP126,2025,0.01,0.01,0.6,0.2,0.2,130,0.25,0.1,0.6,4.41,0,40000,3.18,0.3,0.75,1.25,2,0.7,0,0.1,69192,5772,2354,63421,915,2617,90,-2370
Vancouver,SSP126,2025,0.05,0.01,0.6,0.2,0.2,130,0.21,0.6,0.4,4.41,0,20000,3.18,0.4,1.25,0.5,10,0.7,0,0.1,68606,5616,844,62991,909,2861,30,-1109
Vancouver,SSP126,2025,0.01,0.05,0.6,0.2,0.2,130,0.25,0.7,0.3,4.41,4000,50000,3.18,0.4,0.5,0.75,10,0.7,4,0.1,69192,5772,3351,63421,915,3664,91,-2997
Vancouver,SSP126,2025,0.05,0.05,0.6,0.2,0.2,130,0.17,0.5,0.1,4.41,0,40000,3.18,0.2,1.25,0.75,6,0.7,6,0.1,68045,5460,2483,62585,903,3908,64,-2401
Vancouver,SSP126,2030,0.01,0.01,0.6,0.2,0.2,130,0.25,0.6,0.3,4.41,10000,50000,3.68,0.25,1.25,0.5,2,0.7,10,0.1,58372,7142,2492,51230,738,2272,110,-3059
Vancouver,SSP126,2030,0.05,0.01,0.6,0.2,0.2,130,0.25,0.4,0.6,4.41,4000,35000,3.18,0.15,1,1.5,0,0.7,2,0.1,58372,5772,1694,52600,758,2509,68,-2113
Vancouver,SSP126,2030,0.01,0.05,0.6,0.2,0.2,130,0.25,0.4,0.4,4.41,4000,50000,3.18,0.4,0.75,0.75,0,0.7,10,0.1,58372,5772,3214,52600,758,3145,102,-3096
Vancouver,SSP126,2030,0.05,0.05,0.6,0.2,0.2,130,0.25,0.2,0.6,4.41,2000,25000,3.18,0.15,1,1.25,10,0.6,0,0.1,55625,5772,1352,49853,719,3382,40,-1435
Vancouver,SSP126,2030,0.01,0.01,0.6,0.2,0.2,130,0.21,0.2,0.4,4.41,0,20000,3.18,0.35,0.25,0.5,6,0.7,8,0.1,57822,5616,1059,52207,753,2272,47,-1215
Vancouver,SSP126,2030,0.05,0.01,0.6,0.2,0.2,130,0.25,0.1,0.5,4.91,6000,35000,3.18,0.15,1.5,0.75,10,0.7,4,0.1,58372,6457,1459,51915,748,2509,58,-2050
Vancouver,SSP126,2030,0.01,0.05,0.6,0.2,0.2,130,0.17,0.7,0.5,4.41,6000,35000,3.18,0.3,1.5,1.5,10,0.7,8,0.1,57303,5460,2249,51843,748,3145,71,-2125
Vancouver,SSP126,2030,0.05,0.05,0.6,0.2,0.2,130,0.25,0.6,0.2,4.41,2000,35000,3.18,0.25,1.5,1.5,4,0.7,4,0.1,58372,5772,2022,52600,758,3382,60,-2099
Vancouver,SSP126,2030,0.01,0.01,0.6,0.2,0.2,130,0.25,0.4,0.4,4.41,6000,40000,3.18,0.35,1.5,0.5,4,0.7,6,0.1,58372,5772,2207,52600,758,2272,97,-2410
Vancouver,SSP126,2030,0.05,0.01,0.6,0.2,0.2,130,0.25,0.3,0.2,4.41,0,30000,3.18,0.25,0.75,1.5,0,0.6,8,0.1,55625,5772,1423,49853,719,2509,57,-1835
Vancouver,SSP126,2030,0.01,0.05,0.6,0.2,0.2,130,0.25,0.2,0.6,4.41,6000,25000,3.18,0.4,1.5,0.75,6,0.7,4,0.1,58372,5772,1676,52600,758,3145,53,-1509
Vancouver,SSP126,2030,0.05,0.05,0.6,0.2,0.2,130,0.25,0.2,0.2,4.41,6000,20000,3.18,0.15,1.25,1,6,0.7,4,0.2,58643,7722,1050,50921,734,3382,31,-1221
Vancouver,SSP126,2030,0.01,0.01,0.6,0.2,0.2,130,0.25,0.1,0.3,4.41,0,35000,3.18,0.25,0.5,0.5,2,0.7,0,0.1,58372,5772,1895,52600,758,2272,83,-2075
Vancouver,SSP126,2030,0.05,0.01,0.6,0.2,0.2,130,0.25,0.1,0.2,4.41,0,40000,3.18,0.1,1,1.25,0,0.7,4,0.1,58372,5772,1986,52600,758,2509,79,-2407
Vancouver,SSP126,2030,0.01,0.05,0.6,0.2,0.2,130,0.25,0.7,0.5,4.41,0,30000,3.18,0.15,1,0.75,10,0.6,4,0.1,55625,5772,1904,49853,719,3145,61,-1783
Vancouver,SSP126,2030,0.05,0.05,0.6,0.2,0.2,130,0.05,0.7,0.3,4.41,6000,20000,3.18,0.1,1,1.25,10,0.7,4,0.2,56442,6942,1005,49500,713,3382,30,-1212
Vancouver,SSP126,2030,0.01,0.01,0.6,0.2,0.2,130,0.25,0.1,0.1,4.41,2000,45000,3.18,0.35,1.25,1,6,0.7,6,0.1,58372,5772,2492,52600,758,2272,110,-2697
Vancouver,SSP126,2030,0.05,0.01,0.6,0.2,0.2,130,0.21,0.5,0.1,4.41,6000,30000,3.18,0.2,1.5,1.5,10,0.7,10,0.1,57822,5616,1371,52207,753,2509,55,-1791
Vancouver,SSP126,2030,0.01,0.05,0.6,0.2,0.2,130,0.25,0.6,0.6,4.41,6000,20000,3.18,0.4,1.25,1.5,10,0.7,8,0.1,58372,5772,1419,52600,758,3145,45,-1241
Vancouver,SSP126,2030,0.05,0.05,0.6,0.2,0.2,130,0.25,0.1,0.1,4.41,8000,50000,3.18,0.2,1.5,0.75,8,0.7,6,0.1,58372,5772,2871,52600,758,3382,85,-2992
Vancouver,SSP126,2035,0.01,0.01,0.6,0.2,0.2,130,0.25,0.5,0.4,4.41,0,25000,3.18,0.4,0.25,1.25,10,0.7,0,0.1,58519,5772,1228,52747,761,2286,54,-1439
Vancouver,SSP126,2035,0.05,0.01,0.6,0.2,0.2,130,0.25,0.4,0.5,4.41,10000,50000,3.18,0.1,1.5,1,10,0.6,4,0.1,55858,5772,2413,50086,722,2535,95,-2946
Vancouver,SSP126,2035,0.01,0.05,0.6,0.2,0.2,130,0.25,0.6,0.5,4.41,4000,35000,3.18,0.1,1,0.5,2,0.7,0,0.1,58519,5772,2189,52747,761,3155,69,-2090
Vancouver,SSP126,2035,0.05,0.05,0.6,0.2,0.2,130,0.25,0.7,0.2,4.41,0,25000,3.18,0.15,1.25,1,4,0.7,2,0.1,58519,5772,1345,52747,761,3404,40,-1478
Vancouver,SSP126,2035,0.01,0.01,0.6,0.2,0.2,130,0.21,0.4,0.4,4.41,8000,20000,3.18,0.1,0.75,1,0,0.7,2,0.1,58026,5616,1024,52410,756,2286,45,-1247
Vancouver,SSP126,2035,0.05,0.01,0.6,0.2,0.2,130,0.25,0.6,0.3,4.41,2000,20000,3.18,0.2,0.75,1,2,0.7,0,0.1,58519,5772,721,52747,761,2535,28,-1187
Vancouver,SSP126,2035,0.01,0.05,0.6,0.2,0.2,130,0.25,0.4,0.3,4.41,2000,35000,3.18,0.25,0.5,0.5,4,0.7,6,0.1,58519,5772,2239,52747,761,3155,71,-2136
Vancouver,SSP126,2035,0.05,0.05,0.6,0.2,0.2,130,0.25,0.1,0.3,4.41,0,25000,3.18,0.25,1,1.5,6,0.7,2,0.1,58519,5772,1329,52747,761,3404,39,-1463
Vancouver,SSP126,2035,0.01,0.01,0.6,0.2,0.2,130,0.25,0.5,0.6,4.41,2000,20000,3.18,0.1,1.5,1,8,0.7,4,0.1,58519,5772,975,52747,761,2286,43,-1179
Vancouver,SSP126,2035,0.05,0.01,0.6,0.2,0.2,130,0.21,0.7,0.3,4.41,0,20000,3.18,0.4,0.5,0.5,6,0.7,4,0.1,58026,5616,706,52410,756,2535,28,-1171
Vancouver,SSP126,2035,0.01,0.05,0.6,0.2,0.2,130,0.17,0.4,0.3,4.41,6000,35000,3.18,0.1,1.5,1,8,0.7,8,0.1,57554,5460,2207,52095,751,3155,70,-2130
Vancouver,SSP126,2035,0.05,0.05,0.6,0.2,0.2,130,0.25,0.5,0.3,4.41,10000,20000,3.18,0.35,0.75,1,4,0.7,8,0.1,58519,5772,1150,52747,761,3404,34,-1294
Vancouver,SSP126,2035,0.01,0.01,0.6,0.2,0.2,130,0.25,0.4,0.6,4.41,6000,40000,3.18,0.4,1.25,0.75,2,0.7,4,0.1,58519,5772,2158,52747,761,2286,94,-2413
Vancouver,SSP126,2035,0.05,0.01,0.6,0.2,0.2,130,0.25,0.7,0.2,4.41,10000,35000,3.18,0.2,0.25,1,0,0.7,6,0.1,58519,5772,1690,52747,761,2535,67,-2204
Vancouver,SSP126,2035,0.01,0.05,0.6,0.2,0.2,130,0.25,0.6,0.1,4.41,8000,20000,3.18,0.4,1,1.5,4,0.6,4,0.1,55858,5772,1334,50086,722,3155,42,-1243
Vancouver,SSP126,2035,0.05,0.05,0.6,0.2,0.2,130,0.25,0.1,0.1,4.41,4000,20000,3.18,0.25,1.25,1,2,0.7,8,0.1,58519,5772,1134,52747,761,3404,33,-1265
Vancouver,SSP126,2035,0.01,0.01,0.6,0.2,0.2,130,0.25,0.6,0.4,4.41,4000,35000,3.18,0.4,1,1,8,0.7,4,0.1,58519,5772,1845,52747,761,2286,81,-2086
Vancouver,SSP126,2035,0.05,0.01,0.6,0.2,0.2,130,0.13,0.1,0.5,4.41,10000,20000,3.18,0.15,0.25,1.5,8,0.7,10,0.1,57126,5304,783,51822,747,2535,31,-1276
Vancouver,SSP126,2035,0.01,0.05,0.6,0.2,0.2,130,0.25,0.2,0.4,4.41,0,20000,3.18,0.35,1.5,1.5,0,0.6,4,0.1,55858,5772,1336,50086,722,3155,42,-1228
Vancouver,SSP126,2035,0.05,0.05,0.6,0.2,0.2,130,0.25,0.4,0.2,4.41,8000,35000,3.18,0.4,0.25,1.5,8,0.7,2,0.1,58519,5772,1937,52747,761,3404,57,-2108
Vancouver,SSP126,2040,0.01,0.01,0.6,0.2,0.2,130,0.25,0.3,0.3,4.41,0,20000,3.18,0.25,1.5,0.75,2,0.7,4,0.1,53745,5772,966,47974,692,2168,45,-1206
Vancouver,SSP126,2040,0.05,0.01,0.6,0.2,0.2,130,0.25,0.5,0.6,4.41,0,35000,3.18,0.25,0.25,1.5,2,0.7,4,0.1,53745,5772,1606,47974,692,2415,66,-2095
Vancouver,SSP126,2040,0.01,0.05,0.6,0.2,0.2,130,0.25,0.4,0.6,4.41,8000,40000,3.18,0.3,1.25,0.75,4,0.7,2,0.1,53745,5772,2417,47974,692,2976,81,-2404
Vancouver,SSP126,2040,0.05,0.05,0.6,0.2,0.2,130,0.25,0.4,0.6,4.41,4000,20000,3.18,0.35,0.5,0.75,0,0.7,0,0.1,53745,5772,1063,47974,692,3223,33,-1218
Vancouver,SSP126,2040,0.01,0.01,0.6,0.2,0.2,130,0.25,0.4,0.2,4.41,2000,40000,3.18,0.2,1,1,8,0.7,10,0.1,53745,5772,2129,47974,692,2168,98,-2416
Vancouver,SSP126,2040,0.05,0.01,0.6,0.2,0.2,130,0.25,0.2,0.6,4.41,2000,20000,3.18,0.1,1.5,1.5,10,0.7,10,0.1,53745,5772,728,47974,692,2415,30,-1189
Vancouver,SSP126,2040,0.01,0.05,0.6,0.2,0.2,130,0.21,0.1,0.4,4.41,10000,40000,3.18,0.2,0.75,0.75,8,0.7,8,0.1,53255,5616,2474,47639,687,2976,83,-2475
Vancouver,SSP126,2040,0.05,0.05,0.6,0.2,0.2,130,0.21,0.1,0.5,4.41,2000,20000,3.18,0.3,1.5,1.5,6,0.7,8,0.1,53255,5616,1070,47639,687,3223,33,-1227
Vancouver,SSP126,2040,0.01,0.01,0.6,0.2,0.2,130,0.25,0.6,0.2,4.41,2000,50000,3.68,0.2,0.75,1.5,6,0.7,0,0.1,53745,7142,2321,46604,671,2168,107,-2963
Vancouver,SSP126,2040,0.05,0.01,0.6,0.2,0.2,130,0.25,0.4,0.1,4.41,0,25000,3.18,0.3,1,0.5,10,0.7,10,0.1,53745,5772,1016,47974,692,2415,42,-1484
Vancouver,SSP126,2040,0.01,0.05,0.6,0.2,0.2,130,0.25,0.3,0.3,4.41,0,25000,3.18,0.4,1.25,0.5,2,0.6,4,0.1,51297,5772,1544,45526,656,2976,52,-1515
Vancouver,SSP126,2040,0.05,0.05,0.6,0.2,0.2,130,0.25,0.1,0.4,4.41,6000,20000,3.18,0.3,0.5,1.25,4,0.7,0,0.1,53745,5772,1048,47974,692,3223,33,-1207
Vancouver,SSP126,2040,0.01,0.01,0.6,0.2,0.2,130,0.25,0.4,0.5,4.41,0,25000,3.18,0.15,1.25,0.75,4,0.7,6,0.1,53745,5772,1257,47974,692,2168,58,-1507
Vancouver,SSP126,2040,0.05,0.01,0.6,0.2,0.2,130,0.25,0.4,0.3,4.41,2000,30000,3.18,0.4,0.5,0.75,6,0.7,4,0.1,53745,5772,1303,47974,692,2415,54,-1785
Vancouver,SSP126,2040,0.01,0.05,0.6,0.2,0.2,130,0.25,0.4,0.3,4.41,0,50000,3.18,0.4,1,1.25,8,0.7,6,0.1,53745,5772,3006,47974,692,2976,101,-2998
Vancouver,SSP126,2040,0.05,0.05,0.6,0.2,0.2,130,0.25,0.6,0.2,4.41,0,40000,3.18,0.1,0.5,0.75,4,0.7,2,0.1,53745,5772,2186,47974,692,3223,68,-2374
Vancouver,SSP126,2040,0.01,0.01,0.6,0.2,0.2,130,0.25,0.4,0.5,4.41,8000,50000,3.18,0.1,1,1,6,0.7,6,0.1,53745,5772,2700,47974,692,2168,125,-3020
Vancouver,SSP126,2040,0.05,0.01,0.6,0.2,0.2,130,0.25,0.6,0.5,4.41,4000,20000,3.18,0.4,1.5,0.75,8,0.7,0,0.1,53745,5772,680,47974,692,2415,28,-1145
Vancouver,SSP126,2040,0.01,0.05,0.6,0.2,0.2,130,0.25,0.4,0.1,4.41,4000,30000,3.18,0.3,0.25,1.5,2,0.7,8,0.1,53745,5772,1924,47974,692,2976,65,-1883
Vancouver,SSP126,2040,0.05,0.05,0.6,0.2,0.2,130,0.25,0.1,0.2,4.41,0,25000,3.18,0.25,0.25,1.5,6,0.7,6,0.1,53745,5772,1348,47974,692,3223,42,-1505
Vancouver,SSP126,2045,0.01,0.01,0.6,0.2,0.2,130,0.25,0.4,0.5,4.41,2000,30000,3.18,0.25,1.5,1.5,10,0.6,4,0.1,57423,5772,1592,51651,745,2311,69,-1772
Vancouver,SSP126,2045,0.05,0.01,0.6,0.2,0.2,130,0.25,0.6,0.2,4.41,6000,35000,3.18,0.1,0.5,1.25,10,0.7,4,0.1,60152,5772,1671,54381,784,2551,66,-2081
Vancouver,SSP126,2045,0.01,0.05,0.6,0.2,0.2,130,0.25,0.2,0.6,4.41,0,30000,3.18,0.1,0.75,1,2,0.7,6,0.1,60152,5772,2041,54381,784,3201,64,-1837
Vancouver,SSP126,2045,0.05,0.05,0.6,0.2,0.2,130,0.25,0.7,0.1,4.41,10000,35000,3.18,0.3,0.5,1.25,8,0.7,0,0.1,60152,5772,2026,54381,784,3441,59,-2096
Vancouver,SSP126,2045,0.01,0.01,0.6,0.2,0.2,130,0.25,0.3,0.6,4.91,8000,20000,3.18,0.15,1.25,0.75,10,0.7,10,0.1,60152,6457,925,53696,774,2311,40,-1232
Vancouver,SSP126,2045,0.05,0.01,0.6,0.2,0.2,130,0.25,0.2,0.4,4.41,4000,20000,3.18,0.3,0.25,1,10,0.7,10,0.1,60152,5772,846,54381,784,2551,33,-1219
Vancouver,SSP126,2045,0.01,0.05,0.6,0.2,0.2,130,0.25,0.4,0.6,4.41,6000,40000,3.18,0.35,1,0.75,2,0.7,4,0.1,60152,5772,2607,54381,784,3201,81,-2437
Vancouver,SSP126,2045,0.05,0.05,0.6,0.2,0.2,130,0.25,0.6,0.4,4.91,8000,35000,3.18,0.3,1,1,0,0.7,2,0.1,60152,6457,1904,53696,774,3441,55,-2137
Vancouver,SSP126,2045,0.01,0.01,0.6,0.2,0.2,130,0.25,0.7,0.2,4.41,10000,25000,3.18,0.25,1.5,1.5,4,0.7,2,0.1,60152,5772,1341,54381,784,2311,58,-1496
Vancouver,SSP126,2045,0.05,0.01,0.6,0.2,0.2,130,0.25,0.4,0.2,4.41,2000,30000,3.18,0.1,0.75,0.75,2,0.7,2,0.1,60152,5772,1405,54381,784,2551,55,-1796
Vancouver,SSP126,2045,0.01,0.05,0.6,0.2,0.2,130,0.21,0.6,0.1,4.41,6000,35000,3.18,0.3,0.25,1.25,4,0.7,4,0.1,59601,5616,2324,53985,778,3201,73,-2155
Vancouver,SSP126,2045,0.05,0.05,0.6,0.2,0.2,130,0.25,0.7,0.1,4.41,2000,45000,3.18,0.15,1.5,1.5,8,0.7,6,0.1,60152,5772,2612,54381,784,3441,76,-2686
Vancouver,SSP126,2045,0.01,0.01,0.6,0.2,0.2,130,0.17,0.6,0.5,4.41,6000,50000,3.18,0.35,1,1.25,6,0.7,8,0.1,59074,5460,2811,53614,773,2311,122,-3026
Vancouver,SSP126,2045,0.05,0.01,0.6,0.2,0.2,130,0.25,0.7,0.3,4.41,10000,35000,3.18,0.25,0.5,1,2,0.7,4,0.1,60152,5772,1746,54381,784,2551,68,-2165
Vancouver,SSP126,2045,0.01,0.05,0.6,0.2,0.2,130,0.25,0.5,0.1,4.41,6000,45000,3.18,0.4,1.25,1,10,0.7,2,0.1,60152,5772,2829,54381,784,3201,88,-2670
Vancouver,SSP126,2045,0.05,0.05,0.6,0.2,0.2,130,0.25,0.5,0.5,4.41,6000,40000,3.18,0.35,0.25,1.5,8,0.7,4,0.1,60152,5772,2343,54381,784,3441,68,-2415
Vancouver,SSP126,2045,0.01,0.01,0.6,0.2,0.2,130,0.25,0.2,0.2,4.41,10000,50000,3.18,0.1,1.25,1.25,0,0.7,2,0.1,60152,5772,2809,54381,784,2311,122,-3017
Vancouver,SSP126,2045,0.05,0.01,0.6,0.2,0.2,130,0.21,0.7,0.1,4.41,0,30000,3.18,0.3,0.5,0.75,4,0.7,4,0.1,59601,5616,1391,53985,778,2551,55,-1784
Vancouver,SSP126,2045,0.01,0.05,0.6,0.2,0.2,130,0.25,0.2,0.1,4.41,4000,35000,3.18,0.3,0.25,0.5,10,0.7,2,0.2,60415,7722,2085,52694,759,3201,65,-2106
Vancouver,SSP126,2045,0.05,0.05,0.6,0.2,0.2,130,0.25,0.4,0.4,4.41,8000,40000,3.18,0.1,1.25,1.5,2,0.6,6,0.1,57423,5772,2345,51651,745,3441,68,-2448
Vancouver,SSP126,2050,0.01,0.01,0.6,0.2,0.2,130,0.25,0.3,0.2,4.41,0,30000,3.18,0.4,0.75,1,0,0.7,2,0.1,59879,5772,1648,54107,780,2300,72,-1799
Vancouver,SSP126,2050,0.05,0.01,0.6,0.2,0.2,130,0.25,0.2,0.4,4.41,0,45000,3.18,0.25,1,1.25,10,0.7,0,0.1,59879,5772,2185,54107,780,2544,86,-2609
Vancouver,SSP126,2050,0.01,0.05,0.6,0.2,0.2,130,0.25,0.5,0.4,4.41,8000,20000,3.18,0.4,1.5,0.75,10,0.7,4,0.1,59879,5772,1395,54107,780,3180,44,-1195
Vancouver,SSP126,2050,0.05,0.05,0.6,0.2,0.2,130,0.25,0.4,0.1,4.41,0,35000,3.18,0.1,0.75,0.75,4,0.7,8,0.1,59879,5772,2079,54107,780,3425,61,-2136
Vancouver,SSP126,2050,0.01,0.01,0.6,0.2,0.2,130,0.25,0.4,0.1,4.41,2000,30000,3.18,0.3,0.75,1.5,6,0.7,10,0.1,59879,5772,1680,54107,780,2300,73,-1835
Vancouver,SSP126,2050,0.05,0.01,0.6,0.2,0.2,130,0.25,0.6,0.4,4.41,6000,20000,3.18,0.25,0.5,1,0,0.7,6,0.1,59879,5772,887,54107,780,2544,35,-1271
Vancouver,SSP126,2050,0.01,0.05,0.6,0.2,0.2,130,0.25,0.2,0.2,4.41,0,40000,3.18,0.2,1.25,1.25,0,0.7,0,0.1,59879,5772,2556,54107,780,3180,80,-2381
Vancouver,SSP126,2050,0.05,0.05,0.6,0.2,0.2,130,0.21,0.1,0.3,4.41,0,20000,3.18,0.1,0.75,1,4,0.7,10,0.1,59371,5616,1230,53755,775,3425,36,-1262
Vancouver,SSP126,2050,0.01,0.01,0.6,0.2,0.2,130,0.25,0.6,0.4,4.41,4000,30000,3.18,0.35,0.75,1,10,0.7,2,0.1,59879,5772,1616,54107,780,2300,70,-1775
Vancouver,SSP126,2050,0.05,0.01,0.6,0.2,0.2,130,0.25,0.1,0.5,4.41,0,45000,3.18,0.2,1.5,0.75,4,0.7,8,0.1,59879,5772,2279,54107,780,2544,90,-2704
Vancouver,SSP126,2050,0.01,0.05,0.6,0.2,0.2,130,0.25,0.5,0.1,4.41,10000,25000,3.18,0.3,0.5,1.5,4,0.6,10,0.1,56803,5772,1769,51031,736,3180,56,-1636
Vancouver,SSP126,2050,0.05,0.05,0.6,0.2,0.2,130,0.25,0.7,0.1,4.41,2000,30000,3.18,0.15,1,1.25,0,0.7,2,0.1,59879,5772,1764,54107,780,3425,52,-1814
Vancouver,SSP126,2050,0.01,0.01,0.6,0.2,0.2,130,0.25,0.7,0.2,4.41,0,50000,3.18,0.35,1.5,1.5,0,0.7,8,0.1,59879,5772,2836,54107,780,2300,123,-3029
Vancouver,SSP126,2050,0.05,0.01,0.6,0.2,0.2,130,0.17,0.6,0.3,4.41,0,40000,3.18,0.15,1,0.5,4,0.7,2,0.1,58887,5460,1943,53428,770,2544,76,-2367
Vancouver,SSP126,2050,0.01,0.05,0.6,0.2,0.2,130,0.25,0.5,0.2,4.41,4000,35000,3.18,0.3,1.25,1.5,2,0.7,4,0.1,59879,5772,2302,54107,780,3180,72,-2125
Vancouver,SSP126,2050,0.05,0.05,0.6,0.2,0.2,130,0.25,0.6,0.1,4.41,10000,35000,3.18,0.2,0.5,1,6,0.7,2,0.1,59879,5772,2053,54107,780,3425,60,-2130
Vancouver,SSP126,2050,0.01,0.01,0.6,0.2,0.2,130,0.25,0.1,0.3,4.41,4000,35000,3.18,0.25,0.25,0.5,8,0.7,2,0.1,59879,5772,1923,54107,780,2300,84,-2093
Vancouver,SSP126,2050,0.05,0.01,0.6,0.2,0.2,130,0.25,0.3,0.1,4.41,8000,25000,3.68,0.15,0.5,1,4,0.7,8,0.1,59879,7142,834,52737,760,2544,33,-1568
Vancouver,SSP126,2050,0.01,0.05,0.6,0.2,0.2,130,0.25,0.1,0.4,4.41,4000,25000,3.18,0.15,1.25,1.25,0,0.6,6,0.1,56803,5772,1702,51031,736,3180,54,-1556
Vancouver,SSP126,2050,0.05,0.05,0.6,0.2,0.2,130,0.25,0.5,0.1,4.41,2000,25000,3.18,0.35,0.75,1.25,4,0.7,4,0.1,59879,5772,1472,54107,780,3425,43,-1511
Vancouver,SSP245,2025,0.01,0.01,0.6,0.2,0.2,130,0.21,0.3,0.5,4.41,6000,30000,3.18,0.3,0.5,0.5,2,0.7,8,0.1,65545,5616,1804,59929,864,2523,72,-1874
Vancouver,SSP245,2025,0.05,0.01,0.6,0.2,0.2,130,0.25,0.2,0.2,4.41,8000,30000,3.18,0.4,0.75,0.75,4,0.6,8,0.2,62916,7722,1384,55194,795,2765,50,-1866
Vancouver,SSP245,2025,0.01,0.05,0.6,0.2,0.2,130,0.25,0.6,0.2,4.41,8000,20000,3.18,0.4,0.75,0.75,10,0.7,10,0.1,66159,5772,1632,60387,871,3523,46,-1294
Vancouver,SSP245,2025,0.05,0.05,0.6,0.2,0.2,130,0.25,0.3,0.4,4.41,0,20000,3.18,0.25,0.5,0.75,2,0.7,6,0.1,66159,5772,1324,60387,871,3765,35,-1241
Vancouver,SSP245,2025,0.01,0.01,0.6,0.2,0.2,130,0.25,0.2,0.2,4.41,0,40000,3.68,0.3,0.5,0.75,10,0.7,2,0.1,66159,7142,1939,59017,851,2523,77,-2344
Vancouver,SSP245,2025,0.05,0.01,0.6,0.2,0.2,130,0.21,0.7,0.3,4.41,4000,35000,3.18,0.1,1.25,0.75,6,0.7,6,0.1,65545,5616,1744,59929,864,2765,63,-2091
Vancouver,SSP245,2025,0.01,0.05,0.6,0.2,0.2,130,0.25,0.6,0.3,4.41,0,40000,3.68,0.25,1.5,1.25,2,0.7,10,0.1,66159,7142,2460,59017,851,3523,70,-2482
Vancouver,SSP245,2025,0.05,0.05,0.6,0.2,0.2,130,0.25,0.1,0.2,4.41,4000,30000,3.18,0.2,0.25,0.5,10,0.7,6,0.1,66159,5772,1860,60387,871,3765,49,-1806
Vancouver,SSP245,2025,0.01,0.01,0.6,0.2,0.2,130,0.25,0.5,0.5,4.41,0,40000,3.18,0.25,1,1.25,0,0.7,6,0.1,66159,5772,2355,60387,871,2523,93,-2425
Vancouver,SSP245,2025,0.05,0.01,0.6,0.2,0.2,130,0.25,0.4,0.5,4.41,2000,20000,3.18,0.35,1.5,0.75,8,0.7,0,0.1,66159,5772,826,60387,871,2765,30,-1130
Vancouver,SSP245,2025,0.01,0.05,0.6,0.2,0.2,130,0.25,0.3,0.3,4.41,0,25000,3.18,0.15,1.25,0.75,4,0.7,2,0.1,66159,5772,1834,60387,871,3523,52,-1490
Vancouver,SSP245,2025,0.05,0.05,0.6,0.2,0.2,130,0.25,0.6,0.1,4.41,2000,20000,3.18,0.15,1,1.5,2,0.6,6,0.2,62916,7722,1167,55194,795,3765,31,-1252
Vancouver,SSP245,2025,0.01,0.01,0.6,0.2,0.2,130,0.25,0.3,0.6,4.91,4000,30000,3.18,0.25,1.25,0.5,0,0.7,8,0.1,66159,6457,1630,59702,861,2523,65,-1855
Vancouver,SSP245,2025,0.05,0.01,0.6,0.2,0.2,130,0.25,0.7,0.6,4.41,2000,25000,3.18,0.15,0.5,0.5,2,0.7,8,0.1,66159,5772,1229,60387,871,2765,44,-1544
Vancouver,SSP245,2025,0.01,0.05,0.6,0.2,0.2,130,0.25,0.6,0.5,4.91,0,35000,3.18,0.1,0.25,1.5,10,0.7,10,0.1,66159,6457,2299,59702,861,3523,65,-2143
Vancouver,SSP245,2025,0.05,0.05,0.6,0.2,0.2,130,0.25,0.7,0.3,4.41,6000,45000,3.18,0.2,0.5,0.75,6,0.7,2,0.1,66159,5772,2712,60387,871,3765,72,-2695
Vancouver,SSP245,2025,0.01,0.01,0.6,0.2,0.2,130,0.25,0.2,0.5,4.41,6000,25000,3.18,0.35,0.5,1.25,2,0.7,10,0.1,66159,5772,1541,60387,871,2523,61,-1592
Vancouver,SSP245,2025,0.05,0.01,0.6,0.2,0.2,130,0.25,0.5,0.5,4.41,0,20000,3.18,0.4,1.5,1.25,2,0.7,8,0.1,66159,5772,933,60387,871,2765,34,-1233
Vancouver,SSP245,2025,0.01,0.05,0.6,0.2,0.2,130,0.25,0.3,0.1,4.41,4000,50000,3.18,0.3,1,1.25,8,0.7,2,0.1,66159,5772,3257,60387,871,3523,92,-2974
Vancouver,SSP245,2025,0.05,0.05,0.6,0.2,0.2,130,0.25,0.6,0.3,4.41,2000,35000,3.18,0.15,1.25,1,6,0.7,2,0.1,66159,5772,2111,60387,871,3765,56,-2064
Vancouver,SSP245,2030,0.01,0.01,0.6,0.2,0.2,130,0.25,0.6,0.3,4.91,0,20000,3.18,0.3,0.75,1.5,0,0.7,4,0.1,57637,6457,860,51180,738,2258,38,-1216
Vancouver,SSP245,2030,0.05,0.01,0.6,0.2,0.2,130,0.25,0.4,0.5,4.41,8000,45000,3.18,0.15,0.75,0.5,2,0.7,6,0.1,57637,5772,2245,51865,748,2511,89,-2747
Vancouver,SSP245,2030,0.01,0.05,0.6,0.2,0.2,130,0.09,0.2,0.2,4.41,0,30000,3.18,0.2,0.75,1.5,10,0.7,4,0.1,55860,5148,1872,50712,731,3108,60,-1779
Vancouver,SSP245,2030,0.05,0.05,0.6,0.2,0.2,130,0.25,0.2,0.4,4.41,8000,50000,3.18,0.1,1,0.75,0,0.7,4,0.1,57637,5772,2870,51865,748,3361,85,-3048
Vancouver,SSP245,2030,0.01,0.01,0.6,0.2,0.2,130,0.25,0.7,0.2,4.91,4000,20000,3.18,0.1,1,1.5,0,0.6,6,0.1,54929,6457,857,48472,699,2258,38,-1243
Vancouver,SSP245,2030,0.05,0.01,0.6,0.2,0.2,130,0.25,0.3,0.2,4.41,4000,30000,3.18,0.2,1,0.75,4,0.6,2,0.1,54929,5772,1332,49157,709,2511,53,-1789
Vancouver,SSP245,2030,0.01,0.05,0.6,0.2,0.2,130,0.25,0.5,0.5,4.41,4000,20000,3.18,0.4,1.25,1.5,6,0.7,2,0.1,57637,5772,1330,51865,748,3108,43,-1193
Vancouver,SSP245,2030,0.05,0.05,0.6,0.2,0.2,130,0.21,0.2,0.1,4.41,6000,30000,3.18,0.3,1,1,8,0.7,6,0.1,57139,5616,1673,51523,743,3361,50,-1812
Vancouver,SSP245,2030,0.01,0.01,0.6,0.2,0.2,130,0.21,0.3,0.1,4.41,2000,20000,3.18,0.3,0.25,0.5,0,0.7,0,0.1,57139,5616,1008,51523,743,2258,45,-1207
Vancouver,SSP245,2030,0.05,0.01,0.6,0.2,0.2,130,0.25,0.5,0.4,4.41,4000,20000,3.18,0.4,0.75,1.5,8,0.7,2,0.1,57637,5772,729,51865,748,2511,29,-1169
Vancouver,SSP245,2030,0.01,0.05,0.6,0.2,0.2,130,0.25,0.2,0.5,4.41,2000,40000,3.18,0.35,1.25,1,2,0.7,2,0.1,57637,5772,2495,51865,748,3108,80,-2397
Vancouver,SSP245,2030,0.05,0.05,0.6,0.2,0.2,130,0.25,0.1,0.1,4.41,2000,40000,3.18,0.1,0.25,1,8,0.7,0,0.1,57637,5772,2197,51865,748,3361,65,-2341
Vancouver,SSP245,2030,0.01,0.01,0.6,0.2,0.2,130,0.25,0.6,0.5,4.41,0,30000,3.18,0.3,1.5,0.5,2,0.7,6,0.1,57637,5772,1605,51865,748,2258,71,-1815
Vancouver,SSP245,2030,0.05,0.01,0.6,0.2,0.2,130,0.05,0.2,0.6,4.41,4000,40000,3.18,0.1,0.5,1,0,0.7,0,0.1,55513,4992,1910,50521,729,2511,76,-2409
Vancouver,SSP245,2030,0.01,0.05,0.6,0.2,0.2,130,0.25,0.7,0.2,4.41,0,30000,3.18,0.25,0.25,0.5,0,0.7,2,0.1,57637,5772,1929,51865,748,3108,62,-1805
Vancouver,SSP245,2030,0.05,0.05,0.6,0.2,0.2,130,0.25,0.2,0.3,4.41,2000,45000,3.68,0.1,0.25,1.5,2,0.7,0,0.1,57637,7142,2191,50495,728,3361,65,-2681
Vancouver,SSP245,2030,0.01,0.01,0.6,0.2,0.2,130,0.25,0.5,0.6,4.41,0,20000,3.18,0.2,0.75,0.75,4,0.7,4,0.1,57637,5772,1009,51865,748,2258,45,-1198
Vancouver,SSP245,2030,0.05,0.01,0.6,0.2,0.2,130,0.25,0.4,0.5,4.41,10000,40000,3.18,0.25,0.25,1,10,0.7,6,0.1,57637,5772,1936,51865,748,2511,77,-2431
Vancouver,SSP245,2030,0.01,0.05,0.6,0.2,0.2,130,0.25,0.7,0.2,4.41,10000,20000,3.18,0.3,0.75,0.5,10,0.6,4,0.1,54929,5772,1328,49157,709,3108,43,-1241
Vancouver,SSP245,2030,0.05,0.05,0.6,0.2,0.2,130,0.21,0.4,0.2,4.41,6000,20000,3.18,0.2,0.25,0.75,4,0.6,2,0.1,54417,5616,1104,48802,704,3361,33,-1233
Vancouver,SSP245,2035,0.01,0.01,0.6,0.2,0.2,130,0.25,0.3,0.3,4.41,0,40000,3.18,0.2,0.5,1,8,0.7,8,0.1,71693,5772,2457,65921,951,2662,92,-2402
Vancouver,SSP245,2035,0.05,0.01,0.6,0.2,0.2,130,0.25,0.3,0.1,4.41,4000,20000,3.18,0.4,0.5,1.5,2,0.7,2,0.1,71693,5772,1026,65921,951,2905,35,-1218
Vancouver,SSP245,2035,0.01,0.05,0.6,0.2,0.2,130,0.25,0.4,0.6,4.41,0,30000,3.18,0.1,0.25,0.75,4,0.7,10,0.1,71693,5772,2376,65921,951,3734,64,-1885
Vancouver,SSP245,2035,0.05,0.05,0.6,0.2,0.2,130,0.25,0.4,0.1,4.41,2000,25000,3.18,0.25,1.25,0.75,6,0.7,2,0.1,71693,5772,1686,65921,951,3977,42,-1469
Vancouver,SSP245,2035,0.01,0.01,0.6,0.2,0.2,130,0.25,0.7,0.1,4.41,6000,20000,3.18,0.1,1,1,8,0.7,4,0.1,71693,5772,1289,65921,951,2662,48,-1204
Vancouver,SSP245,2035,0.05,0.01,0.6,0.2,0.2,130,0.25,0.4,0.6,4.41,10000,35000,3.18,0.2,0.75,1,4,0.7,6,0.1,71693,5772,1918,65921,951,2905,66,-2153
Vancouver,SSP245,2035,0.01,0.05,0.6,0.2,0.2,130,0.25,0.5,0.6,4.41,8000,25000,3.68,0.4,1,1,2,0.7,6,0.1,71693,7142,1733,64551,931,3734,46,-1583
Vancouver,SSP245,2035,0.05,0.05,0.6,0.2,0.2,130,0.25,0.5,0.3,4.41,4000,30000,3.18,0.35,1.5,1.5,4,0.7,6,0.2,71969,7722,1930,64247,926,3977,49,-1841
Vancouver,SSP245,2035,0.01,0.01,0.6,0.2,0.2,130,0.21,0.7,0.3,4.41,10000,45000,3.18,0.3,1.25,1.25,6,0.7,4,0.1,71069,5616,2720,65453,944,2662,102,-2706
Vancouver,SSP245,2035,0.05,0.01,0.6,0.2,0.2,130,0.21,0.5,0.2,4.41,6000,25000,3.18,0.15,0.75,1.5,8,0.7,10,0.1,71069,5616,1322,65453,944,2905,46,-1535
Vancouver,SSP245,2035,0.01,0.05,0.6,0.2,0.2,130,0.05,0.1,0.4,4.41,4000,30000,3.18,0.1,0.5,1,2,0.7,10,0.1,69111,4992,2352,64119,925,3734,63,-1919
Vancouver,SSP245,2035,0.05,0.05,0.6,0.2,0.2,130,0.25,0.3,0.4,4.41,0,30000,3.18,0.1,1.25,1,2,0.7,8,0.1,71693,5772,2077,65921,951,3977,52,-1866
Vancouver,SSP245,2035,0.01,0.01,0.6,0.2,0.2,130,0.25,0.1,0.1,4.41,0,20000,3.18,0.1,0.25,1.25,6,0.7,4,0.1,71693,5772,1288,65921,951,2662,48,-1190
Vancouver,SSP245,2035,0.05,0.01,0.6,0.2,0.2,130,0.25,0.5,0.3,4.41,8000,35000,3.68,0.35,1,1.5,4,0.7,8,0.1,71693,7142,1581,64551,931,2905,54,-2147
Vancouver,SSP245,2035,0.01,0.05,0.6,0.2,0.2,130,0.25,0.6,0.6,4.41,8000,25000,3.18,0.35,0.75,0.75,4,0.7,4,0.1,71693,5772,2044,65921,951,3734,55,-1559
Vancouver,SSP245,2035,0.05,0.05,0.6,0.2,0.2,130,0.25,0.1,0.6,4.41,4000,30000,3.18,0.1,0.25,1,6,0.7,4,0.1,71693,5772,2021,65921,951,3977,51,-1818
Vancouver,SSP245,2035,0.01,0.01,0.6,0.2,0.2,130,0.25,0.3,0.1,4.41,2000,30000,3.18,0.2,1,0.75,8,0.7,10,0.1,71693,5772,1902,65921,951,2662,71,-1830
Vancouver,SSP245,2035,0.05,0.01,0.6,0.2,0.2,130,0.25,0.3,0.2,4.41,0,50000,3.18,0.25,1.5,1.25,4,0.7,0,0.1,71693,5772,2698,65921,951,2905,93,-2944
Vancouver,SSP245,2035,0.01,0.05,0.6,0.2,0.2,130,0.25,0.4,0.5,4.41,2000,20000,3.18,0.2,1.25,0.75,6,0.6,0,0.1,67213,5772,1569,61441,886,3734,42,-1166
Vancouver,SSP245,2035,0.05,0.05,0.6,0.2,0.2,130,0.25,0.3,0.6,4.41,8000,30000,3.18,0.2,0.25,1,0,0.7,2,0.1,71693,5772,2070,65921,951,3977,52,-1876
Vancouver,SSP245,2040,0.01,0.01,0.6,0.2,0.2,130,0.25,0.7,0.6,4.41,6000,20000,3.18,0.1,0.5,0.5,8,0.7,2,0.1,60923,5772,1088,55151,795,2346,46,-1208
Vancouver,SSP245,2040,0.05,0.01,0.6,0.2,0.2,130,0.25,0.3,0.3,4.41,4000,35000,3.18,0.4,1.25,1,6,0.7,8,0.1,60923,5772,1714,55151,795,2589,66,-2106
Vancouver,SSP245,2040,0.01,0.05,0.6,0.2,0.2,130,0.25,0.5,0.1,4.41,10000,20000,3.18,0.1,1.5,0.75,4,0.6,8,0.1,57951,5772,1436,52180,752,3252,44,-1264
Vancouver,SSP245,2040,0.05,0.05,0.6,0.2,0.2,130,0.25,0.2,0.3,4.41,0,50000,3.18,0.15,1,1,10,0.7,8,0.1,60923,5772,2926,55151,795,3495,84,-2988
Vancouver,SSP245,2040,0.01,0.01,0.6,0.2,0.2,130,0.25,0.7,0.4,4.41,0,30000,3.18,0.1,1.5,1,8,0.7,6,0.1,60923,5772,1661,55151,795,2346,71,-1789
Vancouver,SSP245,2040,0.05,0.01,0.6,0.2,0.2,130,0.25,0.2,0.6,4.41,6000,20000,3.18,0.3,1,1,2,0.7,8,0.1,60923,5772,891,55151,795,2589,34,-1255
Vancouver,SSP245,2040,0.01,0.05,0.6,0.2,0.2,130,0.25,0.3,0.4,4.41,0,35000,3.68,0.4,1,0.5,4,0.7,4,0.1,60923,7142,1985,53781,775,3252,61,-2106
Vancouver,SSP245,2040,0.05,0.05,0.6,0.2,0.2,130,0.25,0.6,0.4,4.41,0,30000,3.18,0.15,1.5,1.25,2,0.7,2,0.1,60923,5772,1773,55151,795,3495,51,-1792
Vancouver,SSP245,2040,0.01,0.01,0.6,0.2,0.2,130,0.25,0.5,0.3,4.41,10000,35000,3.18,0.25,1,1,0,0.7,6,0.1,60923,5772,2005,55151,795,2346,85,-2165
Vancouver,SSP245,2040,0.05,0.01,0.6,0.2,0.2,130,0.25,0.2,0.5,4.41,4000,30000,3.18,0.15,0.25,1.25,10,0.7,2,0.1,60923,5772,1381,55151,795,2589,53,-1762
Vancouver,SSP245,2040,0.01,0.05,0.6,0.2,0.2,130,0.25,0.7,0.2,4.41,4000,50000,3.18,0.1,1.5,0.5,0,0.7,8,0.1,60923,5772,3237,55151,795,3252,100,-3063
Vancouver,SSP245,2040,0.05,0.05,0.6,0.2,0.2,130,0.25,0.5,0.3,4.41,0,30000,3.18,0.3,0.75,1.5,10,0.7,2,0.1,60923,5772,1716,55151,795,3495,49,-1736
Vancouver,SSP245,2040,0.01,0.01,0.6,0.2,0.2,130,0.25,0.5,0.3,4.41,0,30000,3.18,0.25,0.75,1,6,0.7,10,0.1,60923,5772,1697,55151,795,2346,72,-1825
Vancouver,SSP245,2040,0.05,0.01,0.6,0.2,0.2,130,0.25,0.2,0.5,4.91,6000,25000,3.18,0.15,0.25,1.25,0,0.7,8,0.1,60923,6457,1049,54466,785,2589,41,-1591
Vancouver,SSP245,2040,0.01,0.05,0.6,0.2,0.2,130,0.21,0.1,0.5,4.41,4000,20000,3.18,0.35,1.25,0.5,0,0.7,0,0.1,60366,5616,1428,54751,790,3252,44,-1201
Vancouver,SSP245,2040,0.05,0.05,0.6,0.2,0.2,130,0.25,0.3,0.2,4.41,0,45000,3.18,0.15,1.25,0.5,0,0.7,6,0.1,60923,5772,2689,55151,795,3495,77,-2740
Vancouver,SSP245,2040,0.01,0.01,0.6,0.2,0.2,130,0.25,0.2,0.6,4.41,0,20000,3.18,0.3,1.25,1,6,0.7,8,0.1,60923,5772,1109,55151,795,2346,47,-1216
Vancouver,SSP245,2040,0.05,0.01,0.6,0.2,0.2,130,0.25,0.1,0.2,4.41,0,20000,3.18,0.35,1,0.75,2,0.7,4,0.1,60923,5772,852,55151,795,2589,33,-1203
Vancouver,SSP245,2040,0.01,0.05,0.6,0.2,0.2,130,0.25,0.1,0.6,4.41,4000,40000,3.18,0.35,0.75,0.5,8,0.7,6,0.1,60923,5772,2622,55151,795,3252,81,-2428
Vancouver,SSP245,2040,0.05,0.05,0.6,0.2,0.2,130,0.25,0.6,0.6,4.41,10000,50000,3.18,0.4,0.5,1.5,8,0.7,6,0.1,60923,5772,2967,55151,795,3495,85,-3050
Vancouver,SSP245,2045,0.01,0.01,0.6,0.2,0.2,130,0.25,0.3,0.6,4.41,2000,50000,3.18,0.15,0.5,1.5,6,0.7,6,0.1,64388,5772,2876,58616,845,2442,118,-3003
Vancouver,SSP245,2045,0.05,0.01,0.6,0.2,0.2,130,0.25,0.5,0.4,4.41,8000,20000,3.18,0.25,1.25,0.75,4,0.7,0,0.1,64388,5772,842,58616,845,2697,31,-1182
Vancouver,SSP245,2045,0.01,0.05,0.6,0.2,0.2,130,0.25,0.1,0.6,4.41,4000,20000,3.18,0.3,1.25,0.5,4,0.7,10,0.1,64388,5772,1595,58616,845,3388,47,-1289
Vancouver,SSP245,2045,0.05,0.05,0.6,0.2,0.2,130,0.25,0.7,0.2,4.91,2000,40000,3.18,0.35,1.25,0.75,10,0.7,2,0.1,64388,6457,2167,57931,835,3642,60,-2332
Vancouver,SSP245,2045,0.01,0.01,0.6,0.2,0.2,130,0.25,0.3,0.6,4.41,2000,25000,3.68,0.35,1,1.5,0,0.7,4,0.1,64388,7142,1117,57246,825,2442,46,-1525
Vancouver,SSP245,2045,0.05,0.01,0.6,0.2,0.2,130,0.25,0.5,0.3,4.41,2000,20000,3.18,0.35,1,1.25,8,0.7,6,0.1,64388,5772,853,58616,845,2697,32,-1180
Vancouver,SSP245,2045,0.01,0.05,0.6,0.2,0.2,130,0.25,0.4,0.5,4.41,8000,35000,3.18,0.2,1.25,1,0,0.7,2,0.1,64388,5772,2393,58616,845,3388,71,-2127
Vancouver,SSP245,2045,0.05,0.05,0.6,0.2,0.2,130,0.25,0.3,0.1,4.41,4000,25000,3.18,0.3,0.75,1,2,0.7,0,0.1,64388,5772,1526,58616,845,3642,42,-1495
Vancouver,SSP245,2045,0.01,0.01,0.6,0.2,0.2,130,0.25,0.4,0.1,4.41,4000,25000,3.18,0.15,1.25,1.25,0,0.7,6,0.1,64388,5772,1464,58616,845,2442,60,-1542
Vancouver,SSP245,2045,0.05,0.01,0.6,0.2,0.2,130,0.25,0.3,0.1,4.91,4000,20000,3.18,0.2,0.25,1.25,0,0.7,2,0.1,64388,6457,739,57931,835,2697,27,-1238
Vancouver,SSP245,2045,0.01,0.05,0.6,0.2,0.2,130,0.25,0.5,0.5,4.91,8000,20000,3.18,0.3,0.75,0.5,8,0.7,6,0.1,64388,6457,1389,57931,835,3388,41,-1259
Vancouver,SSP245,2045,0.05,0.05,0.6,0.2,0.2,130,0.25,0.3,0.2,4.41,10000,45000,3.18,0.4,1.25,0.5,4,0.7,2,0.1,64388,5772,2673,58616,845,3642,73,-2697
Vancouver,SSP245,2045,0.01,0.01,0.6,0.2,0.2,130,0.25,0.2,0.6,4.41,10000,45000,3.18,0.4,0.5,1.25,6,0.7,10,0.1,64388,5772,2656,58616,845,2442,109,-2788
Vancouver,SSP245,2045,0.05,0.01,0.6,0.2,0.2,130,0.21,0.5,0.5,4.41,0,40000,3.18,0.25,1,1.5,10,0.7,6,0.1,63855,5616,1978,58240,840,2697,73,-2347
Vancouver,SSP245,2045,0.01,0.05,0.6,0.2,0.2,130,0.21,0.5,0.4,4.91,8000,50000,3.18,0.35,0.5,0.75,10,0.7,10,0.1,63855,6301,3146,57555,830,3388,93,-3089
Vancouver,SSP245,2045,0.05,0.05,0.6,0.2,0.2,130,0.25,0.7,0.3,4.41,0,25000,3.18,0.35,1.25,1,8,0.7,4,0.1,64388,5772,1509,58616,845,3642,41,-1470
Vancouver,SSP245,2045,0.01,0.01,0.6,0.2,0.2,130,0.25,0.4,0.6,4.41,0,30000,3.18,0.2,1.5,1,8,0.7,4,0.1,64388,5772,1694,58616,845,2442,69,-1774
Vancouver,SSP245,2045,0.05,0.01,0.6,0.2,0.2,130,0.21,0.1,0.2,4.91,4000,30000,3.18,0.3,1.5,1.5,2,0.7,0,0.1,63855,6301,1251,57555,830,2697,46,-1776
Vancouver,SSP245,2045,0.01,0.05,0.6,0.2,0.2,130,0.25,0.2,0.1,4.41,8000,25000,3.18,0.25,0.25,1.25,4,0.7,8,0.1,64388,5772,1907,58616,845,3388,56,-1620
Vancouver,SSP245,2045,0.05,0.05,0.6,0.2,0.2,130,0.17,0.3,0.5,4.41,10000,20000,3.18,0.15,1.5,0.5,4,0.7,6,0.1,63350,5460,1250,57890,835,3642,34,-1237
Vancouver,SSP245,2050,0.01,0.01,0.6,0.2,0.2,130,0.25,0.5,0.5,4.41,2000,20000,3.18,0.15,0.75,1.5,4,0.7,8,0.1,54987,5772,1004,49215,710,2222,45,-1233
Vancouver,SSP245,2050,0.05,0.01,0.6,0.2,0.2,130,0.25,0.7,0.2,4.41,6000,50000,3.18,0.3,0.25,1.5,2,0.7,10,0.1,54987,5772,2546,49215,710,2484,103,-3073
Vancouver,SSP245,2050,0.01,0.05,0.6,0.2,0.2,130,0.25,0.4,0.3,4.41,6000,30000,3.18,0.1,1.25,1.5,2,0.7,8,0.1,54987,5772,1927,49215,710,3045,63,-1867
Vancouver,SSP245,2050,0.05,0.05,0.6,0.2,0.2,130,0.21,0.6,0.3,4.41,4000,30000,3.18,0.15,1.25,1.25,2,0.6,0,0.1,51731,5616,1607,46116,665,3306,49,-1785
Vancouver,SSP245,2050,0.01,0.01,0.6,0.2,0.2,130,0.25,0.1,0.1,4.41,0,25000,3.18,0.35,1.25,0.75,4,0.7,8,0.1,54987,5772,1284,49215,710,2222,58,-1519
Vancouver,SSP245,2050,0.05,0.01,0.6,0.2,0.2,130,0.25,0.7,0.1,4.91,4000,35000,3.18,0.4,0.5,1.5,0,0.7,6,0.1,54987,6457,1489,48530,699,2484,60,-2147
Vancouver,SSP245,2050,0.01,0.05,0.6,0.2,0.2,130,0.25,0.7,0.4,4.41,2000,35000,3.18,0.25,0.75,0.5,8,0.7,6,0.1,54987,5772,2173,49215,710,3045,71,-2116
Vancouver,SSP245,2050,0.05,0.05,0.6,0.2,0.2,130,0.25,0.7,0.1,4.41,8000,30000,3.68,0.35,0.75,1,0,0.7,10,0.1,54987,7142,1417,47845,689,3306,43,-1922
Vancouver,SSP245,2050,0.01,0.01,0.6,0.2,0.2,130,0.25,0.2,0.6,4.41,10000,20000,3.18,0.35,0.5,1.5,0,0.7,6,0.1,54987,5772,1050,49215,710,2222,47,-1296
Vancouver,SSP245,2050,0.05,0.01,0.6,0.2,0.2,130,0.25,0.3,0.1,4.91,10000,25000,3.18,0.1,1.5,1.5,2,0.7,4,0.1,54987,6457,862,48530,699,2484,35,-1512
Vancouver,SSP245,2050,0.01,0.05,0.6,0.2,0.2,130,0.25,0.2,0.2,4.41,4000,35000,3.18,0.2,0.25,1.5,2,0.7,2,0.1,54987,5772,2180,49215,710,3045,72,-2126
Vancouver,SSP245,2050,0.05,0.05,0.6,0.2,0.2,130,0.25,0.3,0.5,4.41,4000,20000,3.18,0.3,0.75,1.25,4,0.7,6,0.1,54987,5772,1101,49215,710,3306,33,-1242
Vancouver,SSP245,2050,0.01,0.01,0.6,0.2,0.2,130,0.25,0.2,0.4,4.41,2000,45000,3.18,0.15,1.5,0.75,6,0.7,4,0.1,54987,5772,2398,49215,710,2222,108,-2680
Vancouver,SSP245,2050,0.05,0.01,0.6,0.2,0.2,130,0.25,0.7,0.6,4.41,2000,20000,3.18,0.4,0.5,0.5,4,0.7,2,0.1,54987,5772,735,49215,710,2484,30,-1190
Vancouver,SSP245,2050,0.01,0.05,0.6,0.2,0.2,130,0.25,0.3,0.2,4.41,10000,25000,3.18,0.25,1,1.5,8,0.7,0,0.1,54987,5772,1557,49215,710,3045,51,-1495
Vancouver,SSP245,2050,0.05,0.05,0.6,0.2,0.2,130,0.13,0.2,0.6,4.41,2000,35000,3.18,0.2,0.25,1.5,0,0.7,8,0.1,53631,5304,1982,48327,697,3306,60,-2172
Vancouver,SSP245,2050,0.01,0.01,0.6,0.2,0.2,130,0.21,0.6,0.5,4.41,2000,40000,3.18,0.15,0.25,0.5,2,0.6,8,0.1,51731,5616,2138,46116,665,2222,96,-2436
Vancouver,SSP245,2050,0.05,0.01,0.6,0.2,0.2,130,0.25,0.4,0.4,4.41,0,30000,3.18,0.3,0.75,0.5,6,0.7,6,0.1,54987,5772,1311,49215,710,2484,53,-1783
Vancouver,SSP245,2050,0.01,0.05,0.6,0.2,0.2,130,0.21,0.2,0.5,4.41,10000,25000,3.68,0.2,0.75,0.75,6,0.7,10,0.1,54503,6986,1327,47518,685,3045,44,-1609
Vancouver,SSP245,2050,0.05,0.05,0.6,0.2,0.2,130,0.25,0.6,0.4,4.41,0,30000,3.18,0.15,0.5,1.25,2,0.6,0,0.1,52232,5772,1612,46460,670,3306,49,-1774
Vancouver,SSP585,2025,0.01,0.01,0.6,0.2,0.2,130,0.25,0.4,0.1,4.41,0,40000,3.18,0.15,1,0.5,2,0.7,2,0.1,59271,5772,2198,53499,771,2282,96,-2385
Vancouver,SSP585,2025,0.05,0.01,0.6,0.2,0.2,130,0.25,0.2,0.6,4.41,6000,20000,3.18,0.3,1.25,1,0,0.7,8,0.1,59271,5772,861,53499,771,2518,34,-1259
Vancouver,SSP585,2025,0.01,0.05,0.6,0.2,0.2,130,0.25,0.6,0.4,4.41,6000,25000,3.18,0.2,0.5,0.75,4,0.7,2,0.1,59271,5772,1707,53499,771,3160,54,-1531
Vancouver,SSP585,2025,0.05,0.05,0.6,0.2,0.2,130,0.25,0.7,0.4,4.41,8000,50000,3.68,0.3,1,0.75,2,0.7,4,0.1,59271,7142,2578,52129,751,3397,76,-3035
Vancouver,SSP585,2025,0.01,0.01,0.6,0.2,0.2,130,0.25,0.6,0.3,4.41,0,45000,3.18,0.3,1.25,0.75,6,0.7,10,0.1,59271,5772,2519,53499,771,2282,110,-2717
Vancouver,SSP585,2025,0.05,0.01,0.6,0.2,0.2,130,0.21,0.3,0.4,4.41,2000,20000,3.18,0.15,1,1.25,6,0.7,8,0.1,58762,5616,815,53147,766,2518,32,-1209
Vancouver,SSP585,2025,0.01,0.05,0.6,0.2,0.2,130,0.25,0.6,0.1,4.41,8000,25000,3.18,0.35,0.5,0.75,8,0.7,6,0.1,59271,5772,1738,53499,771,3160,55,-1566
Vancouver,SSP585,2025,0.05,0.05,0.6,0.2,0.2,130,0.25,0.6,0.5,4.91,0,30000,3.18,0.1,1.25,0.5,0,0.7,4,0.1,59271,6457,1595,52814,761,3397,47,-1826
Vancouver,SSP585,2025,0.01,0.01,0.6,0.2,0.2,130,0.25,0.1,0.3,4.41,4000,40000,3.18,0.15,0.5,1.25,6,0.7,4,0.1,59271,5772,2212,53499,771,2282,97,-2407
Vancouver,SSP585,2025,0.05,0.01,0.6,0.2,0.2,130,0.25,0.3,0.1,4.41,10000,35000,3.18,0.1,0.5,0.75,0,0.7,4,0.1,59271,5772,1740,53499,771,2518,69,-2178
Vancouver,SSP585,2025,0.01,0.05,0.6,0.2,0.2,130,0.25,0.3,0.5,4.91,10000,20000,3.18,0.3,1,1.25,0,0.7,4,0.1,59271,6457,1282,52814,761,3160,41,-1272
Vancouver,SSP585,2025,0.05,0.05,0.6,0.2,0.2,130,0.25,0.7,0.2,4.41,4000,25000,3.18,0.1,1.25,1,10,0.7,4,0.1,59271,5772,1407,53499,771,3397,41,-1469
Vancouver,SSP585,2025,0.01,0.01,0.6,0.2,0.2,130,0.25,0.7,0.2,4.41,6000,30000,3.18,0.15,0.25,1.5,0,0.7,6,0.1,59271,5772,1696,53499,771,2282,74,-1874
Vancouver,SSP585,2025,0.05,0.01,0.6,0.2,0.2,130,0.25,0.6,0.2,4.41,10000,20000,3.18,0.4,0.25,1.5,0,0.7,8,0.1,59271,5772,918,53499,771,2518,36,-1325
Vancouver,SSP585,2025,0.01,0.05,0.6,0.2,0.2,130,0.25,0.5,0.2,4.41,0,30000,3.18,0.15,1,0.75,10,0.7,0,0.1,59271,5772,1918,53499,771,3160,61,-1740
Vancouver,SSP585,2025,0.05,0.05,0.6,0.2,0.2,130,0.25,0.7,0.2,4.41,4000,45000,3.18,0.2,0.75,0.5,0,0.7,8,0.1,59271,5772,2677,53499,771,3397,79,-2780
Vancouver,SSP585,2025,0.01,0.01,0.6,0.2,0.2,130,0.25,0.2,0.2,4.41,8000,20000,3.18,0.2,0.5,1.5,0,0.7,6,0.1,59271,5772,1123,53499,771,2282,49,-1285
Vancouver,SSP585,2025,0.05,0.01,0.6,0.2,0.2,130,0.25,0.1,0.4,4.41,10000,40000,3.18,0.1,1.5,0.75,8,0.7,10,0.1,59271,5772,1954,53499,771,2518,78,-2403
Vancouver,SSP585,2025,0.01,0.05,0.6,0.2,0.2,130,0.25,0.3,0.1,4.41,2000,30000,3.18,0.3,0.75,1,0,0.7,8,0.1,59271,5772,2050,53499,771,3160,65,-1876
Vancouver,SSP585,2025,0.05,0.05,0.6,0.2,0.2,130,0.25,0.5,0.2,4.41,0,45000,3.18,0.2,1.25,0.5,2,0.6,6,0.1,56116,5772,2597,50345,726,3397,76,-2723
Vancouver,SSP585,2030,0.01,0.01,0.6,0.2,0.2,130,0.25,0.3,0.6,4.41,4000,25000,3.18,0.15,1.5,0.75,4,0.7,6,0.1,68115,5772,1492,62344,899,2617,57,-1517
Vancouver,SSP585,2030,0.05,0.01,0.6,0.2,0.2,130,0.25,0.1,0.1,4.91,2000,25000,3.18,0.25,1.25,1.5,10,0.7,8,0.1,68115,6457,996,61659,889,2852,35,-1470
Vancouver,SSP585,2030,0.01,0.05,0.6,0.2,0.2,130,0.25,0.3,0.2,4.41,4000,20000,3.18,0.15,1.25,1.5,10,0.7,8,0.1,68115,5772,1619,62344,899,3674,44,-1238
Vancouver,SSP585,2030,0.05,0.05,0.6,0.2,0.2,130,0.25,0.1,0.3,4.41,0,20000,3.18,0.3,0.5,1,10,0.7,4,0.1,68115,5772,1255,62344,899,3909,32,-1153
Vancouver,SSP585,2030,0.01,0.01,0.6,0.2,0.2,130,0.25,0.4,0.1,4.41,8000,45000,3.18,0.3,1.5,1,2,0.7,8,0.1,68115,5772,2663,62344,899,2617,102,-2738
Vancouver,SSP585,2030,0.05,0.01,0.6,0.2,0.2,130,0.25,0.1,0.3,4.41,8000,30000,3.18,0.2,0.75,0.5,2,0.7,0,0.1,68115,5772,1483,62344,899,2852,52,-1813
Vancouver,SSP585,2030,0.01,0.05,0.6,0.2,0.2,130,0.25,0.6,0.6,4.41,10000,45000,3.18,0.35,1,1.5,6,0.7,4,0.1,68115,5772,3048,62344,899,3674,83,-2733
Vancouver,SSP585,2030,0.05,0.05,0.6,0.2,0.2,130,0.25,0.4,0.1,4.41,10000,25000,3.18,0.2,1.25,0.75,10,0.7,0,0.1,68115,5772,1502,62344,899,3909,38,-1432
Vancouver,SSP585,2030,0.01,0.01,0.6,0.2,0.2,130,0.25,0.7,0.4,4.41,0,30000,3.18,0.3,1,0.5,8,0.7,2,0.1,68115,5772,1731,62344,899,2617,66,-1757
Vancouver,SSP585,2030,0.05,0.01,0.6,0.2,0.2,130,0.25,0.7,0.5,4.41,8000,20000,3.18,0.3,1.25,1,2,0.7,10,0.1,68115,5772,961,62344,899,2852,34,-1271
Vancouver,SSP585,2030,0.01,0.05,0.6,0.2,0.2,130,0.25,0.5,0.4,4.41,6000,30000,3.18,0.15,1.5,0.5,0,0.7,6,0.2,68398,7722,2023,60677,875,3674,55,-1862
Vancouver,SSP585,2030,0.05,0.05,0.6,0.2,0.2,130,0.25,0.7,0.1,4.91,0,40000,3.18,0.35,1.25,0.75,4,0.7,8,0.1,68115,6457,2332,61659,889,3909,60,-2439
Vancouver,SSP585,2030,0.01,0.01,0.6,0.2,0.2,130,0.21,0.3,0.2,4.41,4000,20000,3.18,0.35,1,1.5,10,0.6,2,0.1,64231,5616,1104,58616,845,2617,42,-1171
Vancouver,SSP585,2030,0.05,0.01,0.6,0.2,0.2,130,0.25,0.6,0.5,4.41,4000,30000,3.18,0.2,1.5,0.75,4,0.7,6,0.1,68115,5772,1480,62344,899,2852,52,-1803
Vancouver,SSP585,2030,0.01,0.05,0.6,0.2,0.2,130,0.25,0.6,0.4,4.41,8000,30000,3.18,0.2,0.25,0.5,10,0.7,2,0.1,68115,5772,2171,62344,899,3674,59,-1820
Vancouver,SSP585,2030,0.05,0.05,0.6,0.2,0.2,130,0.25,0.2,0.2,4.41,4000,20000,3.18,0.1,0.5,0.5,8,0.7,2,0.1,68115,5772,1268,62344,899,3909,32,-1174
Vancouver,SSP585,2030,0.01,0.01,0.6,0.2,0.2,130,0.25,0.5,0.6,4.41,0,25000,3.18,0.4,0.5,0.75,2,0.7,0,0.1,68115,5772,1461,62344,899,2617,56,-1477
Vancouver,SSP585,2030,0.05,0.01,0.6,0.2,0.2,130,0.25,0.2,0.6,4.41,2000,30000,3.18,0.3,0.5,0.5,4,0.7,8,0.1,68115,5772,1508,62344,899,2852,53,-1826
Vancouver,SSP585,2030,0.01,0.05,0.6,0.2,0.2,130,0.25,0.2,0.5,4.41,6000,35000,3.18,0.1,0.25,1,8,0.7,0,0.1,68115,5772,2434,62344,899,3674,66,-2089
Vancouver,SSP585,2030,0.05,0.05,0.6,0.2,0.2,130,0.25,0.4,0.4,4.41,2000,40000,3.18,0.1,0.5,0.75,10,0.7,2,0.1,68115,5772,2390,62344,899,3909,61,-2335
Vancouver,SSP585,2035,0.01,0.01,0.6,0.2,0.2,130,0.25,0.4,0.6,4.41,8000,20000,3.18,0.1,1.25,1.25,0,0.6,4,0.1,55255,5772,1044,49483,713,2256,46,-1237
Vancouver,SSP585,2035,0.05,0.01,0.6,0.2,0.2,130,0.25,0.1,0.5,4.41,0,20000,3.18,0.15,0.5,1,0,0.7,6,0.1,57966,5772,844,52194,753,2518,34,-1229
Vancouver,SSP585,2035,0.01,0.05,0.6,0.2,0.2,130,0.25,0.1,0.5,4.41,4000,25000,3.18,0.3,1,0.5,10,0.7,0,0.1,57966,5772,1623,52194,753,3095,52,-1461
Vancouver,SSP585,2035,0.05,0.05,0.6,0.2,0.2,130,0.25,0.6,0.3,4.41,0,20000,3.18,0.4,0.5,1,0,0.7,6,0.1,57966,5772,1200,52194,753,3357,36,-1249
Vancouver,SSP585,2035,0.01,0.01,0.6,0.2,0.2,130,0.25,0.6,0.5,4.41,6000,25000,3.18,0.4,0.5,1.5,6,0.7,0,0.1,57966,5772,1325,52194,753,2256,59,-1503
Vancouver,SSP585,2035,0.05,0.01,0.6,0.2,0.2,130,0.25,0.6,0.5,4.41,6000,30000,3.68,0.4,1.5,0.75,6,0.7,10,0.1,57966,7142,1065,50824,732,2518,42,-1817
Vancouver,SSP585,2035,0.01,0.05,0.6,0.2,0.2,130,0.25,0.6,0.5,4.41,2000,25000,3.18,0.15,1,0.75,10,0.7,2,0.1,57966,5772,1638,52194,753,3095,53,-1472
Vancouver,SSP585,2035,0.05,0.05,0.6,0.2,0.2,130,0.25,0.6,0.6,4.41,6000,25000,3.18,0.25,1.5,1.25,8,0.7,0,0.1,57966,5772,1371,52194,753,3357,41,-1443
Vancouver,SSP585,2035,0.01,0.01,0.6,0.2,0.2,130,0.25,0.1,0.3,4.41,8000,20000,3.18,0.25,1.25,0.5,8,0.7,0,0.1,57966,5772,1006,52194,753,2256,45,-1178
Vancouver,SSP585,2035,0.05,0.01,0.6,0.2,0.2,130,0.25,0.2,0.3,4.41,4000,20000,3.18,0.3,1.5,0.5,10,0.7,4,0.2,58253,7722,686,50532,728,2518,27,-1181
Vancouver,SSP585,2035,0.01,0.05,0.6,0.2,0.2,130,0.25,0.6,0.4,4.41,10000,50000,3.18,0.15,1.5,0.75,0,0.7,4,0.1,57966,5772,3124,52194,753,3095,101,-3028
Vancouver,SSP585,2035,0.05,0.05,0.6,0.2,0.2,130,0.25,0.4,0.5,4.41,8000,25000,3.18,0.2,0.5,1,2,0.7,6,0.1,57966,5772,1512,52194,753,3357,45,-1588
Vancouver,SSP585,2035,0.01,0.01,0.6,0.2,0.2,130,0.25,0.7,0.5,4.41,8000,35000,3.18,0.4,0.25,0.75,2,0.6,4,0.1,55255,5772,1941,49483,713,2256,86,-2166
Vancouver,SSP585,2035,0.05,0.01,0.6,0.2,0.2,130,0.25,0.7,0.2,4.41,2000,20000,3.18,0.2,1,0.5,2,0.7,6,0.1,57966,5772,835,52194,753,2518,33,-1224
Vancouver,SSP585,2035,0.01,0.05,0.6,0.2,0.2,130,0.25,0.1,0.5,4.41,0,50000,3.18,0.35,0.75,1.25,10,0.7,0,0.1,57966,5772,3050,52194,753,3095,99,-2933
Vancouver,SSP585,2035,0.05,0.05,0.6,0.2,0.2,130,0.25,0.7,0.5,4.41,8000,50000,3.18,0.15,1.25,1,0,0.7,0,0.1,57966,5772,2869,52194,753,3357,85,-2998
Vancouver,SSP585,2035,0.01,0.01,0.6,0.2,0.2,130,0.17,0.3,0.1,4.41,8000,30000,3.18,0.3,0.75,0.5,10,0.7,8,0.1,57001,5460,1632,51541,743,2256,72,-1837
Vancouver,SSP585,2035,0.05,0.01,0.6,0.2,0.2,130,0.25,0.5,0.6,4.91,0,25000,3.18,0.25,1.25,1.5,0,0.7,0,0.1,57966,6457,926,51509,742,2518,37,-1488
Vancouver,SSP585,2035,0.01,0.05,0.6,0.2,0.2,130,0.25,0.2,0.4,4.91,10000,30000,3.18,0.2,1.5,0.75,2,0.7,8,0.1,57966,6457,1839,51509,742,3095,59,-1868
Vancouver,SSP585,2035,0.05,0.05,0.6,0.2,0.2,130,0.25,0.7,0.4,4.41,6000,45000,3.18,0.2,1.5,1.5,0,0.7,2,0.2,58253,7722,2490,50532,728,3357,74,-2706
Vancouver,SSP585,2040,0.01,0.01,0.6,0.2,0.2,130,0.25,0.5,0.3,4.41,0,45000,3.18,0.35,0.5,1.25,10,0.7,6,0.1,57522,5772,2438,51750,746,2237,109,-2672
Vancouver,SSP585,2040,0.05,0.01,0.6,0.2,0.2,130,0.25,0.3,0.3,4.41,0,40000,3.18,0.1,1.25,0.75,4,0.6,10,0.1,54851,5772,1961,49079,708,2487,79,-2417
Vancouver,SSP585,2040,0.01,0.05,0.6,0.2,0.2,130,0.25,0.7,0.6,4.41,0,30000,3.18,0.2,1,0.75,6,0.7,0,0.1,57522,5772,1890,51750,746,3078,61,-1759
Vancouver,SSP585,2040,0.05,0.05,0.6,0.2,0.2,130,0.21,0.3,0.5,4.41,0,45000,3.18,0.15,1,1.25,6,0.6,6,0.1,54316,5616,2539,48700,702,3328,76,-2697
Vancouver,SSP585,2040,0.01,0.01,0.6,0.2,0.2,130,0.25,0.1,0.1,4.41,0,25000,3.18,0.3,1.5,0.75,0,0.7,6,0.1,57522,5772,1335,51750,746,2237,60,-1526
Vancouver,SSP585,2040,0.05,0.01,0.6,0.2,0.2,130,0.25,0.7,0.5,4.41,6000,35000,3.18,0.3,1,0.5,8,0.7,6,0.1,57522,5772,1629,51750,746,2487,65,-2091
Vancouver,SSP585,2040,0.01,0.05,0.6,0.2,0.2,130,0.25,0.1,0.1,4.41,2000,25000,3.18,0.35,1.25,0.5,8,0.7,0,0.2,57798,7722,1410,50076,721,3078,46,-1471
Vancouver,SSP585,2040,0.05,0.05,0.6,0.2,0.2,130,0.25,0.7,0.4,4.41,2000,25000,3.18,0.3,1.25,1,0,0.7,4,0.1,57522,5772,1433,51750,746,3328,43,-1532
Vancouver,SSP585,2040,0.01,0.01,0.6,0.2,0.2,130,0.25,0.5,0.2,4.91,2000,20000,3.18,0.1,1,0.75,6,0.7,8,0.1,57522,6457,870,51065,736,2237,39,-1222
Vancouver,SSP585,2040,0.05,0.01,0.6,0.2,0.2,130,0.25,0.4,0.6,4.91,6000,20000,3.18,0.4,1.5,1.5,10,0.7,0,0.1,57522,6457,532,51065,736,2487,21,-1130
Vancouver,SSP585,2040,0.01,0.05,0.6,0.2,0.2,130,0.21,0.6,0.5,4.41,6000,45000,3.18,0.25,0.5,1.25,10,0.6,0,0.1,54316,5616,2720,48700,702,3078,88,-2680
Vancouver,SSP585,2040,0.05,0.05,0.6,0.2,0.2,130,0.13,0.4,0.4,4.41,8000,20000,3.18,0.1,0.5,0.75,6,0.6,0,0.1,53347,5304,1073,48043,693,3328,32,-1210
Vancouver,SSP585,2040,0.01,0.01,0.6,0.2,0.2,130,0.25,0.4,0.5,4.41,2000,45000,3.18,0.1,0.75,1.5,0,0.7,8,0.1,57522,5772,2503,51750,746,2237,112,-2740
Vancouver,SSP585,2040,0.05,0.01,0.6,0.2,0.2,130,0.25,0.7,0.2,4.41,10000,30000,3.18,0.3,1.25,1.5,4,0.6,8,0.1,54851,5772,1381,49079,708,2487,56,-1837
Vancouver,SSP585,2040,0.01,0.05,0.6,0.2,0.2,130,0.21,0.3,0.4,4.41,8000,40000,3.18,0.25,0.25,0.75,8,0.7,2,0.2,57284,7566,2328,49718,716,3078,76,-2443
Vancouver,SSP585,2040,0.05,0.05,0.6,0.2,0.2,130,0.09,0.5,0.6,4.41,2000,20000,3.18,0.4,0.75,0.75,6,0.7,2,0.1,55662,5148,1062,50515,728,3328,32,-1180
Vancouver,SSP585,2040,0.01,0.01,0.6,0.2,0.2,130,0.25,0.7,0.4,4.41,0,30000,3.18,0.35,0.25,1.5,4,0.7,6,0.1,57522,5772,1604,51750,746,2237,72,-1806
Vancouver,SSP585,2040,0.05,0.01,0.6,0.2,0.2,130,0.25,0.3,0.3,4.91,6000,20000,3.18,0.35,0.25,0.5,8,0.7,2,0.1,57522,6457,600,51065,736,2487,24,-1198
Vancouver,SSP585,2040,0.01,0.05,0.6,0.2,0.2,130,0.25,0.5,0.4,4.41,8000,45000,3.18,0.25,0.5,1.5,6,0.7,4,0.1,57522,5772,2828,51750,746,3078,92,-2745
Vancouver,SSP585,2040,0.05,0.05,0.6,0.2,0.2,130,0.25,0.4,0.2,4.41,2000,35000,3.18,0.35,1.5,0.75,2,0.7,2,0.1,57522,5772,1971,51750,746,3328,59,-2092
Vancouver,SSP585,2045,0.01,0.01,0.6,0.2,0.2,130,0.25,0.2,0.6,4.91,4000,20000,3.18,0.1,0.25,1.5,4,0.6,6,0.1,53620,6457,841,47163,680,2241,38,-1243
Vancouver,SSP585,2045,0.05,0.01,0.6,0.2,0.2,130,0.25,0.6,0.1,4.91,6000,20000,3.18,0.15,1,0.5,8,0.7,6,0.1,56407,6457,570,49950,720,2498,23,-1197
Vancouver,SSP585,2045,0.01,0.05,0.6,0.2,0.2,130,0.25,0.5,0.2,4.41,8000,20000,3.18,0.1,1,1,0,0.7,6,0.1,56407,5772,1380,50635,730,3076,45,-1280
Vancouver,SSP585,2045,0.05,0.05,0.6,0.2,0.2,130,0.25,0.5,0.3,4.41,6000,20000,3.18,0.15,1.25,1.25,8,0.7,4,0.1,56407,5772,1056,50635,730,3334,32,-1190
Vancouver,SSP585,2045,0.01,0.01,0.6,0.2,0.2,130,0.25,0.7,0.4,4.41,4000,30000,3.18,0.35,1.5,0.5,10,0.6,0,0.1,53620,5772,1496,47848,690,2241,67,-1752
Vancouver,SSP585,2045,0.05,0.01,0.6,0.2,0.2,130,0.25,0.7,0.2,4.41,4000,20000,3.18,0.15,0.5,0.75,2,0.7,8,0.1,56407,5772,798,50635,730,2498,32,-1254
Vancouver,SSP585,2045,0.01,0.05,0.6,0.2,0.2,130,0.13,0.3,0.3,4.41,8000,40000,3.18,0.25,1.25,1.5,6,0.7,0,0.1,55046,5304,2409,49743,717,3076,78,-2377
Vancouver,SSP585,2045,0.05,0.05,0.6,0.2,0.2,130,0.25,0.4,0.4,4.41,0,40000,3.18,0.4,0.5,0.5,8,0.7,8,0.1,56407,5772,2239,50635,730,3334,67,-2402
Vancouver,SSP585,2045,0.01,0.01,0.6,0.2,0.2,130,0.25,0.5,0.5,4.41,8000,25000,3.18,0.1,0.75,0.75,8,0.6,8,0.1,53620,5772,1294,47848,690,2241,58,-1548
Vancouver,SSP585,2045,0.05,0.01,0.6,0.2,0.2,130,0.25,0.7,0.1,4.41,4000,25000,3.18,0.35,0.5,1,4,0.6,10,0.1,53620,5772,1096,47848,690,2498,44,-1550
Vancouver,SSP585,2045,0.01,0.05,0.6,0.2,0.2,130,0.21,0.3,0.3,4.41,8000,45000,3.18,0.25,0.5,1.25,0,0.7,2,0.1,55930,5616,2791,50314,725,3076,91,-2753
Vancouver,SSP585,2045,0.05,0.05,0.6,0.2,0.2,130,0.25,0.3,0.2,4.41,0,50000,3.18,0.3,0.5,1,8,0.7,2,0.1,56407,5772,2756,50635,730,3334,83,-2940
Vancouver,SSP585,2045,0.01,0.01,0.6,0.2,0.2,130,0.25,0.5,0.1,4.41,10000,35000,3.18,0.35,1.5,0.5,4,0.7,0,0.1,56407,5772,1816,50635,730,2241,81,-2078
Vancouver,SSP585,2045,0.05,0.01,0.6,0.2,0.2,130,0.25,0.1,0.3,4.41,0,35000,3.18,0.3,0.25,0.75,10,0.7,6,0.1,56407,5772,1572,50635,730,2498,63,-2052
Vancouver,SSP585,2045,0.01,0.05,0.6,0.2,0.2,130,0.25,0.4,0.1,4.41,4000,20000,3.18,0.15,0.5,0.75,6,0.6,6,0.1,53620,5772,1324,47848,690,3076,43,-1248
Vancouver,SSP585,2045,0.05,0.05,0.6,0.2,0.2,130,0.21,0.4,0.1,4.41,4000,20000,3.18,0.15,0.25,1,0,0.7,8,0.1,55930,5616,1162,50314,725,3334,35,-1299
Vancouver,SSP585,2045,0.01,0.01,0.6,0.2,0.2,130,0.25,0.5,0.2,4.41,4000,20000,3.18,0.3,0.75,0.75,2,0.7,0,0.1,56407,5772,985,50635,730,2241,44,-1204
Vancouver,SSP585,2045,0.05,0.01,0.6,0.2,0.2,130,0.25,0.7,0.2,4.41,4000,20000,3.18,0.1,1,1,0,0.6,10,0.1,53620,5772,822,47848,690,2498,33,-1266
Vancouver,SSP585,2045,0.01,0.05,0.6,0.2,0.2,130,0.25,0.6,0.4,4.41,6000,40000,3.18,0.2,1,1.25,10,0.7,2,0.1,56407,5772,2442,50635,730,3076,79,-2380
Vancouver,SSP585,2045,0.05,0.05,0.6,0.2,0.2,130,0.25,0.3,0.1,4.41,10000,45000,3.18,0.2,1.25,1.5,2,0.7,10,0.1,56407,5772,2592,50635,730,3334,78,-2787
Vancouver,SSP585,2050,0.01,0.01,0.6,0.2,0.2,130,0.25,0.4,0.6,4.41,4000,30000,3.68,0.1,1.25,0.75,8,0.7,8,0.1,64203,7142,1357,57062,823,2513,54,-1811
Vancouver,SSP585,2050,0.05,0.01,0.6,0.2,0.2,130,0.25,0.5,0.6,4.41,6000,45000,3.18,0.15,0.75,1.25,0,0.7,0,0.1,64203,5772,2279,58432,843,2782,82,-2712
Vancouver,SSP585,2050,0.01,0.05,0.6,0.2,0.2,130,0.25,0.4,0.4,4.91,4000,45000,3.18,0.3,0.25,1,6,0.7,4,0.1,64203,6457,2777,57747,833,3481,80,-2723
Vancouver,SSP585,2050,0.05,0.05,0.6,0.2,0.2,130,0.25,0.6,0.3,4.41,4000,35000,3.18,0.1,1,0.75,2,0.7,2,0.1,64203,5772,2070,58432,843,3750,55,-2105
Vancouver,SSP585,2050,0.01,0.01,0.6,0.2,0.2,130,0.25,0.3,0.1,4.41,4000,45000,3.18,0.1,0.75,1.5,10,0.7,2,0.1,64203,5772,2512,58432,843,2513,100,-2662
Vancouver,SSP585,2050,0.05,0.01,0.6,0.2,0.2,130,0.25,0.6,0.3,4.41,2000,20000,3.18,0.25,0.75,1.5,0,0.7,10,0.1,64203,5772,900,58432,843,2782,32,-1272
Vancouver,SSP585,2050,0.01,0.05,0.6,0.2,0.2,130,0.25,0.6,0.2,4.41,2000,30000,3.18,0.2,0.75,0.5,4,0.7,8,0.1,64203,5772,2120,58432,843,3481,61,-1862
Vancouver,SSP585,2050,0.05,0.05,0.6,0.2,0.2,130,0.25,0.7,0.2,4.41,10000,35000,3.18,0.35,0.25,1.25,8,0.7,6,0.1,64203,5772,2117,58432,843,3750,56,-2166
Vancouver,SSP585,2050,0.01,0.01,0.6,0.2,0.2,130,0.25,0.2,0.2,4.41,0,20000,3.18,0.1,0.25,1,10,0.7,0,0.1,64203,5772,1049,58432,843,2513,42,-1138
Vancouver,SSP585,2050,0.05,0.01,0.6,0.2,0.2,130,0.25,0.3,0.1,4.41,6000,35000,3.18,0.2,1.25,0.5,2,0.7,2,0.1,64203,5772,1686,58432,843,2782,61,-2098
Vancouver,SSP585,2050,0.01,0.05,0.6,0.2,0.2,130,0.21,0.7,0.6,4.41,0,50000,3.18,0.35,1.5,0.5,10,0.7,6,0.1,63624,5616,3197,58008,837,3481,92,-2988
Vancouver,SSP585,2050,0.05,0.05,0.6,0.2,0.2,130,0.25,0.6,0.2,4.41,4000,30000,3.18,0.15,0.25,1.5,4,0.7,0,0.1,64203,5772,1761,58432,843,3750,47,-1787
Vancouver,SSP585,2050,0.01,0.01,0.6,0.2,0.2,130,0.21,0.6,0.4,4.41,4000,35000,3.68,0.2,1.25,1.25,8,0.7,8,0.1,63624,6986,1637,56638,816,2513,65,-2108
Vancouver,SSP585,2050,0.05,0.01,0.6,0.2,0.2,130,0.25,0.5,0.2,4.91,2000,20000,3.18,0.2,1,0.75,0,0.7,10,0.2,64495,8407,632,56089,808,2782,23,-1269
Vancouver,SSP585,2050,0.01,0.05,0.6,0.2,0.2,130,0.25,0.7,0.2,4.41,2000,50000,3.18,0.15,0.25,1.5,2,0.7,6,0.1,64203,5772,3262,58432,843,3481,94,-3047
Vancouver,SSP585,2050,0.05,0.05,0.6,0.2,0.2,130,0.21,0.5,0.5,4.41,2000,40000,3.18,0.15,1.25,1.25,0,0.7,6,0.1,63624,5616,2400,58008,837,3750,64,-2451
Vancouver,SSP585,2050,0.01,0.01,0.6,0.2,0.2,130,0.25,0.4,0.4,4.41,0,50000,3.68,0.35,1.25,1.5,10,0.7,10,0.1,64203,7142,2507,57062,823,2513,100,-2994
Vancouver,SSP585,2050,0.05,0.01,0.6,0.2,0.2,130,0.25,0.5,0.4,4.41,0,50000,3.18,0.2,1.25,0.75,6,0.7,0,0.1,64203,5772,2497,58432,843,2782,90,-2928
Vancouver,SSP585,2050,0.01,0.05,0.6,0.2,0.2,130,0.25,0.1,0.2,4.41,2000,45000,3.18,0.25,0.25,1,8,0.7,10,0.1,64203,5772,2987,58432,843,3481,86,-2761
Vancouver,SSP585,2050,0.05,0.05,0.6,0.2,0.2,130,0.25,0.3,0.5,4.41,4000,50000,3.18,0.2,0.75,1,2,0.7,6,0.1,64203,5772,2979,58432,843,3750,79,-3047
Whitehorse,SSP126,2025,0.01,0.01,0.6,0.2,0.2,130,0.25,0.5,0.4,6.17,0,35000,4.76,0.35,0.75,1.25,8,0.7,8,0.1,133043,5538,5896,127505,1840,22996,26,-2387
Whitehorse,SSP126,2025,0.05,0.01,0.6,0.2,0.2,130,0.25,0.4,0.3,6.67,10000,25000,4.76,0.15,0.25,1.5,6,0.7,0,0.6,141074,15973,3755,125102,1803,23336,16,-1476
Whitehorse,SSP126,2025,0.01,0.05,0.6,0.2,0.2,130,0.25,0.3,0.3,6.17,6000,25000,4.76,0.4,0.5,0.5,4,0.7,0,0.1,133043,5538,8125,127505,1840,34698,23,-1441
Whitehorse,SSP126,2025,0.05,0.05,0.6,0.2,0.2,130,0.21,0.5,0.6,6.17,2000,20000,4.76,0.2,1.25,1,10,0.7,8,0.3,134145,9282,7104,124864,1801,35038,20,-1657
Whitehorse,SSP126,2025,0.01,0.01,0.6,0.2,0.2,130,0.25,0.3,0.2,6.17,2000,30000,4.76,0.15,1,1.25,8,0.7,8,0.1,133043,5538,5613,127505,1840,22996,24,-2097
Whitehorse,SSP126,2025,0.05,0.01,0.6,0.2,0.2,130,0.25,0.4,0.3,6.17,4000,35000,4.76,0.2,0.25,1,10,0.7,4,0.6,141074,15288,4638,125787,1813,23336,20,-2200
Whitehorse,SSP126,2025,0.01,0.05,0.6,0.2,0.2,130,0.25,0.3,0.5,6.17,4000,35000,4.76,0.15,1,0.5,4,0.7,2,0.1,133043,5538,8862,127505,1840,34698,26,-2195
Whitehorse,SSP126,2025,0.05,0.05,0.6,0.2,0.2,130,0.25,0.4,0.3,6.17,2000,30000,4.76,0.2,0.75,1,2,0.7,8,0.3,136255,9438,8034,126818,1829,35038,23,-2477
Whitehorse,SSP126,2025,0.01,0.01,0.6,0.2,0.2,130,0.25,0.3,0.6,6.17,8000,30000,4.76,0.35,0.75,1.25,6,0.7,8,0.1,133043,5538,5680,127505,1840,22996,25,-2177
Whitehorse,SSP126,2025,0.05,0.01,0.6,0.2,0.2,130,0.25,0.3,0.3,6.17,0,35000,4.76,0.25,0.5,1.25,6,0.7,8,0.6,141074,15288,4916,125787,1813,23336,21,-2470
Whitehorse,SSP126,2025,0.01,0.05,0.6,0.2,0.2,130,0.25,0.7,0.3,6.67,6000,35000,4.76,0.2,0.75,1,8,0.7,0,0.1,133043,6223,8435,126820,1830,34698,24,-1939
Whitehorse,SSP126,2025,0.05,0.05,0.6,0.2,0.2,130,0.25,0.3,0.5,6.17,6000,35000,4.76,0.1,1,0.5,8,0.7,10,0.1,133043,5538,8250,127505,1840,35038,24,-2755
Whitehorse,SSP126,2025,0.01,0.01,0.6,0.2,0.2,130,0.25,0.5,0.4,6.17,4000,35000,5.26,0.15,0.75,0.5,6,0.7,10,0.1,133043,6908,5739,126135,1820,22996,25,-2573
Whitehorse,SSP126,2025,0.05,0.01,0.6,0.2,0.2,130,0.25,0.4,0.5,6.17,6000,25000,4.76,0.15,1,0.5,0,0.7,8,0.6,141074,15288,4448,125787,1813,23336,19,-1993
Whitehorse,SSP126,2025,0.01,0.05,0.6,0.2,0.2,130,0.25,0.2,0.2,6.67,6000,30000,5.26,0.15,1.25,0.75,2,0.7,6,0.1,133043,7593,8480,125450,1810,34698,24,-2308
Whitehorse,SSP126,2025,0.05,0.05,0.6,0.2,0.2,130,0.21,0.3,0.1,6.17,0,35000,4.76,0.1,1,1.5,4,0.7,8,0.2,132539,7332,8086,125207,1807,35038,23,-2687
Whitehorse,SSP126,2025,0.01,0.01,0.6,0.2,0.2,130,0.25,0.5,0.3,6.17,4000,50000,4.76,0.1,0.25,0.5,4,0.7,0,0.1,133043,5538,6390,127505,1840,22996,28,-2921
Whitehorse,SSP126,2025,0.05,0.01,0.6,0.2,0.2,130,0.25,0.1,0.4,6.17,10000,40000,4.76,0.35,0.5,0.75,8,0.7,10,0.5,139468,13338,5289,126130,1819,23336,23,-2896
Whitehorse,SSP126,2025,0.01,0.05,0.6,0.2,0.2,130,0.25,0.2,0.1,6.17,0,25000,5.26,0.3,1,1.5,6,0.7,0,0.1,133043,6908,7718,126135,1820,34698,22,-1355
Whitehorse,SSP126,2025,0.05,0.05,0.6,0.2,0.2,130,0.25,0.2,0.4,6.17,2000,25000,4.76,0.3,1.5,0.75,4,0.7,10,0.1,133043,5538,7797,127505,1840,35038,22,-2273
Whitehorse,SSP126,2030,0.01,0.01,0.6,0.2,0.2,130,0.25,0.5,0.3,6.17,10000,25000,4.76,0.25,1,1,6,0.7,0,0.1,122711,5538,4572,117173,1691,21093,22,-1414
Whitehorse,SSP126,2030,0.05,0.01,0.6,0.2,0.2,130,0.25,0.3,0.4,6.67,0,40000,4.76,0.4,0.5,1,8,0.7,6,0.6,130626,15973,4666,114653,1652,21431,22,-2620
Whitehorse,SSP126,2030,0.01,0.05,0.6,0.2,0.2,130,0.25,0.1,0.1,6.17,0,25000,4.76,0.3,1.25,1,2,0.7,10,0.2,124294,7488,8268,116806,1685,31793,26,-2295
Whitehorse,SSP126,2030,0.05,0.05,0.6,0.2,0.2,130,0.25,0.5,0.3,6.17,0,40000,4.76,0.15,0.5,0.5,8,0.7,0,0.1,122711,5538,7186,117173,1691,32131,22,-2147
Whitehorse,SSP126,2030,0.01,0.01,0.6,0.2,0.2,130,0.25,0.1,0.3,6.17,4000,30000,4.76,0.2,1.5,0.5,2,0.7,0,0.1,122711,5538,4912,117173,1691,21093,23,-1753
Whitehorse,SSP126,2030,0.05,0.01,0.6,0.2,0.2,130,0.25,0.2,0.4,6.17,6000,30000,4.76,0.15,0.75,1.5,10,0.7,6,0.6,130626,15288,4257,115338,1662,21431,20,-2035
Whitehorse,SSP126,2030,0.01,0.05,0.6,0.2,0.2,130,0.25,0.5,0.1,6.17,2000,40000,4.76,0.15,0.5,1.25,10,0.7,0,0.1,122711,5538,8248,117173,1691,31793,26,-2203
Whitehorse,SSP126,2030,0.05,0.05,0.6,0.2,0.2,130,0.25,0.2,0.4,6.67,6000,35000,4.76,0.2,0.25,0.75,6,0.7,2,0.1,122711,6223,6994,116488,1681,32131,22,-2125
Whitehorse,SSP126,2030,0.01,0.01,0.6,0.2,0.2,130,0.25,0.5,0.2,6.17,0,25000,4.76,0.15,1.25,1.25,6,0.7,6,0.1,122711,5538,4882,117173,1691,21093,23,-1703
Whitehorse,SSP126,2030,0.05,0.01,0.6,0.2,0.2,130,0.25,0.7,0.2,6.17,4000,25000,4.76,0.15,1.5,1.5,0,0.7,2,0.4,127460,11388,3809,116072,1674,21431,18,-1603
Whitehorse,SSP126,2030,0.01,0.05,0.6,0.2,0.2,130,0.25,0.1,0.1,6.17,0,30000,4.76,0.1,1.25,1,6,0.7,4,0.1,122711,5538,8078,117173,1691,31793,25,-2007
Whitehorse,SSP126,2030,0.05,0.05,0.6,0.2,0.2,130,0.25,0.1,0.6,7.17,2000,25000,4.76,0.2,0.5,0.75,4,0.7,8,0.1,122711,6908,6788,115803,1671,32131,21,-2057
Whitehorse,SSP126,2030,0.01,0.01,0.6,0.2,0.2,130,0.25,0.5,0.4,6.17,0,30000,5.26,0.35,0.75,0.5,0,0.7,6,0.1,122711,6908,4949,115803,1671,21093,23,-2116
Whitehorse,SSP126,2030,0.05,0.01,0.6,0.2,0.2,130,0.25,0.7,0.6,6.17,2000,20000,4.76,0.15,0.5,1,2,0.7,2,0.1,122711,5538,3430,117173,1691,21431,16,-1256
Whitehorse,SSP126,2030,0.01,0.05,0.6,0.2,0.2,130,0.25,0.6,0.5,6.17,4000,30000,4.76,0.25,1.5,0.75,4,0.7,8,0.1,122711,5538,8449,117173,1691,31793,27,-2387
Whitehorse,SSP126,2030,0.05,0.05,0.6,0.2,0.2,130,0.25,0.4,0.4,6.17,4000,20000,4.76,0.35,0.25,1,2,0.7,0,0.2,124294,7488,6260,116806,1685,32131,19,-1172
Whitehorse,SSP126,2030,0.01,0.01,0.6,0.2,0.2,130,0.21,0.5,0.3,6.17,0,35000,4.76,0.4,0.75,0.75,4,0.7,8,0.1,120826,5382,5514,115444,1666,21093,26,-2441
Whitehorse,SSP126,2030,0.05,0.01,0.6,0.2,0.2,130,0.21,0.6,0.2,7.17,4000,25000,5.26,0.4,0.75,1.5,2,0.7,6,0.6,128741,17872,3307,110869,1597,21431,15,-1813
Whitehorse,SSP126,2030,0.01,0.05,0.6,0.2,0.2,130,0.25,0.3,0.1,6.17,4000,30000,4.76,0.3,0.75,1.5,8,0.7,6,0.1,122711,5538,8221,117173,1691,31793,26,-2159
Whitehorse,SSP126,2030,0.05,0.05,0.6,0.2,0.2,130,0.25,0.2,0.1,6.67,4000,20000,4.76,0.1,1.5,1.25,4,0.7,6,0.1,122711,6223,6488,116488,1681,32131,20,-1583
Whitehorse,SSP126,2035,0.01,0.01,0.6,0.2,0.2,130,0.25,0.1,0.2,6.17,6000,30000,4.76,0.25,0.5,1.25,6,0.7,2,0.1,123184,5538,4939,117647,1698,20980,24,-1818
Whitehorse,SSP126,2035,0.05,0.01,0.6,0.2,0.2,130,0.25,0.2,0.5,6.17,2000,45000,4.76,0.35,0.75,0.75,10,0.7,6,0.1,123184,5538,4760,117647,1698,21316,22,-2717
Whitehorse,SSP126,2035,0.01,0.05,0.6,0.2,0.2,130,0.25,0.7,0.4,6.17,0,45000,4.76,0.4,1.25,1.25,4,0.7,2,0.1,123184,5538,8795,117647,1698,31622,28,-2768
Whitehorse,SSP126,2035,0.05,0.05,0.6,0.2,0.2,130,0.21,0.4,0.2,6.17,8000,20000,4.76,0.35,0.75,0.75,2,0.7,6,0.1,121216,5382,6561,115834,1672,31958,21,-1675
Whitehorse,SSP126,2035,0.01,0.01,0.6,0.2,0.2,130,0.25,0.4,0.3,6.67,10000,25000,4.76,0.35,1,0.5,10,0.7,8,0.1,123184,6223,4729,116962,1688,20980,23,-1773
Whitehorse,SSP126,2035,0.05,0.01,0.6,0.2,0.2,130,0.25,0.5,0.3,6.17,10000,50000,4.76,0.2,1.25,1.5,6,0.7,0,0.6,131121,15288,5026,115834,1669,21316,24,-2928
Whitehorse,SSP126,2035,0.01,0.05,0.6,0.2,0.2,130,0.25,0.5,0.2,6.67,0,40000,4.76,0.3,0.5,0.75,4,0.7,2,0.1,123184,6223,8340,116962,1688,31622,26,-2471
Whitehorse,SSP126,2035,0.05,0.05,0.6,0.2,0.2,130,0.25,0.5,0.3,6.67,2000,30000,4.76,0.1,1.25,1.5,4,0.7,6,0.1,123184,6223,7009,116962,1688,31958,22,-2177
Whitehorse,SSP126,2035,0.01,0.01,0.6,0.2,0.2,130,0.25,0.1,0.5,6.17,0,40000,4.76,0.25,1.25,1.25,10,0.7,6,0.1,123184,5538,5626,117647,1698,20980,27,-2514
Whitehorse,SSP126,2035,0.05,0.01,0.6,0.2,0.2,130,0.25,0.3,0.4,6.17,10000,20000,5.26,0.25,0.75,0.75,8,0.7,4,0.1,123184,6908,2967,116277,1678,21316,14,-1223
Whitehorse,SSP126,2035,0.01,0.05,0.6,0.2,0.2,130,0.25,0.6,0.6,6.17,4000,25000,4.76,0.2,1.5,1,10,0.7,0,0.1,123184,5538,7354,117647,1698,31622,23,-1293
Whitehorse,SSP126,2035,0.05,0.05,0.6,0.2,0.2,130,0.25,0.7,0.6,6.67,6000,20000,4.76,0.4,1,0.5,6,0.7,6,0.1,123184,6223,6385,116962,1688,31958,20,-1540
Whitehorse,SSP126,2035,0.01,0.01,0.6,0.2,0.2,130,0.25,0.4,0.1,6.17,6000,50000,4.76,0.15,0.75,1.25,8,0.7,10,0.1,123184,5538,6483,117647,1698,20980,31,-3404
Whitehorse,SSP126,2035,0.05,0.01,0.6,0.2,0.2,130,0.25,0.3,0.4,6.67,6000,25000,4.76,0.1,0.75,0.75,10,0.7,2,0.6,131121,15973,3498,115149,1659,21316,16,-1506
Whitehorse,SSP126,2035,0.01,0.05,0.6,0.2,0.2,130,0.17,0.1,0.4,6.67,2000,20000,4.76,0.3,1,1.25,0,0.7,8,0.1,119419,5911,7509,113508,1638,31622,24,-1856
Whitehorse,SSP126,2035,0.05,0.05,0.6,0.2,0.2,130,0.25,0.4,0.6,6.17,2000,30000,4.76,0.4,0.25,1.5,8,0.7,2,0.1,123184,5538,6727,117647,1698,31958,21,-1727
Whitehorse,SSP126,2035,0.01,0.01,0.6,0.2,0.2,130,0.25,0.5,0.2,6.17,8000,45000,4.76,0.35,1.5,1,0,0.7,6,0.1,123184,5538,6107,117647,1698,20980,29,-3022
Whitehorse,SSP126,2035,0.05,0.01,0.6,0.2,0.2,130,0.25,0.5,0.2,6.17,4000,25000,4.76,0.3,0.75,0.5,8,0.7,10,0.1,123184,5538,3901,117647,1698,21316,18,-1820
Whitehorse,SSP126,2035,0.01,0.05,0.6,0.2,0.2,130,0.25,0.6,0.1,6.17,0,30000,4.76,0.25,0.25,1.25,4,0.7,8,0.1,123184,5538,8442,117647,1698,31622,27,-2384
Whitehorse,SSP126,2035,0.05,0.05,0.6,0.2,0.2,130,0.21,0.2,0.4,6.67,8000,25000,4.76,0.3,1.5,0.75,8,0.7,10,0.1,121216,6067,6799,115149,1662,31958,21,-2091
Whitehorse,SSP126,2040,0.01,0.01,0.6,0.2,0.2,130,0.21,0.4,0.2,6.17,4000,25000,4.76,0.3,0.25,0.75,10,0.7,6,0.1,121406,5382,4642,116025,1675,21461,22,-1645
Whitehorse,SSP126,2040,0.05,0.01,0.6,0.2,0.2,130,0.25,0.1,0.1,6.17,0,40000,4.76,0.4,0.25,0.75,10,0.7,10,0.1,123312,5538,4579,117774,1700,21825,21,-2620
Whitehorse,SSP126,2040,0.01,0.05,0.6,0.2,0.2,130,0.25,0.6,0.2,6.67,8000,25000,4.76,0.15,0.25,1.25,10,0.7,6,0.1,123312,6223,7701,117089,1690,32328,24,-1856
Whitehorse,SSP126,2040,0.05,0.05,0.6,0.2,0.2,130,0.25,0.6,0.4,6.17,4000,20000,4.76,0.2,1.25,0.75,2,0.7,6,0.1,123312,5538,6581,117774,1700,32693,20,-1649
Whitehorse,SSP126,2040,0.01,0.01,0.6,0.2,0.2,130,0.25,0.6,0.3,7.17,2000,30000,4.76,0.4,1.5,0.75,6,0.7,6,0.1,123312,6908,4738,116404,1680,21461,22,-1998
Whitehorse,SSP126,2040,0.05,0.01,0.6,0.2,0.2,130,0.17,0.2,0.6,6.17,0,25000,4.76,0.35,1,1.5,2,0.7,10,0.6,127596,14976,3938,112620,1623,21825,18,-2003
Whitehorse,SSP126,2040,0.01,0.05,0.6,0.2,0.2,130,0.25,0.3,0.4,6.17,6000,45000,4.76,0.3,0.75,0.75,0,0.7,0,0.1,123312,5538,8686,117774,1700,32328,27,-2712
Whitehorse,SSP126,2040,0.05,0.05,0.6,0.2,0.2,130,0.25,0.4,0.1,6.17,8000,45000,4.76,0.35,1,1,8,0.7,0,0.1,123312,5538,7328,117774,1700,32693,22,-2457
Whitehorse,SSP126,2040,0.01,0.01,0.6,0.2,0.2,130,0.25,0.6,0.5,6.17,0,35000,4.76,0.25,1.25,1,8,0.7,10,0.1,123312,5538,5543,117774,1700,21461,26,-2474
Whitehorse,SSP126,2040,0.05,0.01,0.6,0.2,0.2,130,0.25,0.6,0.1,6.67,0,25000,4.76,0.2,1.25,0.75,4,0.7,4,0.6,131231,15973,3557,115259,1661,21825,16,-1655
Whitehorse,SSP126,2040,0.01,0.05,0.6,0.2,0.2,130,0.25,0.6,0.5,6.17,6000,25000,4.76,0.35,0.75,0.5,2,0.7,6,0.1,123312,5538,8007,117774,1700,32328,25,-1990
Whitehorse,SSP126,2040,0.05,0.05,0.6,0.2,0.2,130,0.25,0.6,0.2,6.67,0,35000,4.76,0.2,1,0.75,8,0.7,2,0.2,124896,8173,6785,116723,1684,32693,21,-2028
Whitehorse,SSP126,2040,0.01,0.01,0.6,0.2,0.2,130,0.25,0.7,0.1,6.17,0,45000,4.76,0.15,0.75,1,6,0.7,4,0.1,123312,5538,5824,117774,1700,21461,27,-2777
Whitehorse,SSP126,2040,0.05,0.01,0.6,0.2,0.2,130,0.25,0.5,0.5,6.17,6000,20000,4.76,0.15,0.75,0.75,10,0.7,2,0.6,131231,15288,3262,115944,1671,21825,15,-1196
Whitehorse,SSP126,2040,0.01,0.05,0.6,0.2,0.2,130,0.25,0.7,0.5,6.67,2000,25000,4.76,0.25,0.5,0.75,10,0.7,6,0.1,123312,6223,7662,117089,1690,32328,24,-1804
Whitehorse,SSP126,2040,0.05,0.05,0.6,0.2,0.2,130,0.25,0.7,0.2,6.67,10000,20000,4.76,0.25,1.5,0.5,0,0.7,4,0.2,124896,8173,6312,116723,1684,32693,19,-1544
Whitehorse,SSP126,2040,0.01,0.01,0.6,0.2,0.2,130,0.25,0.5,0.4,7.17,4000,20000,4.76,0.2,0.25,1.25,0,0.7,2,0.1,123312,6908,4092,116404,1680,21461,19,-1335
Whitehorse,SSP126,2040,0.05,0.01,0.6,0.2,0.2,130,0.25,0.5,0.4,6.17,8000,25000,5.26,0.4,0.5,1.25,2,0.7,2,0.6,131231,16658,3344,114574,1651,21825,15,-1627
Whitehorse,SSP126,2040,0.01,0.05,0.6,0.2,0.2,130,0.25,0.1,0.3,6.17,8000,45000,4.76,0.4,1.5,0.5,4,0.7,0,0.1,123312,5538,8576,117774,1700,32328,27,-2606
Whitehorse,SSP126,2040,0.05,0.05,0.6,0.2,0.2,130,0.25,0.5,0.6,6.17,0,25000,4.76,0.3,1.5,1.25,6,0.7,2,0.5,129647,13338,6546,116310,1677,32693,20,-1553
Whitehorse,SSP126,2045,0.01,0.01,0.6,0.2,0.2,130,0.21,0.7,0.3,6.17,6000,45000,4.76,0.25,1.25,1,0,0.7,2,0.1,124826,5382,6001,119444,1724,21655,28,-2807
Whitehorse,SSP126,2045,0.05,0.01,0.6,0.2,0.2,130,0.25,0.2,0.4,6.17,4000,25000,4.76,0.35,1.5,1.25,0,0.7,10,0.1,126793,5538,4333,121255,1750,21985,20,-2063
Whitehorse,SSP126,2045,0.01,0.05,0.6,0.2,0.2,130,0.25,0.5,0.2,6.17,4000,20000,4.76,0.15,0.75,1.25,0,0.7,4,0.1,126793,5538,7903,121255,1750,32660,24,-1560
Whitehorse,SSP126,2045,0.05,0.05,0.6,0.2,0.2,130,0.25,0.7,0.6,6.17,0,20000,4.76,0.35,1.5,0.75,6,0.7,2,0.1,126793,5538,6473,121255,1750,32990,20,-1181
Whitehorse,SSP126,2045,0.01,0.01,0.6,0.2,0.2,130,0.25,0.4,0.2,6.17,8000,45000,4.76,0.3,1,1.25,4,0.7,4,0.1,126793,5538,6137,121255,1750,21655,28,-2859
Whitehorse,SSP126,2045,0.05,0.01,0.6,0.2,0.2,130,0.25,0.3,0.6,6.17,10000,25000,4.76,0.4,0.75,1.5,10,0.7,4,0.1,126793,5538,3722,121255,1750,21985,17,-1464
Whitehorse,SSP126,2045,0.01,0.05,0.6,0.2,0.2,130,0.25,0.1,0.6,6.67,6000,35000,4.76,0.2,1.25,0.75,6,0.7,10,0.1,126793,6223,8988,120570,1740,32660,28,-2849
Whitehorse,SSP126,2045,0.05,0.05,0.6,0.2,0.2,130,0.25,0.6,0.3,6.17,6000,50000,4.76,0.35,0.5,0.75,4,0.7,2,0.1,126793,5538,8285,121255,1750,32990,25,-3069
Whitehorse,SSP126,2045,0.01,0.01,0.6,0.2,0.2,130,0.25,0.2,0.1,7.17,0,20000,4.76,0.35,0.75,1.25,8,0.7,2,0.2,128355,8858,4064,119497,1724,21655,19,-1162
Whitehorse,SSP126,2045,0.05,0.01,0.6,0.2,0.2,130,0.25,0.1,0.3,6.17,2000,40000,5.26,0.4,1.5,0.75,10,0.7,8,0.1,126793,6908,4441,119885,1730,21985,20,-2533
Whitehorse,SSP126,2045,0.01,0.05,0.6,0.2,0.2,130,0.25,0.6,0.4,6.17,4000,35000,4.76,0.3,0.75,1.25,0,0.7,2,0.1,126793,5538,8590,121255,1750,32660,26,-2280
Whitehorse,SSP126,2045,0.05,0.05,0.6,0.2,0.2,130,0.25,0.1,0.2,7.67,4000,35000,4.76,0.35,0.75,0.5,10,0.7,2,0.1,126793,7593,6723,119200,1720,32990,20,-1973
Whitehorse,SSP126,2045,0.01,0.01,0.6,0.2,0.2,130,0.25,0.5,0.4,6.67,6000,40000,4.76,0.3,1.5,1,4,0.7,4,0.1,126793,6223,5662,120570,1740,21655,26,-2536
Whitehorse,SSP126,2045,0.05,0.01,0.6,0.2,0.2,130,0.25,0.1,0.6,6.17,0,20000,4.76,0.2,1.5,0.75,0,0.7,2,0.1,126793,5538,3594,121255,1750,21985,16,-1304
Whitehorse,SSP126,2045,0.01,0.05,0.6,0.2,0.2,130,0.25,0.6,0.1,6.17,2000,45000,5.26,0.35,1,0.5,0,0.7,4,0.1,126793,6908,8994,119885,1730,32660,28,-3035
Whitehorse,SSP126,2045,0.05,0.05,0.6,0.2,0.2,130,0.25,0.1,0.1,6.17,4000,25000,4.76,0.4,1.5,1.25,10,0.7,6,0.1,126793,5538,6982,121255,1750,32990,21,-1709
Whitehorse,SSP126,2045,0.01,0.01,0.6,0.2,0.2,130,0.25,0.4,0.4,7.17,6000,20000,4.76,0.3,0.5,1.5,0,0.7,2,0.1,126793,6908,4346,119885,1730,21655,20,-1346
Whitehorse,SSP126,2045,0.05,0.01,0.6,0.2,0.2,130,0.25,0.5,0.3,6.17,4000,35000,4.76,0.4,1,1,8,0.7,6,0.1,126793,5538,4445,121255,1750,21985,20,-2196
Whitehorse,SSP126,2045,0.01,0.05,0.6,0.2,0.2,130,0.25,0.3,0.5,6.17,2000,25000,4.76,0.2,0.75,1.5,4,0.7,8,0.1,126793,5538,8451,121255,1750,32660,26,-2115
Whitehorse,SSP126,2045,0.05,0.05,0.6,0.2,0.2,130,0.25,0.7,0.3,6.67,6000,30000,4.76,0.15,1.25,0.75,8,0.7,10,0.1,126793,6223,7518,120570,1740,32990,23,-2427
Whitehorse,SSP126,2050,0.01,0.01,0.6,0.2,0.2,130,0.25,0.6,0.2,6.17,10000,30000,4.76,0.15,0.5,1.5,8,0.7,8,0.1,131354,5538,5600,125816,1816,22773,25,-2155
Whitehorse,SSP126,2050,0.05,0.01,0.6,0.2,0.2,130,0.25,0.5,0.5,6.17,4000,35000,4.76,0.2,1,0.75,4,0.7,10,0.6,139419,15288,5054,124131,1789,23111,22,-2633
Whitehorse,SSP126,2050,0.01,0.05,0.6,0.2,0.2,130,0.21,0.5,0.6,6.17,6000,25000,4.76,0.3,0.5,1.5,2,0.7,0,0.1,129294,5382,7934,123913,1788,34361,23,-1487
Whitehorse,SSP126,2050,0.05,0.05,0.6,0.2,0.2,130,0.25,0.2,0.2,6.17,10000,25000,4.76,0.4,1.25,0.5,6,0.7,0,0.1,131354,5538,6756,125816,1816,34698,19,-1317
Whitehorse,SSP126,2050,0.01,0.01,0.6,0.2,0.2,130,0.25,0.4,0.3,6.67,6000,25000,4.76,0.25,0.5,1,8,0.7,2,0.1,131354,6223,4772,125131,1806,22773,21,-1475
Whitehorse,SSP126,2050,0.05,0.01,0.6,0.2,0.2,130,0.25,0.6,0.2,6.17,4000,30000,4.76,0.2,1,0.5,4,0.7,4,0.1,131354,5538,4225,125816,1816,23111,18,-1907
Whitehorse,SSP126,2050,0.01,0.05,0.6,0.2,0.2,130,0.25,0.5,0.1,6.17,0,40000,4.76,0.25,0.25,1,0,0.7,2,0.1,131354,5538,9130,125816,1816,34361,27,-2562
Whitehorse,SSP126,2050,0.05,0.05,0.6,0.2,0.2,130,0.25,0.6,0.1,6.67,10000,20000,4.76,0.15,1.25,0.75,2,0.7,2,0.1,131354,6223,6615,125131,1806,34698,19,-1333
Whitehorse,SSP126,2050,0.01,0.01,0.6,0.2,0.2,130,0.25,0.6,0.1,6.17,6000,25000,4.76,0.4,1,0.75,8,0.7,0,0.1,131354,5538,4804,125816,1816,22773,21,-1340
Whitehorse,SSP126,2050,0.05,0.01,0.6,0.2,0.2,130,0.25,0.4,0.4,6.17,6000,25000,4.76,0.4,0.75,1,8,0.7,4,0.6,139419,15288,4078,124131,1789,23111,18,-1640
Whitehorse,SSP126,2050,0.01,0.05,0.6,0.2,0.2,130,0.25,0.3,0.5,6.17,2000,20000,4.76,0.1,1.25,1.25,6,0.7,2,0.1,131354,5538,7853,125816,1816,34361,23,-1247
Whitehorse,SSP126,2050,0.05,0.05,0.6,0.2,0.2,130,0.25,0.2,0.2,6.17,2000,35000,4.76,0.15,0.25,0.75,0,0.7,6,0.1,131354,5538,8077,125816,1816,34698,23,-2643
Whitehorse,SSP126,2050,0.01,0.01,0.6,0.2,0.2,130,0.25,0.3,0.4,6.17,0,30000,4.76,0.1,0.75,1.25,4,0.7,2,0.2,132967,7488,5190,125479,1811,22773,23,-1827
Whitehorse,SSP126,2050,0.05,0.01,0.6,0.2,0.2,130,0.25,0.6,0.1,6.17,2000,20000,5.26,0.1,1,1.5,8,0.7,4,0.6,139419,16658,3440,122761,1769,23111,15,-1318
Whitehorse,SSP126,2050,0.01,0.05,0.6,0.2,0.2,130,0.25,0.2,0.1,6.17,2000,25000,4.76,0.35,1.5,1,10,0.7,6,0.1,131354,5538,8413,125816,1816,34361,24,-1817
Whitehorse,SSP126,2050,0.05,0.05,0.6,0.2,0.2,130,0.25,0.1,0.1,6.17,10000,25000,4.76,0.25,1,1.5,10,0.7,0,0.1,131354,5538,6638,125816,1816,34698,19,-1199
Whitehorse,SSP126,2050,0.01,0.01,0.6,0.2,0.2,130,0.25,0.3,0.4,6.67,10000,35000,4.76,0.15,1,1.25,2,0.7,0,0.1,131354,6223,5349,125131,1806,22773,23,-2082
Whitehorse,SSP126,2050,0.05,0.01,0.6,0.2,0.2,130,0.25,0.4,0.6,6.17,0,20000,4.76,0.25,1.5,1,0,0.7,4,0.4,136193,11388,3843,124805,1800,23111,17,-1427
Whitehorse,SSP126,2050,0.01,0.05,0.6,0.2,0.2,130,0.25,0.2,0.5,6.17,4000,40000,5.26,0.25,0.75,1.25,2,0.7,0,0.1,131354,6908,8585,124446,1796,34361,25,-2360
Whitehorse,SSP126,2050,0.05,0.05,0.6,0.2,0.2,130,0.25,0.4,0.3,6.17,8000,20000,4.76,0.3,0.5,0.75,6,0.7,10,0.1,131354,5538,7405,125816,1816,34698,21,-1952
Whitehorse,SSP245,2025,0.01,0.01,0.6,0.2,0.2,130,0.25,0.3,0.4,7.67,2000,40000,4.76,0.3,0.25,0.75,8,0.7,10,0.1,124312,7593,5445,116719,1684,21098,26,-2795
Whitehorse,SSP245,2025,0.05,0.01,0.6,0.2,0.2,130,0.25,0.2,0.6,6.17,6000,20000,4.76,0.25,1.25,1.5,10,0.7,2,0.6,132271,15288,3395,116984,1686,21436,16,-1189
Whitehorse,SSP245,2025,0.01,0.05,0.6,0.2,0.2,130,0.25,0.3,0.4,6.17,2000,30000,4.76,0.15,0.75,0.5,10,0.7,6,0.1,124312,5538,8233,118774,1714,31801,26,-2107
Whitehorse,SSP245,2025,0.05,0.05,0.6,0.2,0.2,130,0.21,0.4,0.3,6.17,0,50000,4.76,0.15,1,0.5,2,0.7,10,0.6,130294,15132,8778,115162,1660,32139,27,-3793
Whitehorse,SSP245,2025,0.01,0.01,0.6,0.2,0.2,130,0.25,0.5,0.1,6.17,2000,30000,4.76,0.1,1.25,1,4,0.7,10,0.1,124312,5538,5443,118774,1714,21098,26,-2270
Whitehorse,SSP245,2025,0.05,0.01,0.6,0.2,0.2,130,0.25,0.7,0.6,6.17,2000,20000,4.76,0.1,0.75,1.25,2,0.7,10,0.6,132271,15288,3949,116984,1686,21436,18,-1735
Whitehorse,SSP245,2025,0.01,0.05,0.6,0.2,0.2,130,0.25,0.1,0.4,6.67,4000,20000,4.76,0.1,0.75,0.5,4,0.7,0,0.1,124312,6223,7106,118089,1704,31801,22,-1132
Whitehorse,SSP245,2025,0.05,0.05,0.6,0.2,0.2,130,0.25,0.5,0.6,7.67,10000,45000,4.76,0.25,1,0.75,8,0.7,8,0.1,124312,7593,7663,116719,1684,32139,24,-3157
Whitehorse,SSP245,2025,0.01,0.01,0.6,0.2,0.2,130,0.25,0.1,0.4,6.17,2000,35000,4.76,0.2,0.5,0.75,0,0.7,6,0.1,124312,5538,5595,118774,1714,21098,27,-2433
Whitehorse,SSP245,2025,0.05,0.01,0.6,0.2,0.2,130,0.25,0.2,0.2,6.17,6000,45000,5.26,0.1,0.25,1.25,4,0.7,4,0.1,124312,6908,4558,117404,1694,21436,21,-2828
Whitehorse,SSP245,2025,0.01,0.05,0.6,0.2,0.2,130,0.25,0.6,0.5,6.17,4000,50000,4.76,0.25,0.25,0.5,2,0.7,10,0.1,124312,5538,9903,118774,1714,31801,31,-3824
Whitehorse,SSP245,2025,0.05,0.05,0.6,0.2,0.2,130,0.25,0.4,0.1,6.17,0,35000,4.76,0.25,0.75,1.5,4,0.7,4,0.1,124312,5538,7353,118774,1714,32139,23,-2302
Whitehorse,SSP245,2025,0.01,0.01,0.6,0.2,0.2,130,0.25,0.6,0.6,6.17,2000,50000,4.76,0.35,1,1,8,0.7,8,0.1,124312,5538,6401,118774,1714,21098,30,-3271
Whitehorse,SSP245,2025,0.05,0.01,0.6,0.2,0.2,130,0.25,0.2,0.2,6.67,10000,25000,4.76,0.2,0.5,0.5,10,0.7,8,0.5,130680,14023,3841,116657,1682,21436,18,-1839
Whitehorse,SSP245,2025,0.01,0.05,0.6,0.2,0.2,130,0.25,0.2,0.1,6.17,2000,50000,4.76,0.1,1.5,0.75,0,0.7,10,0.1,124312,5538,9917,118774,1714,31801,31,-3834
Whitehorse,SSP245,2025,0.05,0.05,0.6,0.2,0.2,130,0.25,0.5,0.2,7.17,2000,40000,4.76,0.35,0.5,1.25,4,0.7,10,0.2,125904,8858,7859,117046,1688,32139,24,-3141
Whitehorse,SSP245,2025,0.01,0.01,0.6,0.2,0.2,130,0.25,0.6,0.2,6.67,10000,30000,4.76,0.2,0.75,1,2,0.7,8,0.2,125904,8173,5135,117731,1699,21098,24,-2253
Whitehorse,SSP245,2025,0.05,0.01,0.6,0.2,0.2,130,0.21,0.6,0.4,6.17,2000,35000,4.76,0.2,1.25,1.25,6,0.7,0,0.1,122334,5382,3923,116953,1688,21436,18,-1906
Whitehorse,SSP245,2025,0.01,0.05,0.6,0.2,0.2,130,0.25,0.4,0.6,6.17,10000,40000,5.26,0.1,1.25,1,6,0.7,10,0.1,124312,6908,8894,117404,1694,31801,28,-3142
Whitehorse,SSP245,2025,0.05,0.05,0.6,0.2,0.2,130,0.21,0.6,0.5,6.17,2000,20000,4.76,0.1,1.25,0.5,6,0.7,0,0.1,122334,5382,5969,116953,1688,32139,19,-1013
Whitehorse,SSP245,2030,0.01,0.01,0.6,0.2,0.2,130,0.21,0.2,0.4,6.17,10000,25000,4.76,0.35,0.5,1,10,0.7,2,0.1,119316,5382,4397,113934,1644,20639,21,-1467
Whitehorse,SSP245,2030,0.05,0.01,0.6,0.2,0.2,130,0.25,0.3,0.4,6.17,2000,30000,4.76,0.1,0.5,1,0,0.7,2,0.6,129221,15288,3974,113934,1642,20986,19,-1909
Whitehorse,SSP245,2030,0.01,0.05,0.6,0.2,0.2,130,0.25,0.4,0.1,6.17,4000,25000,4.76,0.3,0.75,1,8,0.7,2,0.1,121229,5538,7429,115691,1670,31090,24,-1517
Whitehorse,SSP245,2030,0.05,0.05,0.6,0.2,0.2,130,0.25,0.2,0.5,6.67,8000,40000,4.76,0.35,1,0.75,4,0.7,0,0.1,121229,6223,6942,115006,1660,31437,22,-2292
Whitehorse,SSP245,2030,0.01,0.01,0.6,0.2,0.2,130,0.25,0.7,0.2,6.67,4000,45000,4.76,0.2,1,0.5,2,0.7,6,0.1,121229,6223,5803,115006,1660,20639,28,-2983
Whitehorse,SSP245,2030,0.05,0.01,0.6,0.2,0.2,130,0.25,0.4,0.6,6.17,0,20000,4.76,0.15,0.5,1.5,10,0.7,10,0.1,121229,5538,3426,115691,1670,20986,16,-1432
Whitehorse,SSP245,2030,0.01,0.05,0.6,0.2,0.2,130,0.25,0.1,0.2,7.17,2000,25000,4.76,0.35,0.25,0.5,8,0.7,2,0.1,121229,6908,7093,114321,1650,31090,23,-1512
Whitehorse,SSP245,2030,0.05,0.05,0.6,0.2,0.2,130,0.25,0.4,0.4,6.67,2000,50000,4.76,0.25,1.5,1.25,4,0.7,0,0.1,121229,6223,7499,115006,1660,31437,24,-2857
Whitehorse,SSP245,2030,0.01,0.01,0.6,0.2,0.2,130,0.25,0.6,0.6,6.17,2000,25000,4.76,0.35,1.25,1,8,0.7,6,0.1,121229,5538,4695,115691,1670,20639,23,-1662
Whitehorse,SSP245,2030,0.05,0.01,0.6,0.2,0.2,130,0.21,0.1,0.5,6.17,4000,45000,4.76,0.3,0.25,0.75,2,0.7,6,0.6,127308,15132,4965,112177,1617,20986,24,-3010
Whitehorse,SSP245,2030,0.01,0.05,0.6,0.2,0.2,130,0.25,0.5,0.6,6.17,0,50000,4.76,0.4,0.25,0.5,10,0.7,10,0.1,121229,5538,9479,115691,1670,31090,30,-3612
Whitehorse,SSP245,2030,0.05,0.05,0.6,0.2,0.2,130,0.25,0.6,0.3,7.67,0,25000,4.76,0.2,1.5,0.75,2,0.7,8,0.1,121229,7593,6459,113636,1639,31437,21,-2095
Whitehorse,SSP245,2030,0.01,0.01,0.6,0.2,0.2,130,0.25,0.1,0.1,6.67,6000,25000,4.76,0.3,0.5,1.5,10,0.7,4,0.1,121229,6223,4406,115006,1660,20639,21,-1548
Whitehorse,SSP245,2030,0.05,0.01,0.6,0.2,0.2,130,0.25,0.3,0.3,6.67,4000,35000,4.76,0.25,1.5,0.5,8,0.7,0,0.6,129221,15973,3872,113249,1632,20986,18,-1989
Whitehorse,SSP245,2030,0.01,0.05,0.6,0.2,0.2,130,0.25,0.7,0.3,6.67,6000,50000,4.76,0.35,1,1.25,4,0.7,0,0.1,121229,6223,8609,115006,1660,31090,28,-2921
Whitehorse,SSP245,2030,0.05,0.05,0.6,0.2,0.2,130,0.25,0.6,0.6,6.17,6000,35000,4.76,0.1,0.5,1.25,0,0.7,6,0.1,121229,5538,7458,115691,1670,31437,24,-2626
Whitehorse,SSP245,2030,0.01,0.01,0.6,0.2,0.2,130,0.25,0.2,0.4,6.67,2000,50000,4.76,0.1,1,0.75,0,0.7,6,0.1,121229,6223,6126,115006,1660,20639,30,-3313
Whitehorse,SSP245,2030,0.05,0.01,0.6,0.2,0.2,130,0.25,0.4,0.6,6.17,2000,20000,4.76,0.35,0.75,1.5,10,0.7,8,0.5,127623,13338,3545,114285,1648,20986,17,-1478
Whitehorse,SSP245,2030,0.01,0.05,0.6,0.2,0.2,130,0.25,0.1,0.2,6.17,0,50000,4.76,0.15,1,0.5,2,0.7,8,0.1,121229,5538,9472,115691,1670,31090,30,-3604
Whitehorse,SSP245,2030,0.05,0.05,0.6,0.2,0.2,130,0.25,0.4,0.3,6.67,4000,45000,4.76,0.4,0.75,1.25,6,0.7,6,0.1,121229,6223,7667,115006,1660,31437,24,-3019
Whitehorse,SSP245,2035,0.01,0.01,0.6,0.2,0.2,130,0.25,0.2,0.6,6.17,10000,20000,4.76,0.35,1.5,1,0,0.7,4,0.1,125633,5538,4632,120095,1733,21594,21,-1430
Whitehorse,SSP245,2035,0.05,0.01,0.6,0.2,0.2,130,0.25,0.2,0.6,6.17,6000,40000,5.26,0.4,0.75,1.5,10,0.7,4,0.6,133473,16658,4289,116816,1683,21958,20,-2499
Whitehorse,SSP245,2035,0.01,0.05,0.6,0.2,0.2,130,0.21,0.4,0.6,6.17,6000,25000,4.76,0.3,1,1.5,8,0.7,10,0.1,123653,5382,8256,118272,1707,32532,25,-2200
Whitehorse,SSP245,2035,0.05,0.05,0.6,0.2,0.2,130,0.25,0.1,0.4,6.67,2000,35000,4.76,0.3,1.25,1.25,0,0.7,8,0.1,125633,6223,7689,119410,1723,32896,23,-2782
Whitehorse,SSP245,2035,0.01,0.01,0.6,0.2,0.2,130,0.17,0.2,0.3,6.17,2000,40000,4.76,0.25,1.25,1.25,2,0.7,4,0.1,121837,5226,5574,116612,1683,21594,26,-2566
Whitehorse,SSP245,2035,0.05,0.01,0.6,0.2,0.2,130,0.25,0.4,0.6,6.67,10000,30000,4.76,0.3,1,1.25,10,0.7,2,0.1,125633,6223,3531,119410,1723,21958,16,-1621
Whitehorse,SSP245,2035,0.01,0.05,0.6,0.2,0.2,130,0.25,0.4,0.3,6.17,4000,35000,4.76,0.2,0.75,1.5,8,0.7,8,0.1,125633,5538,8804,120095,1733,32532,27,-2631
Whitehorse,SSP245,2035,0.05,0.05,0.6,0.2,0.2,130,0.25,0.4,0.2,6.17,10000,20000,4.76,0.35,1,0.75,6,0.7,2,0.1,125633,5538,6303,120095,1733,32896,19,-1213
Whitehorse,SSP245,2035,0.01,0.01,0.6,0.2,0.2,130,0.25,0.1,0.6,6.67,10000,30000,4.76,0.4,0.75,1.25,0,0.7,10,0.2,127201,8173,5311,119028,1717,21594,25,-2408
Whitehorse,SSP245,2035,0.05,0.01,0.6,0.2,0.2,130,0.25,0.2,0.5,6.17,0,25000,4.76,0.15,1.25,0.5,2,0.7,6,0.1,125633,5538,3874,120095,1733,21958,18,-1765
Whitehorse,SSP245,2035,0.01,0.05,0.6,0.2,0.2,130,0.25,0.7,0.3,6.17,4000,40000,5.26,0.3,1.25,1.25,4,0.7,0,0.1,125633,6908,8136,118725,1713,32532,25,-2308
Whitehorse,SSP245,2035,0.05,0.05,0.6,0.2,0.2,130,0.25,0.3,0.4,6.67,0,25000,4.76,0.4,1,1,8,0.7,10,0.2,127201,8173,7071,119028,1717,32896,21,-2127
Whitehorse,SSP245,2035,0.01,0.01,0.6,0.2,0.2,130,0.25,0.7,0.5,6.17,0,25000,4.76,0.4,0.75,1.25,8,0.7,6,0.1,125633,5538,4873,120095,1733,21594,23,-1661
Whitehorse,SSP245,2035,0.05,0.01,0.6,0.2,0.2,130,0.25,0.1,0.1,6.17,10000,30000,4.76,0.2,0.25,1,6,0.7,10,0.1,125633,5538,4321,120095,1733,21958,20,-2243
Whitehorse,SSP245,2035,0.01,0.05,0.6,0.2,0.2,130,0.25,0.4,0.5,6.17,8000,20000,4.76,0.25,0.25,1,10,0.7,10,0.1,125633,5538,8110,120095,1733,32532,25,-1913
Whitehorse,SSP245,2035,0.05,0.05,0.6,0.2,0.2,130,0.21,0.7,0.2,6.17,0,25000,4.76,0.15,0.75,1.5,4,0.7,10,0.1,123653,5382,7194,118272,1707,32896,22,-2215
Whitehorse,SSP245,2035,0.01,0.01,0.6,0.2,0.2,130,0.25,0.1,0.5,6.17,8000,25000,4.76,0.15,0.5,1.25,8,0.7,10,0.2,127201,7488,5046,119713,1727,21594,23,-1961
Whitehorse,SSP245,2035,0.05,0.01,0.6,0.2,0.2,130,0.25,0.6,0.6,6.17,0,35000,4.76,0.1,1,1.25,4,0.7,2,0.1,125633,5538,4157,120095,1733,21958,19,-2069
Whitehorse,SSP245,2035,0.01,0.05,0.6,0.2,0.2,130,0.25,0.1,0.4,6.17,10000,40000,4.76,0.15,0.5,0.75,2,0.7,4,0.1,125633,5538,8904,120095,1733,32532,27,-2754
Whitehorse,SSP245,2035,0.05,0.05,0.6,0.2,0.2,130,0.25,0.5,0.4,6.17,4000,25000,4.76,0.4,0.25,1.5,0,0.7,4,0.1,125633,5538,6959,120095,1733,32896,21,-1868
Whitehorse,SSP245,2040,0.01,0.01,0.6,0.2,0.2,130,0.25,0.6,0.6,6.17,8000,25000,4.76,0.15,1.5,1.25,8,0.7,4,0.1,132950,5538,5133,127412,1839,22897,22,-1567
Whitehorse,SSP245,2040,0.05,0.01,0.6,0.2,0.2,130,0.25,0.7,0.3,6.17,2000,35000,5.26,0.1,0.25,1.25,6,0.7,8,0.1,132950,6908,4480,126042,1819,23227,19,-2383
Whitehorse,SSP245,2040,0.01,0.05,0.6,0.2,0.2,130,0.25,0.7,0.5,6.17,8000,35000,4.76,0.35,1.25,0.5,0,0.7,6,0.1,132950,5538,9352,127412,1839,34558,27,-2653
Whitehorse,SSP245,2040,0.05,0.05,0.6,0.2,0.2,130,0.25,0.2,0.6,6.17,2000,25000,4.76,0.2,0.75,0.5,0,0.7,8,0.2,134457,7488,7833,126969,1832,34887,22,-2230
Whitehorse,SSP245,2040,0.01,0.01,0.6,0.2,0.2,130,0.25,0.5,0.5,6.17,0,45000,4.76,0.3,1.25,1.25,6,0.7,4,0.1,132950,5538,6331,127412,1839,22897,28,-2790
Whitehorse,SSP245,2040,0.05,0.01,0.6,0.2,0.2,130,0.25,0.3,0.5,6.17,0,45000,4.76,0.2,1.25,1.5,4,0.7,10,0.1,132950,5538,5561,127412,1839,23227,24,-3146
Whitehorse,SSP245,2040,0.01,0.05,0.6,0.2,0.2,130,0.25,0.2,0.3,6.67,2000,25000,4.76,0.1,1.25,1,8,0.7,4,0.1,132950,6223,8253,126727,1829,34558,24,-1688
Whitehorse,SSP245,2040,0.05,0.05,0.6,0.2,0.2,130,0.21,0.3,0.5,6.17,10000,40000,4.76,0.15,1.5,0.5,4,0.7,6,0.1,130809,5382,8230,125427,1810,34887,24,-2805
Whitehorse,SSP245,2040,0.01,0.01,0.6,0.2,0.2,130,0.25,0.3,0.1,6.17,8000,20000,5.26,0.1,1.25,0.75,8,0.7,6,0.2,134457,8858,4540,125599,1812,22897,20,-1418
Whitehorse,SSP245,2040,0.05,0.01,0.6,0.2,0.2,130,0.25,0.1,0.3,6.17,0,25000,5.26,0.25,1.5,0.75,10,0.7,8,0.1,132950,6908,3763,126042,1819,23227,16,-1640
Whitehorse,SSP245,2040,0.01,0.05,0.6,0.2,0.2,130,0.21,0.1,0.3,6.17,10000,25000,5.26,0.4,0.5,0.5,8,0.7,4,0.1,130809,6752,7983,124057,1790,34558,23,-1748
Whitehorse,SSP245,2040,0.05,0.05,0.6,0.2,0.2,130,0.25,0.1,0.5,7.17,10000,35000,4.76,0.25,0.25,1.25,8,0.7,2,0.1,132950,6908,7321,126042,1819,34887,21,-2087
Whitehorse,SSP245,2040,0.01,0.01,0.6,0.2,0.2,130,0.25,0.4,0.6,7.17,4000,50000,4.76,0.35,1,0.5,8,0.7,4,0.1,132950,6908,6248,126042,1819,22897,27,-3061
Whitehorse,SSP245,2040,0.05,0.01,0.6,0.2,0.2,130,0.25,0.5,0.2,7.17,4000,45000,4.76,0.25,0.25,1,0,0.7,0,0.1,132950,6908,4783,126042,1819,23227,21,-2712
Whitehorse,SSP245,2040,0.01,0.05,0.6,0.2,0.2,130,0.25,0.2,0.1,6.17,0,20000,4.76,0.2,0.75,1.25,4,0.7,6,0.1,132950,5538,8400,127412,1839,34558,24,-1653
Whitehorse,SSP245,2040,0.05,0.05,0.6,0.2,0.2,130,0.25,0.5,0.2,6.67,6000,45000,4.76,0.4,1,0.75,0,0.7,8,0.2,134457,8173,8819,126284,1822,34887,25,-3434
Whitehorse,SSP245,2040,0.01,0.01,0.6,0.2,0.2,130,0.25,0.7,0.1,6.17,8000,30000,4.76,0.1,0.5,0.75,4,0.7,4,0.1,132950,5538,5550,127412,1839,22897,24,-1995
Whitehorse,SSP245,2040,0.05,0.01,0.6,0.2,0.2,130,0.25,0.2,0.6,6.17,6000,30000,5.26,0.35,1.5,0.5,8,0.7,6,0.1,132950,6908,3991,126042,1819,23227,17,-1891
Whitehorse,SSP245,2040,0.01,0.05,0.6,0.2,0.2,130,0.25,0.1,0.5,6.67,4000,20000,4.76,0.1,1.25,1.5,8,0.7,2,0.1,132950,6223,7784,126727,1829,34558,23,-1213
Whitehorse,SSP245,2040,0.05,0.05,0.6,0.2,0.2,130,0.25,0.5,0.1,6.67,8000,30000,5.26,0.35,0.75,0.5,6,0.7,2,0.2,134457,9543,6915,124914,1802,34887,20,-1837
Whitehorse,SSP245,2045,0.01,0.01,0.6,0.2,0.2,130,0.25,0.7,0.3,6.17,6000,45000,4.76,0.3,1.25,1.25,10,0.7,8,0.1,128431,5538,6181,122894,1774,22280,28,-2941
Whitehorse,SSP245,2045,0.05,0.01,0.6,0.2,0.2,130,0.25,0.5,0.1,6.17,4000,20000,4.76,0.25,1.5,0.75,8,0.7,0,0.1,128431,5538,3071,122894,1774,22624,14,-928
Whitehorse,SSP245,2045,0.01,0.05,0.6,0.2,0.2,130,0.25,0.7,0.2,6.17,0,50000,4.76,0.4,1.5,1.5,10,0.7,6,0.1,128431,5538,9597,122894,1774,33600,29,-3290
Whitehorse,SSP245,2045,0.05,0.05,0.6,0.2,0.2,130,0.25,0.6,0.2,6.67,4000,45000,4.76,0.25,1,0.75,0,0.7,0,0.1,128431,6223,7682,122209,1764,33944,23,-2695
Whitehorse,SSP245,2045,0.01,0.01,0.6,0.2,0.2,130,0.25,0.5,0.4,6.17,2000,40000,4.76,0.3,1.5,0.5,0,0.7,4,0.1,128431,5538,5875,122894,1774,22280,26,-2616
Whitehorse,SSP245,2045,0.05,0.01,0.6,0.2,0.2,130,0.25,0.7,0.2,6.17,4000,25000,4.76,0.25,1,0.75,8,0.7,2,0.1,128431,5538,3485,122894,1774,22624,15,-1353
Whitehorse,SSP245,2045,0.01,0.05,0.6,0.2,0.2,130,0.25,0.4,0.2,6.67,4000,30000,4.76,0.2,1.5,1,0,0.7,4,0.1,128431,6223,8319,122209,1764,33600,25,-2146
Whitehorse,SSP245,2045,0.05,0.05,0.6,0.2,0.2,130,0.25,0.6,0.6,6.67,2000,20000,4.76,0.4,0.25,1.5,8,0.7,2,0.1,128431,6223,6161,122209,1764,33944,18,-1117
Whitehorse,SSP245,2045,0.01,0.01,0.6,0.2,0.2,130,0.25,0.5,0.4,6.17,8000,25000,4.76,0.35,0.25,0.5,6,0.7,10,0.2,129987,7488,5183,122499,1768,22280,23,-2017
Whitehorse,SSP245,2045,0.05,0.01,0.6,0.2,0.2,130,0.25,0.5,0.5,6.17,6000,20000,4.76,0.25,0.75,0.5,10,0.7,2,0.1,128431,5538,3144,122894,1774,22624,14,-1005
Whitehorse,SSP245,2045,0.01,0.05,0.6,0.2,0.2,130,0.25,0.6,0.6,6.67,0,25000,5.26,0.4,0.5,1,8,0.7,0,0.1,128431,7593,7170,120839,1743,33600,21,-1313
Whitehorse,SSP245,2045,0.05,0.05,0.6,0.2,0.2,130,0.25,0.5,0.4,6.17,8000,30000,4.76,0.3,0.75,1.5,10,0.7,8,0.1,128431,5538,7383,122894,1774,33944,22,-2205
Whitehorse,SSP245,2045,0.01,0.01,0.6,0.2,0.2,130,0.25,0.3,0.1,6.17,8000,20000,4.76,0.1,1,0.5,10,0.7,6,0.1,128431,5538,4642,122894,1774,22280,21,-1353
Whitehorse,SSP245,2045,0.05,0.01,0.6,0.2,0.2,130,0.25,0.3,0.6,6.17,10000,20000,4.76,0.4,1.25,1.5,2,0.7,2,0.1,128431,5538,3397,122894,1774,22624,15,-1267
Whitehorse,SSP245,2045,0.01,0.05,0.6,0.2,0.2,130,0.25,0.5,0.4,6.67,2000,40000,4.76,0.4,0.75,1,2,0.7,2,0.1,128431,6223,8682,122209,1764,33600,26,-2526
Whitehorse,SSP245,2045,0.05,0.05,0.6,0.2,0.2,130,0.25,0.7,0.4,6.67,4000,30000,4.76,0.3,0.75,0.5,4,0.7,2,0.1,128431,6223,6870,122209,1764,33944,20,-1852
Whitehorse,SSP245,2045,0.01,0.01,0.6,0.2,0.2,130,0.25,0.3,0.1,6.67,2000,35000,4.76,0.15,1.25,1,8,0.7,4,0.1,128431,6223,5248,122209,1764,22280,24,-2146
Whitehorse,SSP245,2045,0.05,0.01,0.6,0.2,0.2,130,0.25,0.6,0.2,6.67,8000,40000,4.76,0.15,0.5,1,4,0.7,0,0.4,133097,12073,4295,121024,1745,22624,19,-2345
Whitehorse,SSP245,2045,0.01,0.05,0.6,0.2,0.2,130,0.17,0.3,0.4,6.17,8000,20000,4.76,0.2,1.5,0.75,6,0.7,0,0.1,124487,5226,7160,119262,1721,33600,21,-1073
Whitehorse,SSP245,2045,0.05,0.05,0.6,0.2,0.2,130,0.21,0.4,0.4,6.17,4000,25000,4.76,0.1,1,1,10,0.7,6,0.1,126364,5382,6769,120982,1746,33944,20,-1698
Whitehorse,SSP245,2050,0.01,0.01,0.6,0.2,0.2,130,0.25,0.6,0.2,6.17,8000,35000,4.76,0.3,1.5,0.5,4,0.7,6,0.1,116817,5538,5013,111279,1606,20204,25,-2329
Whitehorse,SSP245,2050,0.05,0.01,0.6,0.2,0.2,130,0.25,0.7,0.5,6.17,0,20000,4.76,0.3,0.5,0.75,0,0.7,4,0.2,118398,7488,3045,110911,1600,20613,15,-1403
Whitehorse,SSP245,2050,0.01,0.05,0.6,0.2,0.2,130,0.25,0.1,0.4,6.17,0,25000,4.76,0.4,0.75,1,4,0.7,8,0.1,116817,5538,7579,111279,1606,30365,25,-2054
Whitehorse,SSP245,2050,0.05,0.05,0.6,0.2,0.2,130,0.25,0.1,0.5,6.17,4000,35000,4.76,0.1,0.75,0.5,8,0.7,0,0.1,116817,5538,6239,111279,1606,30774,20,-1849
Whitehorse,SSP245,2050,0.01,0.01,0.6,0.2,0.2,130,0.25,0.2,0.2,6.17,0,20000,4.76,0.3,0.75,1.25,4,0.7,10,0.1,116817,5538,4371,111279,1606,20204,22,-1638
Whitehorse,SSP245,2050,0.05,0.01,0.6,0.2,0.2,130,0.25,0.1,0.1,6.17,2000,20000,4.76,0.15,0.5,1.25,10,0.7,10,0.5,123144,13338,3242,109807,1583,20613,16,-1558
Whitehorse,SSP245,2050,0.01,0.05,0.6,0.2,0.2,130,0.25,0.7,0.6,6.17,4000,25000,4.76,0.3,0.5,1,8,0.7,2,0.1,116817,5538,7027,111279,1606,30365,23,-1510
Whitehorse,SSP245,2050,0.05,0.05,0.6,0.2,0.2,130,0.25,0.3,0.4,6.17,6000,20000,4.76,0.4,0.75,1.25,10,0.7,6,0.2,118398,7488,5858,110911,1600,30774,19,-1426
Whitehorse,SSP245,2050,0.01,0.01,0.6,0.2,0.2,130,0.25,0.1,0.6,6.17,8000,20000,4.76,0.4,0.5,1.5,4,0.7,4,0.1,116817,5538,4091,111279,1606,20204,20,-1374
Whitehorse,SSP245,2050,0.05,0.01,0.6,0.2,0.2,130,0.25,0.2,0.4,6.17,0,20000,5.26,0.25,1.5,0.75,4,0.7,8,0.1,116817,6908,2780,109909,1586,20613,13,-1488
Whitehorse,SSP245,2050,0.01,0.05,0.6,0.2,0.2,130,0.25,0.6,0.3,6.17,2000,25000,4.76,0.1,0.25,0.5,8,0.7,0,0.1,116817,5538,6858,111279,1606,30365,23,-1337
Whitehorse,SSP245,2050,0.05,0.05,0.6,0.2,0.2,130,0.25,0.2,0.4,6.17,2000,40000,4.76,0.4,0.75,1.25,8,0.7,2,0.1,116817,5538,6681,111279,1606,30774,22,-2298
Whitehorse,SSP245,2050,0.01,0.01,0.6,0.2,0.2,130,0.25,0.5,0.1,6.67,0,20000,4.76,0.35,1.5,1,4,0.7,4,0.1,116817,6223,3885,110594,1596,20204,19,-1319
Whitehorse,SSP245,2050,0.05,0.01,0.6,0.2,0.2,130,0.25,0.7,0.3,6.17,10000,35000,4.76,0.2,0.25,1.5,10,0.7,8,0.6,124726,15288,4100,109439,1577,20613,20,-2449
Whitehorse,SSP245,2050,0.01,0.05,0.6,0.2,0.2,130,0.25,0.2,0.2,6.17,8000,25000,4.76,0.2,0.25,1,6,0.7,6,0.1,116817,5538,7424,111279,1606,30365,24,-1915
Whitehorse,SSP245,2050,0.05,0.05,0.6,0.2,0.2,130,0.25,0.6,0.6,6.17,0,25000,4.76,0.15,1.25,0.75,4,0.7,10,0.6,124726,15288,6739,109439,1577,30774,22,-2243
Whitehorse,SSP245,2050,0.01,0.01,0.6,0.2,0.2,130,0.25,0.3,0.2,7.17,6000,20000,4.76,0.25,0.5,1.5,8,0.7,2,0.1,116817,6908,3556,109909,1586,20204,18,-1170
Whitehorse,SSP245,2050,0.05,0.01,0.6,0.2,0.2,130,0.25,0.6,0.2,6.17,4000,25000,4.76,0.2,0.75,0.75,8,0.7,10,0.6,124726,15288,3613,109439,1577,20613,18,-1928
Whitehorse,SSP245,2050,0.01,0.05,0.6,0.2,0.2,130,0.25,0.7,0.4,6.17,6000,25000,4.76,0.4,1,1,6,0.7,0,0.1,116817,5538,6900,111279,1606,30365,23,-1387
Whitehorse,SSP245,2050,0.05,0.05,0.6,0.2,0.2,130,0.17,0.5,0.4,6.17,2000,35000,4.76,0.15,1.25,0.5,8,0.7,8,0.1,113334,5226,6655,108108,1560,30774,22,-2469
Whitehorse,SSP585,2025,0.01,0.01,0.6,0.2,0.2,130,0.25,0.3,0.6,6.17,6000,35000,4.76,0.35,0.25,0.75,4,0.7,4,0.1,133662,5538,5802,128124,1849,23197,25,-2285
Whitehorse,SSP585,2025,0.05,0.01,0.6,0.2,0.2,130,0.25,0.3,0.1,6.17,2000,40000,4.76,0.4,0.75,0.75,4,0.7,0,0.6,141605,15288,4749,126317,1821,23533,20,-2328
Whitehorse,SSP585,2025,0.01,0.05,0.6,0.2,0.2,130,0.25,0.1,0.5,6.17,0,25000,4.76,0.15,1,1,2,0.7,6,0.2,135250,7488,8628,127763,1844,35009,25,-2001
Whitehorse,SSP585,2025,0.05,0.05,0.6,0.2,0.2,130,0.25,0.2,0.5,6.67,6000,45000,5.26,0.15,1,1,4,0.7,0,0.1,133662,7593,7566,126069,1819,35345,21,-2567
Whitehorse,SSP585,2025,0.01,0.01,0.6,0.2,0.2,130,0.25,0.7,0.5,6.17,2000,20000,5.26,0.35,0.75,1,4,0.7,0,0.1,133662,6908,4335,126754,1829,23197,19,-1112
Whitehorse,SSP585,2025,0.05,0.01,0.6,0.2,0.2,130,0.25,0.2,0.4,6.17,0,20000,4.76,0.4,1.5,1.5,0,0.7,2,0.6,141605,15288,3779,126317,1821,23533,16,-1311
Whitehorse,SSP585,2025,0.01,0.05,0.6,0.2,0.2,130,0.25,0.4,0.6,6.17,0,35000,4.76,0.25,1,1,8,0.7,10,0.1,133662,5538,9539,128124,1849,35009,27,-2827
Whitehorse,SSP585,2025,0.05,0.05,0.6,0.2,0.2,130,0.25,0.1,0.5,6.17,2000,25000,4.76,0.15,1.25,1.25,2,0.7,6,0.1,133662,5538,7530,128124,1849,35345,21,-1978
Whitehorse,SSP585,2025,0.01,0.01,0.6,0.2,0.2,130,0.25,0.5,0.2,6.17,2000,35000,4.76,0.3,0.25,0.5,4,0.7,2,0.2,135250,7488,5559,127763,1844,23197,24,-2141
Whitehorse,SSP585,2025,0.05,0.01,0.6,0.2,0.2,130,0.25,0.4,0.2,6.17,4000,35000,4.76,0.1,0.75,1.5,2,0.7,2,0.6,141605,15288,4622,126317,1821,23533,20,-2194
Whitehorse,SSP585,2025,0.01,0.05,0.6,0.2,0.2,130,0.25,0.6,0.2,6.17,6000,30000,5.26,0.3,0.25,0.5,6,0.7,6,0.3,136839,10808,8444,126031,1818,35009,24,-2282
Whitehorse,SSP585,2025,0.05,0.05,0.6,0.2,0.2,130,0.25,0.2,0.3,6.67,10000,20000,4.76,0.3,0.75,0.5,2,0.7,4,0.1,133662,6223,6924,127439,1839,35345,20,-1546
Whitehorse,SSP585,2025,0.01,0.01,0.6,0.2,0.2,130,0.25,0.1,0.4,6.17,2000,20000,4.76,0.15,0.5,1,10,0.7,10,0.1,133662,5538,5142,128124,1849,23197,22,-1584
Whitehorse,SSP585,2025,0.05,0.01,0.6,0.2,0.2,130,0.25,0.2,0.2,6.17,6000,40000,4.76,0.1,0.75,1.25,4,0.7,0,0.1,133662,5538,4606,128124,1849,23533,20,-2278
Whitehorse,SSP585,2025,0.01,0.05,0.6,0.2,0.2,130,0.25,0.2,0.2,6.17,8000,20000,5.26,0.1,0.25,1,4,0.7,8,0.1,133662,6908,8297,126754,1829,35009,24,-1904
Whitehorse,SSP585,2025,0.05,0.05,0.6,0.2,0.2,130,0.25,0.5,0.6,6.67,8000,40000,4.76,0.1,1.25,1.5,8,0.7,4,0.2,135250,8173,7884,127078,1834,35345,22,-2527
Whitehorse,SSP585,2025,0.01,0.01,0.6,0.2,0.2,130,0.25,0.7,0.2,6.17,2000,25000,4.76,0.25,0.5,1.25,6,0.7,4,0.1,133662,5538,5156,128124,1849,23197,22,-1609
Whitehorse,SSP585,2025,0.05,0.01,0.6,0.2,0.2,130,0.25,0.6,0.6,6.67,8000,30000,4.76,0.25,0.25,1.25,6,0.7,8,0.2,135250,8173,4346,127078,1834,23533,18,-2151
Whitehorse,SSP585,2025,0.01,0.05,0.6,0.2,0.2,130,0.25,0.4,0.4,7.17,4000,20000,5.26,0.1,0.25,1.5,8,0.7,4,0.1,133662,8278,7480,125384,1809,35009,21,-1413
Whitehorse,SSP585,2025,0.05,0.05,0.6,0.2,0.2,130,0.25,0.2,0.1,6.17,6000,40000,4.76,0.35,1,0.75,6,0.7,8,0.1,133662,5538,8450,128124,1849,35345,24,-2939
Whitehorse,SSP585,2030,0.01,0.01,0.6,0.2,0.2,130,0.25,0.6,0.6,7.17,0,20000,4.76,0.4,1.5,0.75,4,0.7,0,0.1,130872,6908,4248,123964,1789,22575,19,-1105
Whitehorse,SSP585,2030,0.05,0.01,0.6,0.2,0.2,130,0.25,0.6,0.6,6.17,4000,40000,4.76,0.3,1.5,1,4,0.7,2,0.6,138944,15288,4861,123656,1782,22907,21,-2447
Whitehorse,SSP585,2030,0.01,0.05,0.6,0.2,0.2,130,0.25,0.1,0.4,6.17,4000,40000,4.76,0.4,0.75,1.5,2,0.7,4,0.2,132486,7488,9158,124998,1804,34064,27,-2725
Whitehorse,SSP585,2030,0.05,0.05,0.6,0.2,0.2,130,0.25,0.6,0.2,6.17,2000,30000,4.76,0.3,1.25,1,2,0.7,2,0.1,130872,5538,7340,125334,1809,34395,21,-1906
Whitehorse,SSP585,2030,0.01,0.01,0.6,0.2,0.2,130,0.25,0.7,0.4,6.67,6000,20000,4.76,0.2,0.75,1.25,10,0.7,8,0.1,130872,6223,4779,124649,1799,22575,21,-1481
Whitehorse,SSP585,2030,0.05,0.01,0.6,0.2,0.2,130,0.25,0.1,0.1,6.17,2000,25000,5.26,0.1,1.25,0.75,10,0.7,8,0.6,138944,16658,3937,122286,1762,22907,17,-1821
Whitehorse,SSP585,2030,0.01,0.05,0.6,0.2,0.2,130,0.25,0.6,0.4,6.17,10000,30000,4.76,0.3,0.75,1.5,6,0.7,8,0.1,130872,5538,8977,125334,1809,34064,26,-2433
Whitehorse,SSP585,2030,0.05,0.05,0.6,0.2,0.2,130,0.25,0.4,0.6,6.67,4000,50000,4.76,0.35,1,1,8,0.7,4,0.1,130872,6223,8312,124649,1799,34395,24,-3092
Whitehorse,SSP585,2030,0.01,0.01,0.6,0.2,0.2,130,0.25,0.6,0.5,6.17,2000,35000,4.76,0.35,1.5,0.75,2,0.7,2,0.1,130872,5538,5603,125334,1809,22575,25,-2161
Whitehorse,SSP585,2030,0.05,0.01,0.6,0.2,0.2,130,0.25,0.5,0.4,6.67,2000,20000,4.76,0.25,0.25,0.75,10,0.7,4,0.4,135715,12073,3473,123642,1783,22907,15,-1226
Whitehorse,SSP585,2030,0.01,0.05,0.6,0.2,0.2,130,0.25,0.6,0.4,6.17,4000,20000,4.76,0.3,0.25,1,4,0.7,2,0.1,130872,5538,7896,125334,1809,34064,23,-1318
Whitehorse,SSP585,2030,0.05,0.05,0.6,0.2,0.2,130,0.25,0.1,0.2,6.17,6000,20000,5.26,0.4,1,1.5,8,0.7,2,0.1,130872,6908,6246,123964,1789,34395,18,-1134
Whitehorse,SSP585,2030,0.01,0.01,0.6,0.2,0.2,130,0.25,0.7,0.1,6.17,0,35000,4.76,0.4,0.5,1.25,10,0.7,2,0.1,130872,5538,5433,125334,1809,22575,24,-1988
Whitehorse,SSP585,2030,0.05,0.01,0.6,0.2,0.2,130,0.25,0.3,0.1,6.17,6000,20000,4.76,0.4,0.25,0.5,8,0.7,2,0.6,138944,15288,3695,123656,1782,22907,16,-1243
Whitehorse,SSP585,2030,0.01,0.05,0.6,0.2,0.2,130,0.25,0.3,0.2,6.67,6000,25000,4.76,0.3,1,0.75,0,0.7,0,0.2,132486,8173,7806,124313,1794,34064,23,-1513
Whitehorse,SSP585,2030,0.05,0.05,0.6,0.2,0.2,130,0.25,0.2,0.5,6.17,8000,25000,4.76,0.15,1,0.5,6,0.7,0,0.1,130872,5538,6757,125334,1809,34395,20,-1325
Whitehorse,SSP585,2030,0.01,0.01,0.6,0.2,0.2,130,0.25,0.1,0.6,6.17,2000,20000,4.76,0.3,0.25,0.5,6,0.7,8,0.1,130872,5538,5023,125334,1809,22575,22,-1550
Whitehorse,SSP585,2030,0.05,0.01,0.6,0.2,0.2,130,0.25,0.1,0.1,6.67,2000,30000,4.76,0.4,0.75,1,0,0.7,10,0.6,138944,15973,4659,122971,1772,22907,20,-2386
Whitehorse,SSP585,2030,0.01,0.05,0.6,0.2,0.2,130,0.25,0.4,0.5,6.17,6000,50000,5.26,0.2,0.25,1.5,0,0.7,2,0.1,130872,6908,9381,123964,1789,34064,28,-3206
Whitehorse,SSP585,2030,0.05,0.05,0.6,0.2,0.2,130,0.25,0.1,0.1,6.17,10000,40000,4.76,0.2,1.25,1,4,0.7,10,0.6,138944,15288,8762,123656,1782,34395,25,-3251
Whitehorse,SSP585,2035,0.01,0.01,0.6,0.2,0.2,130,0.25,0.7,0.4,6.17,0,20000,5.26,0.1,0.5,1.25,6,0.7,4,0.1,118602,6908,3906,111695,1612,20110,19,-1288
Whitehorse,SSP585,2035,0.05,0.01,0.6,0.2,0.2,130,0.25,0.6,0.2,6.17,0,20000,4.76,0.35,1.5,0.75,6,0.7,6,0.6,126504,15288,3450,111216,1603,20451,17,-1441
Whitehorse,SSP585,2035,0.01,0.05,0.6,0.2,0.2,130,0.25,0.5,0.5,6.17,6000,20000,4.76,0.25,0.25,0.5,6,0.7,0,0.1,118602,5538,6881,113065,1632,30288,23,-1124
Whitehorse,SSP585,2035,0.05,0.05,0.6,0.2,0.2,130,0.25,0.5,0.2,6.17,2000,30000,4.76,0.25,1.25,1.25,4,0.7,0,0.1,118602,5538,6399,113065,1632,30629,21,-1673
Whitehorse,SSP585,2035,0.01,0.01,0.6,0.2,0.2,130,0.21,0.3,0.6,6.17,6000,25000,4.76,0.35,0.25,0.5,2,0.7,6,0.1,116750,5382,4661,111369,1607,20110,23,-1815
Whitehorse,SSP585,2035,0.05,0.01,0.6,0.2,0.2,130,0.25,0.4,0.2,6.17,0,25000,4.76,0.15,0.5,1.5,0,0.7,0,0.6,126504,15288,3486,111216,1603,20451,17,-1488
Whitehorse,SSP585,2035,0.01,0.05,0.6,0.2,0.2,130,0.25,0.5,0.1,6.17,10000,25000,5.26,0.25,0.75,1.25,0,0.7,10,0.1,118602,6908,7762,111695,1612,30288,26,-2359
Whitehorse,SSP585,2035,0.05,0.05,0.6,0.2,0.2,130,0.25,0.1,0.2,6.67,0,45000,4.76,0.3,1.25,1,0,0.7,4,0.1,118602,6223,7536,112380,1622,30629,25,-3005
Whitehorse,SSP585,2035,0.01,0.01,0.6,0.2,0.2,130,0.25,0.4,0.3,7.17,0,40000,4.76,0.25,0.25,0.75,0,0.7,2,0.1,118602,6908,5064,111695,1612,20110,25,-2488
Whitehorse,SSP585,2035,0.05,0.01,0.6,0.2,0.2,130,0.25,0.4,0.1,6.17,6000,20000,4.76,0.15,1.5,0.75,6,0.7,2,0.1,118602,5538,3050,113065,1632,20451,15,-1128
Whitehorse,SSP585,2035,0.01,0.05,0.6,0.2,0.2,130,0.25,0.1,0.4,6.17,0,20000,4.76,0.25,1,1.25,8,0.7,6,0.1,118602,5538,7295,113065,1632,30288,24,-1526
Whitehorse,SSP585,2035,0.05,0.05,0.6,0.2,0.2,130,0.25,0.1,0.4,6.17,10000,25000,4.76,0.35,0.5,0.75,4,0.7,10,0.6,126504,15288,7120,111216,1603,30629,23,-2326
Whitehorse,SSP585,2035,0.01,0.01,0.6,0.2,0.2,130,0.21,0.5,0.5,7.67,6000,30000,4.76,0.15,0.5,0.75,6,0.7,4,0.1,116750,7437,4256,109313,1577,20110,21,-1923
Whitehorse,SSP585,2035,0.05,0.01,0.6,0.2,0.2,130,0.17,0.2,0.5,6.17,0,35000,4.76,0.1,0.5,0.75,6,0.7,8,0.1,115052,5226,4091,109826,1585,20451,20,-2325
Whitehorse,SSP585,2035,0.01,0.05,0.6,0.2,0.2,130,0.25,0.2,0.5,6.17,0,20000,5.26,0.35,1.25,0.5,0,0.7,6,0.1,118602,6908,7115,111695,1612,30288,23,-1680
Whitehorse,SSP585,2035,0.05,0.05,0.6,0.2,0.2,130,0.25,0.4,0.5,6.17,2000,25000,4.76,0.35,0.25,0.5,2,0.7,6,0.1,118602,5538,6672,113065,1632,30629,22,-1935
Whitehorse,SSP585,2035,0.01,0.01,0.6,0.2,0.2,130,0.21,0.6,0.1,6.17,6000,20000,5.26,0.15,1.5,1.25,6,0.7,8,0.1,116750,6752,4026,109999,1587,20110,20,-1505
Whitehorse,SSP585,2035,0.05,0.01,0.6,0.2,0.2,130,0.25,0.2,0.2,6.17,0,20000,5.26,0.3,1,1.5,4,0.7,10,0.3,121763,10808,3265,110955,1600,20451,16,-1635
Whitehorse,SSP585,2035,0.01,0.05,0.6,0.2,0.2,130,0.25,0.6,0.5,6.17,0,25000,4.76,0.4,1.25,1.25,2,0.7,2,0.1,118602,5538,7372,113065,1632,30288,24,-1613
Whitehorse,SSP585,2035,0.05,0.05,0.6,0.2,0.2,130,0.21,0.7,0.6,6.67,0,35000,4.76,0.4,1.25,1.25,2,0.7,6,0.1,116750,6067,6945,110684,1597,30629,23,-2507
Whitehorse,SSP585,2040,0.01,0.01,0.6,0.2,0.2,130,0.25,0.2,0.1,6.17,6000,25000,5.26,0.35,1.25,0.75,8,0.7,4,0.1,125125,6908,4377,118217,1706,21387,20,-1561
Whitehorse,SSP585,2040,0.05,0.01,0.6,0.2,0.2,130,0.25,0.1,0.5,6.17,10000,20000,5.26,0.3,0.75,1.5,6,0.7,10,0.1,125125,6908,3317,118217,1706,21784,15,-1617
Whitehorse,SSP585,2040,0.01,0.05,0.6,0.2,0.2,130,0.25,0.2,0.2,6.67,2000,35000,4.76,0.4,0.25,0.5,6,0.7,8,0.1,125125,6223,8618,118902,1716,32182,27,-2664
Whitehorse,SSP585,2040,0.05,0.05,0.6,0.2,0.2,130,0.25,0.7,0.2,6.67,10000,20000,4.76,0.1,1.5,1.5,4,0.7,0,0.2,126726,8173,5959,118553,1710,32580,18,-1088
Whitehorse,SSP585,2040,0.01,0.01,0.6,0.2,0.2,130,0.25,0.6,0.4,6.17,8000,25000,4.76,0.15,0.5,0.5,10,0.7,0,0.1,125125,5538,4478,119587,1726,21387,21,-1331
Whitehorse,SSP585,2040,0.05,0.01,0.6,0.2,0.2,130,0.25,0.3,0.5,6.17,10000,20000,4.76,0.25,1,1.5,2,0.7,10,0.6,133129,15288,3903,117842,1698,21784,18,-1769
Whitehorse,SSP585,2040,0.01,0.05,0.6,0.2,0.2,130,0.25,0.2,0.1,8.17,6000,40000,4.76,0.35,1,1.25,2,0.7,10,0.1,125125,8278,8661,116847,1686,32182,27,-3228
Whitehorse,SSP585,2040,0.05,0.05,0.6,0.2,0.2,130,0.25,0.4,0.1,6.17,6000,35000,4.76,0.25,1.25,1.5,4,0.7,2,0.1,125125,5538,7138,119587,1726,32580,22,-2143
Whitehorse,SSP585,2040,0.01,0.01,0.6,0.2,0.2,130,0.25,0.6,0.5,6.17,2000,30000,4.76,0.15,1.25,0.75,8,0.7,6,0.1,125125,5538,5110,119587,1726,21387,24,-1961
Whitehorse,SSP585,2040,0.05,0.01,0.6,0.2,0.2,130,0.25,0.2,0.6,6.17,2000,30000,4.76,0.15,0.5,0.5,8,0.7,6,0.1,125125,5538,3911,119587,1726,21784,18,-1880
Whitehorse,SSP585,2040,0.01,0.05,0.6,0.2,0.2,130,0.25,0.2,0.1,6.67,2000,25000,4.76,0.3,0.75,1.5,6,0.7,2,0.2,126726,8173,7430,118553,1710,32182,23,-1559
Whitehorse,SSP585,2040,0.05,0.05,0.6,0.2,0.2,130,0.25,0.3,0.5,6.17,0,25000,5.26,0.25,1.25,1.5,8,0.7,8,0.1,125125,6908,6615,118217,1706,32580,20,-1920
Whitehorse,SSP585,2040,0.01,0.01,0.6,0.2,0.2,130,0.25,0.7,0.6,6.67,0,20000,4.76,0.25,1,1.25,6,0.7,4,0.1,125125,6223,4296,118902,1716,21387,20,-1290
Whitehorse,SSP585,2040,0.05,0.01,0.6,0.2,0.2,130,0.25,0.6,0.1,6.67,0,25000,4.76,0.4,0.25,0.75,6,0.7,6,0.6,133129,15973,3719,117157,1688,21784,17,-1742
Whitehorse,SSP585,2040,0.01,0.05,0.6,0.2,0.2,130,0.21,0.2,0.2,6.67,0,30000,4.76,0.15,1.25,0.5,0,0.7,4,0.1,123160,6067,7963,117094,1690,32182,25,-2126
Whitehorse,SSP585,2040,0.05,0.05,0.6,0.2,0.2,130,0.25,0.7,0.6,6.17,0,20000,4.76,0.2,1,1.25,8,0.7,10,0.6,133129,15288,7079,117842,1698,32580,22,-1940
Whitehorse,SSP585,2040,0.01,0.01,0.6,0.2,0.2,130,0.25,0.2,0.6,6.17,6000,30000,4.76,0.35,1.5,1.25,0,0.7,0,0.1,125125,5538,4934,119587,1726,21387,23,-1794
Whitehorse,SSP585,2040,0.05,0.01,0.6,0.2,0.2,130,0.25,0.6,0.5,6.17,0,35000,4.76,0.25,0.25,0.75,4,0.7,0,0.1,125125,5538,3978,119587,1726,21784,18,-1954
Whitehorse,SSP585,2040,0.01,0.05,0.6,0.2,0.2,130,0.25,0.3,0.4,6.17,0,30000,4.76,0.4,1,1.25,4,0.7,10,0.1,125125,5538,8702,119587,1726,32182,27,-2565
Whitehorse,SSP585,2040,0.05,0.05,0.6,0.2,0.2,130,0.25,0.5,0.3,8.17,8000,20000,4.76,0.3,0.25,1,8,0.7,0,0.2,126726,10228,5399,116498,1680,32580,17,-1026
Whitehorse,SSP585,2045,0.01,0.01,0.6,0.2,0.2,130,0.25,0.2,0.3,6.17,8000,20000,4.76,0.15,1.25,1.25,6,0.7,0,0.1,117043,5538,3989,111505,1609,19657,20,-1100
Whitehorse,SSP585,2045,0.05,0.01,0.6,0.2,0.2,130,0.25,0.3,0.6,6.17,2000,40000,4.76,0.25,1,0.5,6,0.7,6,0.1,117043,5538,4403,111505,1609,19997,22,-2533
Whitehorse,SSP585,2045,0.01,0.05,0.6,0.2,0.2,130,0.25,0.4,0.5,7.17,0,45000,4.76,0.25,1.25,1.25,6,0.7,4,0.1,117043,6908,8182,110135,1589,29599,28,-2888
Whitehorse,SSP585,2045,0.05,0.05,0.6,0.2,0.2,130,0.25,0.6,0.3,6.67,2000,30000,4.76,0.3,1.5,0.75,4,0.7,8,0.1,117043,6223,6816,110820,1599,29938,23,-2317
Whitehorse,SSP585,2045,0.01,0.01,0.6,0.2,0.2,130,0.21,0.3,0.4,6.17,8000,40000,4.76,0.15,1,1.25,6,0.7,4,0.1,115243,5382,5276,109861,1586,19657,27,-2510
Whitehorse,SSP585,2045,0.05,0.01,0.6,0.2,0.2,130,0.25,0.4,0.4,6.17,0,40000,5.26,0.3,0.5,0.75,6,0.7,6,0.1,117043,6908,4064,110135,1589,19997,20,-2525
Whitehorse,SSP585,2045,0.01,0.05,0.6,0.2,0.2,130,0.25,0.5,0.4,6.67,2000,35000,4.76,0.15,0.25,0.5,8,0.7,2,0.1,117043,6223,7589,110820,1599,29599,26,-2111
Whitehorse,SSP585,2045,0.05,0.05,0.6,0.2,0.2,130,0.25,0.6,0.1,6.17,8000,20000,4.76,0.3,0.5,0.75,6,0.7,4,0.1,117043,5538,6070,111505,1609,29938,20,-1395
Whitehorse,SSP585,2045,0.01,0.01,0.6,0.2,0.2,130,0.25,0.6,0.6,6.17,8000,30000,4.76,0.3,0.25,1.5,4,0.7,4,0.2,118599,7488,4752,111111,1603,19657,24,-1996
Whitehorse,SSP585,2045,0.05,0.01,0.6,0.2,0.2,130,0.25,0.7,0.5,6.17,0,35000,4.76,0.15,0.75,0.75,10,0.7,8,0.1,117043,5538,4102,111505,1609,19997,21,-2218
Whitehorse,SSP585,2045,0.01,0.05,0.6,0.2,0.2,130,0.25,0.3,0.4,6.17,2000,25000,4.76,0.3,1.5,1.25,4,0.7,4,0.1,117043,5538,7404,111505,1609,29599,25,-1737
Whitehorse,SSP585,2045,0.05,0.05,0.6,0.2,0.2,130,0.25,0.4,0.2,6.17,0,45000,4.76,0.3,1.25,1.25,10,0.7,6,0.1,117043,5538,7513,111505,1609,29938,25,-2875
Whitehorse,SSP585,2045,0.01,0.01,0.6,0.2,0.2,130,0.25,0.3,0.1,6.17,6000,20000,4.76,0.2,1,1.5,2,0.7,2,0.1,117043,5538,4176,111505,1609,19657,21,-1283
Whitehorse,SSP585,2045,0.05,0.01,0.6,0.2,0.2,130,0.25,0.4,0.3,6.17,6000,20000,5.26,0.2,1.5,1.5,2,0.7,2,0.6,124823,16658,2895,108165,1558,19997,14,-1281
Whitehorse,SSP585,2045,0.01,0.05,0.6,0.2,0.2,130,0.25,0.2,0.2,6.17,2000,25000,4.76,0.2,1.25,1,2,0.7,6,0.1,117043,5538,7605,111505,1609,29599,26,-1938
Whitehorse,SSP585,2045,0.05,0.05,0.6,0.2,0.2,130,0.25,0.1,0.1,6.67,6000,20000,4.76,0.35,1.5,0.75,6,0.7,2,0.1,117043,6223,5699,110820,1599,29938,19,-1187
Whitehorse,SSP585,2045,0.01,0.01,0.6,0.2,0.2,130,0.25,0.1,0.2,6.17,4000,35000,4.76,0.3,0.5,1.25,10,0.7,8,0.1,117043,5538,5210,111505,1609,19657,27,-2344
Whitehorse,SSP585,2045,0.05,0.01,0.6,0.2,0.2,130,0.25,0.4,0.1,6.67,4000,20000,4.76,0.3,1,1.25,2,0.7,10,0.1,117043,6223,3416,110820,1599,19997,17,-1676
Whitehorse,SSP585,2045,0.01,0.05,0.6,0.2,0.2,130,0.25,0.4,0.6,6.17,0,40000,5.26,0.15,0.25,1.25,8,0.7,6,0.1,117043,6908,8018,110135,1589,29599,27,-2713
Whitehorse,SSP585,2045,0.05,0.05,0.6,0.2,0.2,130,0.25,0.7,0.5,6.67,4000,35000,4.76,0.25,0.25,1,4,0.7,0,0.1,117043,6223,6486,110820,1599,29938,22,-2002
Whitehorse,SSP585,2050,0.01,0.01,0.6,0.2,0.2,130,0.25,0.1,0.4,6.17,8000,20000,5.26,0.15,0.5,0.5,8,0.7,0,0.1,116317,6908,3567,109410,1579,19649,18,-1091
Whitehorse,SSP585,2050,0.05,0.01,0.6,0.2,0.2,130,0.25,0.7,0.1,6.17,6000,20000,4.76,0.3,1,1,10,0.7,4,0.1,116317,5538,2928,110780,1599,20000,15,-1130
Whitehorse,SSP585,2050,0.01,0.05,0.6,0.2,0.2,130,0.25,0.3,0.2,6.67,4000,40000,4.76,0.3,0.75,1.5,4,0.7,0,0.1,116317,6223,7703,110095,1589,29574,26,-2326
Whitehorse,SSP585,2050,0.05,0.05,0.6,0.2,0.2,130,0.25,0.4,0.2,6.17,8000,25000,4.76,0.2,1.25,0.75,10,0.7,6,0.1,116317,5538,6246,110780,1599,29925,21,-1696
Whitehorse,SSP585,2050,0.01,0.01,0.6,0.2,0.2,130,0.25,0.1,0.3,7.17,0,25000,4.76,0.25,0.5,1.25,10,0.7,6,0.1,116317,6908,4093,109409,1579,19649,21,-1610
Whitehorse,SSP585,2050,0.05,0.01,0.6,0.2,0.2,130,0.25,0.4,0.2,6.17,6000,30000,4.76,0.15,1,0.75,0,0.7,4,0.1,116317,5538,3797,110780,1599,20000,19,-2021
Whitehorse,SSP585,2050,0.01,0.05,0.6,0.2,0.2,130,0.25,0.2,0.3,6.17,8000,20000,4.76,0.35,1.25,0.5,0,0.7,10,0.1,116317,5538,7592,110780,1599,29574,26,-2014
Whitehorse,SSP585,2050,0.05,0.05,0.6,0.2,0.2,130,0.25,0.2,0.2,6.17,8000,20000,4.76,0.15,1.5,1.25,4,0.7,8,0.1,116317,5538,6285,110780,1599,29925,21,-1724
Whitehorse,SSP585,2050,0.01,0.01,0.6,0.2,0.2,130,0.25,0.3,0.6,6.17,2000,30000,4.76,0.4,0.5,0.5,4,0.7,8,0.1,116317,5538,4945,110780,1599,19649,25,-2142
Whitehorse,SSP585,2050,0.05,0.01,0.6,0.2,0.2,130,0.21,0.6,0.3,6.17,6000,25000,4.76,0.25,1.25,0.75,0,0.7,10,0.1,114401,5382,3734,109019,1573,20000,19,-2021
Whitehorse,SSP585,2050,0.01,0.05,0.6,0.2,0.2,130,0.25,0.7,0.6,6.17,4000,35000,4.76,0.35,1,1,2,0.7,10,0.2,117838,7488,8305,110351,1592,29574,28,-2867
Whitehorse,SSP585,2050,0.05,0.05,0.6,0.2,0.2,130,0.25,0.5,0.1,6.17,0,40000,4.76,0.35,1,0.5,0,0.7,8,0.2,117838,7488,7558,110351,1592,29925,25,-3022
Whitehorse,SSP585,2050,0.01,0.01,0.6,0.2,0.2,130,0.25,0.4,0.2,6.67,4000,25000,4.76,0.15,1.25,0.5,2,0.7,2,0.1,116317,6223,4207,110095,1589,19649,21,-1565
Whitehorse,SSP585,2050,0.05,0.01,0.6,0.2,0.2,130,0.25,0.5,0.2,6.17,10000,45000,4.76,0.35,1.5,1.5,10,0.7,8,0.1,116317,5538,4553,110780,1599,20000,23,-2817
Whitehorse,SSP585,2050,0.01,0.05,0.6,0.2,0.2,130,0.25,0.4,0.5,6.17,0,30000,5.76,0.15,0.5,0.5,4,0.7,8,0.2,117838,10228,7146,107611,1552,29574,24,-2359
Whitehorse,SSP585,2050,0.05,0.05,0.6,0.2,0.2,130,0.25,0.2,0.5,6.67,4000,20000,5.76,0.25,1.25,1.25,6,0.7,2,0.1,116317,8963,4917,107355,1548,29925,16,-1185
Whitehorse,SSP585,2050,0.01,0.01,0.6,0.2,0.2,130,0.25,0.2,0.4,6.17,4000,40000,4.76,0.25,1.5,1.25,2,0.7,8,0.1,116317,5538,5545,110780,1599,19649,28,-2768
Whitehorse,SSP585,2050,0.05,0.01,0.6,0.2,0.2,130,0.21,0.6,0.5,6.17,0,20000,4.76,0.1,1,1.25,4,0.7,8,0.1,114401,5382,3224,109019,1573,20000,16,-1487
Whitehorse,SSP585,2050,0.01,0.05,0.6,0.2,0.2,130,0.25,0.6,0.5,6.17,6000,40000,5.26,0.15,0.5,1.5,8,0.7,6,0.1,116317,6908,7955,109410,1579,29574,27,-2749
Whitehorse,SSP585,2050,0.05,0.05,0.6,0.2,0.2,130,0.25,0.2,0.3,6.17,0,45000,4.76,0.4,1.5,1,8,0.7,8,0.1,116317,5538,7609,110780,1599,29925,25,-3084
Winnipeg,SSP126,2025,0.01,0.01,0.6,0.2,0.2,130,0.25,0.5,0.4,6.17,8000,25000,4.76,0.25,1.25,1,0,0.7,0,0.1,100043,4238,1636,95805,1383,3108,53,-1510
Winnipeg,SSP126,2025,0.05,0.01,0.6,0.2,0.2,130,0.25,0.1,0.1,6.17,2000,35000,4.76,0.4,1.5,1.25,8,0.7,4,0.1,100043,4238,1705,95805,1383,3406,50,-2015
Winnipeg,SSP126,2025,0.01,0.05,0.6,0.2,0.2,130,0.25,0.4,0.2,6.17,2000,25000,4.76,0.25,1,1.25,6,0.7,0,0.1,100043,4238,1946,95805,1383,4360,45,-1448
Winnipeg,SSP126,2025,0.05,0.05,0.6,0.2,0.2,130,0.25,0.7,0.1,6.17,0,25000,4.76,0.15,1,0.5,2,0.7,2,0.1,100043,4238,1560,95805,1383,4658,33,-1484
Winnipeg,SSP126,2025,0.01,0.01,0.6,0.2,0.2,130,0.21,0.6,0.1,6.67,10000,20000,4.76,0.4,0.25,1.5,10,0.7,8,0.1,98741,4767,1195,93974,1356,3108,38,-1246
Winnipeg,SSP126,2025,0.05,0.01,0.6,0.2,0.2,130,0.25,0.5,0.1,6.17,2000,35000,4.76,0.4,0.75,1.5,0,0.7,10,0.1,100043,4238,1853,95805,1383,3406,54,-2163
Winnipeg,SSP126,2025,0.01,0.05,0.6,0.2,0.2,130,0.25,0.7,0.6,6.17,10000,30000,4.76,0.4,1.25,0.75,6,0.7,6,0.1,100043,4238,2298,95805,1383,4360,53,-1827
Winnipeg,SSP126,2025,0.05,0.05,0.6,0.2,0.2,130,0.25,0.2,0.2,6.17,6000,45000,4.76,0.15,1.5,1.25,6,0.7,0,0.1,100043,4238,2633,95805,1383,4658,57,-2612
Winnipeg,SSP126,2025,0.01,0.01,0.6,0.2,0.2,130,0.25,0.4,0.2,6.67,8000,25000,4.76,0.25,1.5,1.25,6,0.7,10,0.1,100043,4923,1476,95120,1373,3108,48,-1518
Winnipeg,SSP126,2025,0.05,0.01,0.6,0.2,0.2,130,0.25,0.4,0.3,6.17,8000,30000,4.76,0.35,0.5,1.25,2,0.7,10,0.1,100043,4238,1572,95805,1383,3406,46,-1884
Winnipeg,SSP126,2025,0.01,0.05,0.6,0.2,0.2,130,0.25,0.3,0.5,6.17,8000,30000,4.76,0.25,0.5,1.25,6,0.7,10,0.1,100043,4238,2371,95805,1383,4360,54,-1896
Winnipeg,SSP126,2025,0.05,0.05,0.6,0.2,0.2,130,0.21,0.7,0.1,6.17,6000,20000,5.76,0.25,1,1.25,8,0.7,8,0.1,98741,6822,586,91919,1326,4658,13,-1200
Winnipeg,SSP126,2025,0.01,0.01,0.6,0.2,0.2,130,0.25,0.6,0.2,6.17,4000,45000,4.76,0.2,1,1.5,2,0.7,8,0.1,100043,4238,2826,95805,1383,3108,91,-2734
Winnipeg,SSP126,2025,0.05,0.01,0.6,0.2,0.2,130,0.25,0.6,0.1,6.67,6000,45000,4.76,0.3,1.5,1.25,8,0.7,10,0.1,100043,4923,2149,95120,1373,3406,63,-2656
Winnipeg,SSP126,2025,0.01,0.05,0.6,0.2,0.2,130,0.25,0.1,0.4,6.17,8000,40000,4.76,0.15,1.5,1,6,0.6,0,0.1,93642,4238,2666,89404,1291,4360,61,-2345
Winnipeg,SSP126,2025,0.05,0.05,0.6,0.2,0.2,130,0.21,0.6,0.5,6.17,2000,35000,5.26,0.1,1.25,0.5,8,0.7,8,0.1,98741,5452,1772,93289,1346,4658,38,-2073
Winnipeg,SSP126,2025,0.01,0.01,0.6,0.2,0.2,130,0.25,0.3,0.2,6.17,8000,50000,4.76,0.4,0.5,0.75,8,0.7,10,0.1,100043,4238,3108,95805,1383,3108,100,-3035
Winnipeg,SSP126,2025,0.05,0.01,0.6,0.2,0.2,130,0.21,0.3,0.3,6.17,10000,35000,4.76,0.4,0.5,1.5,8,0.7,0,0.2,98768,6032,1632,92737,1338,3406,48,-2075
Winnipeg,SSP126,2025,0.01,0.05,0.6,0.2,0.2,130,0.25,0.3,0.4,6.17,2000,35000,4.76,0.4,0.5,1.5,6,0.7,2,0.1,100043,4238,2546,95805,1383,4360,58,-2070
Winnipeg,SSP126,2025,0.05,0.05,0.6,0.2,0.2,130,0.25,0.6,0.1,6.17,2000,40000,4.76,0.35,1.5,1.5,8,0.7,6,0.1,100043,4238,2387,95805,1383,4658,51,-2347
Winnipeg,SSP126,2030,0.01,0.01,0.6,0.2,0.2,130,0.25,0.3,0.2,6.17,2000,25000,4.76,0.4,0.5,0.5,0,0.7,8,0.1,97241,4238,1647,93003,1343,2952,56,-1555
Winnipeg,SSP126,2030,0.05,0.01,0.6,0.2,0.2,130,0.25,0.2,0.1,6.17,0,20000,4.76,0.35,0.25,0.75,8,0.7,0,0.1,97241,4238,779,93003,1343,3226,24,-1093
Winnipeg,SSP126,2030,0.01,0.05,0.6,0.2,0.2,130,0.25,0.2,0.4,6.17,4000,45000,5.26,0.1,0.5,1,4,0.7,10,0.1,97241,5608,2836,91633,1322,4147,68,-2776
Winnipeg,SSP126,2030,0.05,0.05,0.6,0.2,0.2,130,0.25,0.6,0.2,6.17,4000,35000,4.76,0.1,0.25,0.5,2,0.7,10,0.1,97241,4238,2189,93003,1343,4420,50,-2193
Winnipeg,SSP126,2030,0.01,0.01,0.6,0.2,0.2,130,0.25,0.4,0.6,6.17,4000,20000,5.26,0.35,0.25,0.75,8,0.7,8,0.1,97241,5608,976,91633,1322,2952,33,-1213
Winnipeg,SSP126,2030,0.05,0.01,0.6,0.2,0.2,130,0.25,0.3,0.5,6.17,6000,40000,4.76,0.2,1.5,0.5,8,0.7,6,0.1,97241,4238,1962,93003,1343,3226,61,-2331
Winnipeg,SSP126,2030,0.01,0.05,0.6,0.2,0.2,130,0.25,0.2,0.4,6.17,0,20000,4.76,0.35,1.25,1,6,0.7,10,0.1,97241,4238,1700,93003,1343,4147,41,-1244
Winnipeg,SSP126,2030,0.05,0.05,0.6,0.2,0.2,130,0.17,0.6,0.4,6.17,2000,25000,5.26,0.4,1.5,0.75,4,0.7,8,0.1,94783,5296,1178,89488,1291,4420,27,-1522
Winnipeg,SSP126,2030,0.01,0.01,0.6,0.2,0.2,130,0.17,0.6,0.4,6.67,0,20000,4.76,0.1,0.75,1,6,0.7,0,0.1,94783,4611,1052,90173,1302,2952,36,-1144
Winnipeg,SSP126,2030,0.05,0.01,0.6,0.2,0.2,130,0.25,0.3,0.2,6.17,8000,35000,4.76,0.4,1.25,0.5,8,0.7,6,0.1,97241,4238,1685,93003,1343,3226,52,-2048
Winnipeg,SSP126,2030,0.01,0.05,0.6,0.2,0.2,130,0.25,0.4,0.6,6.17,0,25000,4.76,0.3,1.25,1,0,0.7,10,0.1,97241,4238,2035,93003,1343,4147,49,-1590
Winnipeg,SSP126,2030,0.05,0.05,0.6,0.2,0.2,130,0.21,0.7,0.5,6.17,6000,20000,4.76,0.4,1.5,1,4,0.7,0,0.1,95956,4082,1157,91874,1326,4420,26,-1150
Winnipeg,SSP126,2030,0.01,0.01,0.6,0.2,0.2,130,0.25,0.6,0.3,6.17,6000,45000,4.76,0.15,1.5,1.25,4,0.7,4,0.1,97241,4238,2722,93003,1343,2952,92,-2681
Winnipeg,SSP126,2030,0.05,0.01,0.6,0.2,0.2,130,0.25,0.5,0.6,6.67,6000,25000,4.76,0.4,0.25,0.75,8,0.7,0,0.1,97241,4923,935,92318,1332,3226,29,-1440
Winnipeg,SSP126,2030,0.01,0.05,0.6,0.2,0.2,130,0.25,0.7,0.2,6.17,4000,40000,4.76,0.2,1.5,0.75,10,0.7,4,0.1,97241,4238,2752,93003,1343,4147,66,-2347
Winnipeg,SSP126,2030,0.05,0.05,0.6,0.2,0.2,130,0.25,0.5,0.2,6.17,2000,25000,4.76,0.35,0.5,1.5,0,0.7,0,0.1,97241,4238,1523,93003,1343,4420,34,-1502
Winnipeg,SSP126,2030,0.01,0.01,0.6,0.2,0.2,130,0.25,0.6,0.6,6.17,4000,30000,5.26,0.4,0.5,0.5,4,0.7,4,0.1,97241,5608,1550,91633,1322,2952,53,-1808
Winnipeg,SSP126,2030,0.05,0.01,0.6,0.2,0.2,130,0.25,0.7,0.1,6.17,6000,45000,5.26,0.1,0.25,0.75,6,0.7,4,0.1,97241,5608,1967,91633,1322,3226,61,-2682
Winnipeg,SSP126,2030,0.01,0.05,0.6,0.2,0.2,130,0.21,0.4,0.2,7.17,10000,25000,4.76,0.3,1.25,1.25,8,0.7,4,0.1,95956,5452,1561,90504,1306,4147,38,-1492
Winnipeg,SSP126,2030,0.05,0.05,0.6,0.2,0.2,130,0.25,0.3,0.4,6.17,0,45000,4.76,0.25,1.25,1.5,0,0.7,0,0.1,97241,4238,2662,93003,1343,4420,60,-2679
Winnipeg,SSP126,2035,0.01,0.01,0.6,0.2,0.2,130,0.25,0.3,0.1,6.17,6000,20000,4.76,0.2,0.75,0.5,10,0.7,2,0.1,97164,4238,1256,92926,1341,3011,42,-1158
Winnipeg,SSP126,2035,0.05,0.01,0.6,0.2,0.2,130,0.25,0.1,0.2,6.17,10000,20000,4.76,0.1,1,1.5,2,0.7,10,0.1,97164,4238,946,92926,1341,3310,29,-1274
Winnipeg,SSP126,2035,0.01,0.05,0.6,0.2,0.2,130,0.25,0.5,0.3,6.17,6000,40000,4.76,0.3,0.75,1.25,6,0.7,0,0.1,97164,4238,2772,92926,1341,4210,66,-2367
Winnipeg,SSP126,2035,0.05,0.05,0.6,0.2,0.2,130,0.25,0.4,0.6,6.17,10000,25000,4.76,0.1,0.75,1.25,8,0.7,6,0.1,97164,4238,1518,92926,1341,4510,34,-1507
Winnipeg,SSP126,2035,0.01,0.01,0.6,0.2,0.2,130,0.17,0.3,0.5,6.17,4000,40000,4.76,0.3,1,1,10,0.7,10,0.1,94796,3926,2416,90870,1312,3011,80,-2385
Winnipeg,SSP126,2035,0.05,0.01,0.6,0.2,0.2,130,0.21,0.6,0.1,6.17,2000,20000,4.76,0.3,0.25,1,4,0.7,6,0.1,95926,4082,877,91845,1326,3310,26,-1198
Winnipeg,SSP126,2035,0.01,0.05,0.6,0.2,0.2,130,0.21,0.1,0.3,6.17,10000,40000,5.26,0.3,1,0.5,2,0.7,4,0.1,95926,5452,2489,90475,1306,4210,59,-2447
Winnipeg,SSP126,2035,0.05,0.05,0.6,0.2,0.2,130,0.25,0.2,0.2,6.17,2000,20000,4.76,0.3,0.25,1,10,0.7,0,0.1,97164,4238,1125,92926,1341,4510,25,-1086
Winnipeg,SSP126,2035,0.01,0.01,0.6,0.2,0.2,130,0.25,0.5,0.6,11.67,4000,40000,5.26,0.3,1.5,1,2,0.6,4,0.2,90941,15093,-1,75848,1092,3011,0,-2400
Winnipeg,SSP126,2035,0.05,0.01,0.6,0.2,0.2,130,0.25,0.5,0.4,6.17,8000,35000,4.76,0.35,1.25,1.25,0,0.7,0,0.1,97164,4238,1750,92926,1341,3310,53,-2105
Winnipeg,SSP126,2035,0.01,0.05,0.6,0.2,0.2,130,0.25,0.1,0.1,6.17,2000,25000,5.26,0.2,0.75,1,4,0.7,8,0.1,97164,5608,1659,91556,1321,4210,39,-1549
Winnipeg,SSP126,2035,0.05,0.05,0.6,0.2,0.2,130,0.25,0.3,0.5,6.17,10000,30000,4.76,0.35,1.25,1.5,8,0.7,10,0.2,97192,6188,1746,91005,1313,4510,39,-1839
Winnipeg,SSP126,2035,0.01,0.01,0.6,0.2,0.2,130,0.25,0.4,0.2,6.67,10000,20000,4.76,0.25,1,0.5,8,0.6,10,0.1,90913,4923,1059,85990,1241,3011,35,-1233
Winnipeg,SSP126,2035,0.05,0.01,0.6,0.2,0.2,130,0.25,0.2,0.3,9.17,2000,30000,8.26,0.3,0.5,0.5,4,0.7,10,0.6,97306,27688,-2278,69618,999,3310,-69,-1872
Winnipeg,SSP126,2035,0.01,0.05,0.6,0.2,0.2,130,0.25,0.1,0.2,6.17,0,30000,5.26,0.35,1.5,0.75,2,0.7,10,0.1,97164,5608,1975,91556,1321,4210,47,-1871
Winnipeg,SSP126,2035,0.05,0.05,0.6,0.2,0.2,130,0.25,0.2,0.6,6.17,4000,25000,4.76,0.35,1.5,1.25,8,0.7,2,0.1,97164,4238,1441,92926,1341,4510,32,-1417
Winnipeg,SSP126,2035,0.01,0.01,0.6,0.2,0.2,130,0.25,0.2,0.1,6.17,2000,50000,4.76,0.25,1,0.5,10,0.7,4,0.1,97164,4238,2975,92926,1341,3011,99,-2932
Winnipeg,SSP126,2035,0.05,0.01,0.6,0.2,0.2,130,0.25,0.4,0.6,6.17,0,20000,4.76,0.3,0.5,1.5,0,0.7,8,0.1,97164,4238,937,92926,1341,3310,28,-1244
Winnipeg,SSP126,2035,0.01,0.05,0.6,0.2,0.2,130,0.21,0.5,0.4,6.17,4000,20000,4.76,0.15,0.75,1,8,0.7,4,0.1,95926,4082,1622,91845,1326,4210,39,-1190
Winnipeg,SSP126,2035,0.05,0.05,0.6,0.2,0.2,130,0.25,0.5,0.4,6.17,8000,50000,4.76,0.3,1,1.25,4,0.7,4,0.1,97164,4238,2964,92926,1341,4510,66,-3002
Winnipeg,SSP126,2040,0.01,0.01,0.6,0.2,0.2,130,0.25,0.4,0.1,6.17,8000,25000,4.76,0.15,0.5,1.25,8,0.7,10,0.1,105156,4238,1734,100919,1457,3095,56,-1546
Winnipeg,SSP126,2040,0.05,0.01,0.6,0.2,0.2,130,0.25,0.1,0.5,6.17,6000,40000,4.76,0.15,0.75,0.5,4,0.7,2,0.1,105156,4238,2085,100919,1457,3351,62,-2376
Winnipeg,SSP126,2040,0.01,0.05,0.6,0.2,0.2,130,0.25,0.1,0.6,6.17,2000,20000,4.76,0.1,1,1.5,6,0.7,2,0.2,105183,6188,1571,98995,1429,4384,36,-1179
Winnipeg,SSP126,2040,0.05,0.05,0.6,0.2,0.2,130,0.25,0.7,0.1,6.17,8000,25000,5.26,0.25,1.25,0.5,4,0.7,2,0.1,105156,5608,1259,99549,1437,4639,27,-1480
Winnipeg,SSP126,2040,0.01,0.01,0.6,0.2,0.2,130,0.25,0.5,0.6,6.67,10000,35000,4.76,0.25,1.25,1.5,8,0.7,6,0.1,105156,4923,2080,100234,1447,3095,67,-2085
Winnipeg,SSP126,2040,0.05,0.01,0.6,0.2,0.2,130,0.25,0.4,0.5,6.17,8000,25000,4.76,0.3,0.25,1,0,0.7,4,0.1,105156,4238,1319,100919,1457,3351,39,-1583
Winnipeg,SSP126,2040,0.01,0.05,0.6,0.2,0.2,130,0.25,0.2,0.6,7.17,4000,20000,4.76,0.3,0.75,0.5,6,0.7,2,0.1,105156,5608,1433,99549,1437,4384,33,-1183
Winnipeg,SSP126,2040,0.05,0.05,0.6,0.2,0.2,130,0.25,0.3,0.4,6.17,4000,35000,4.76,0.1,0.75,0.75,0,0.7,6,0.1,105156,4238,2273,100919,1457,4639,49,-2171
Winnipeg,SSP126,2040,0.01,0.01,0.6,0.2,0.2,130,0.21,0.1,0.4,6.17,10000,25000,4.76,0.3,0.5,1.5,6,0.7,6,0.1,103769,4082,1715,99687,1439,3095,55,-1549
Winnipeg,SSP126,2040,0.05,0.01,0.6,0.2,0.2,130,0.25,0.4,0.2,6.67,2000,30000,4.76,0.15,0.5,1.25,2,0.7,10,0.1,105156,4923,1416,100234,1447,3351,42,-1845
Winnipeg,SSP126,2040,0.01,0.05,0.6,0.2,0.2,130,0.25,0.2,0.2,6.17,0,20000,4.76,0.35,1.25,0.5,2,0.7,8,0.1,105156,4238,1854,100919,1457,4384,42,-1261
Winnipeg,SSP126,2040,0.05,0.05,0.6,0.2,0.2,130,0.25,0.6,0.1,6.17,6000,20000,5.26,0.25,1,1.5,2,0.7,4,0.1,105156,5608,1027,99549,1437,4639,22,-1233
Winnipeg,SSP126,2040,0.01,0.01,0.6,0.2,0.2,130,0.25,0.7,0.4,6.17,2000,35000,5.26,0.15,0.5,1,4,0.7,2,0.1,105156,5608,1922,99549,1437,3095,62,-2077
Winnipeg,SSP126,2040,0.05,0.01,0.6,0.2,0.2,130,0.21,0.7,0.4,6.17,8000,35000,4.76,0.3,0.75,1.25,0,0.6,0,0.1,97093,4082,1719,93011,1343,3351,51,-2128
Winnipeg,SSP126,2040,0.01,0.05,0.6,0.2,0.2,130,0.25,0.4,0.3,6.17,4000,35000,4.76,0.2,1.5,0.75,0,0.7,6,0.1,105156,4238,2708,100919,1457,4384,62,-2154
Winnipeg,SSP126,2040,0.05,0.05,0.6,0.2,0.2,130,0.25,0.4,0.1,6.67,2000,30000,4.76,0.1,0.25,0.75,8,0.7,8,0.1,105156,4923,1734,100234,1447,4639,37,-1785
Winnipeg,SSP126,2040,0.01,0.01,0.6,0.2,0.2,130,0.25,0.7,0.5,6.17,6000,30000,4.76,0.4,1.5,0.5,6,0.7,0,0.1,105156,4238,1924,100919,1457,3095,62,-1742
Winnipeg,SSP126,2040,0.05,0.01,0.6,0.2,0.2,130,0.17,0.1,0.6,6.17,10000,50000,4.76,0.15,0.5,1.25,8,0.7,0,0.1,102492,3926,2600,98567,1423,3351,78,-2943
Winnipeg,SSP126,2040,0.01,0.05,0.6,0.2,0.2,130,0.25,0.1,0.2,6.17,2000,40000,4.76,0.3,1.25,0.5,10,0.7,8,0.1,105156,4238,2935,100919,1457,4384,67,-2389
Winnipeg,SSP126,2040,0.05,0.05,0.6,0.2,0.2,130,0.25,0.4,0.2,6.17,10000,30000,4.76,0.4,1.25,1,8,0.7,0,0.1,105156,4238,1808,100919,1457,4639,39,-1708
Winnipeg,SSP126,2045,0.01,0.01,0.6,0.2,0.2,130,0.25,0.5,0.6,6.17,0,20000,4.76,0.3,1,1,2,0.7,6,0.1,89781,4238,1256,85544,1235,2773,45,-1213
Winnipeg,SSP126,2045,0.05,0.01,0.6,0.2,0.2,130,0.25,0.6,0.5,6.17,0,40000,4.76,0.35,0.5,1.5,6,0.7,8,0.1,89781,4238,1996,85544,1235,3052,65,-2366
Winnipeg,SSP126,2045,0.01,0.05,0.6,0.2,0.2,130,0.25,0.1,0.5,6.17,6000,45000,4.76,0.25,0.25,1.5,10,0.7,4,0.1,89781,4238,2995,85544,1235,3867,77,-2695
Winnipeg,SSP126,2045,0.05,0.05,0.6,0.2,0.2,130,0.25,0.4,0.2,6.17,6000,40000,5.26,0.35,0.5,0.5,0,0.7,8,0.1,89781,5608,2103,84174,1215,4147,51,-2497
Winnipeg,SSP126,2045,0.01,0.01,0.6,0.2,0.2,130,0.25,0.1,0.5,6.67,0,45000,4.76,0.35,0.25,1.25,4,0.7,4,0.1,89781,4923,2498,84858,1225,2773,90,-2675
Winnipeg,SSP126,2045,0.05,0.01,0.6,0.2,0.2,130,0.25,0.6,0.5,6.17,6000,20000,5.26,0.2,0.5,1,4,0.7,6,0.1,89781,5608,551,84174,1215,3052,18,-1226
Winnipeg,SSP126,2045,0.01,0.05,0.6,0.2,0.2,130,0.25,0.6,0.2,6.17,0,50000,4.76,0.3,0.5,0.75,8,0.7,4,0.1,89781,4238,3260,85544,1235,3867,84,-2958
Winnipeg,SSP126,2045,0.05,0.05,0.6,0.2,0.2,130,0.21,0.5,0.4,6.17,0,30000,4.76,0.4,0.75,1.25,8,0.7,2,0.1,88591,4082,1679,84510,1220,4147,40,-1720
Winnipeg,SSP126,2045,0.01,0.01,0.6,0.2,0.2,130,0.25,0.1,0.4,6.17,2000,45000,4.76,0.25,0.25,0.75,8,0.7,4,0.1,89781,4238,2649,85544,1235,2773,96,-2664
Winnipeg,SSP126,2045,0.05,0.01,0.6,0.2,0.2,130,0.21,0.4,0.6,6.17,6000,30000,4.76,0.2,0.75,0.75,2,0.7,4,0.2,88619,6032,1354,82587,1192,3052,44,-1827
Winnipeg,SSP126,2045,0.01,0.05,0.6,0.2,0.2,130,0.25,0.4,0.5,6.17,6000,50000,4.76,0.4,1,0.75,6,0.7,6,0.1,89781,4238,3305,85544,1235,3867,85,-3015
Winnipeg,SSP126,2045,0.05,0.05,0.6,0.2,0.2,130,0.25,0.1,0.1,6.17,2000,25000,5.26,0.2,1.25,1.5,0,0.7,4,0.1,89781,5608,1177,84174,1215,4147,28,-1531
Winnipeg,SSP126,2045,0.01,0.01,0.6,0.2,0.2,130,0.25,0.1,0.6,6.67,10000,40000,4.76,0.1,0.5,1,10,0.7,8,0.2,89809,6873,2065,82936,1196,2773,74,-2446
Winnipeg,SSP126,2045,0.05,0.01,0.6,0.2,0.2,130,0.25,0.2,0.2,6.17,4000,30000,4.76,0.4,0.75,0.5,4,0.7,6,0.1,89781,4238,1445,85544,1235,3052,47,-1802
Winnipeg,SSP126,2045,0.01,0.05,0.6,0.2,0.2,130,0.25,0.2,0.6,6.67,6000,20000,5.26,0.35,1,0.75,4,0.7,6,0.1,89781,6293,1094,83488,1205,3867,28,-1243
Winnipeg,SSP126,2045,0.05,0.05,0.6,0.2,0.2,130,0.25,0.3,0.1,6.17,2000,25000,4.76,0.4,0.5,0.5,2,0.7,2,0.1,89781,4238,1480,85544,1235,4147,36,-1499
Winnipeg,SSP126,2045,0.01,0.01,0.6,0.2,0.2,130,0.25,0.1,0.5,6.17,2000,25000,4.76,0.1,0.5,1.25,6,0.7,6,0.1,89781,4238,1525,85544,1235,2773,55,-1497
Winnipeg,SSP126,2045,0.05,0.01,0.6,0.2,0.2,130,0.25,0.2,0.5,6.17,6000,35000,4.76,0.15,1.25,1.5,8,0.7,2,0.1,89781,4238,1654,85544,1235,3052,54,-2026
Winnipeg,SSP126,2045,0.01,0.05,0.6,0.2,0.2,130,0.25,0.6,0.3,6.17,0,25000,4.76,0.3,1.25,0.75,6,0.7,2,0.1,89781,4238,1820,85544,1235,3867,47,-1465
Winnipeg,SSP126,2045,0.05,0.05,0.6,0.2,0.2,130,0.25,0.7,0.5,6.17,0,30000,4.76,0.15,1,1.5,10,0.7,10,0.1,89781,4238,1746,85544,1235,4147,42,-1772
Winnipeg,SSP126,2050,0.01,0.01,0.6,0.2,0.2,130,0.21,0.4,0.6,6.17,0,25000,4.76,0.1,1,0.5,6,0.7,2,0.1,92202,4082,1498,88120,1272,2910,51,-1456
Winnipeg,SSP126,2050,0.05,0.01,0.6,0.2,0.2,130,0.21,0.1,0.1,6.17,10000,40000,4.76,0.25,1.25,1.5,0,0.7,6,0.1,92202,4082,2042,88120,1272,3203,64,-2446
Winnipeg,SSP126,2050,0.01,0.05,0.6,0.2,0.2,130,0.25,0.1,0.6,6.67,6000,35000,4.76,0.4,0.75,1.25,0,0.7,6,0.1,93489,4923,2369,88566,1278,4063,58,-2175
Winnipeg,SSP126,2050,0.05,0.05,0.6,0.2,0.2,130,0.17,0.7,0.6,8.67,0,25000,5.76,0.15,1.25,1.5,8,0.4,6,0.1,71651,10091,-442,61560,887,4357,-10,-1453
Winnipeg,SSP126,2050,0.01,0.01,0.6,0.2,0.2,130,0.21,0.3,0.4,6.17,10000,40000,4.76,0.25,0.25,0.75,4,0.7,8,0.1,92202,4082,2473,88120,1272,2910,85,-2484
Winnipeg,SSP126,2050,0.05,0.01,0.6,0.2,0.2,130,0.25,0.1,0.5,6.17,10000,30000,4.76,0.1,1.25,1.5,4,0.7,2,0.2,93516,6188,1314,87329,1260,3203,41,-1790
Winnipeg,SSP126,2050,0.01,0.05,0.6,0.2,0.2,130,0.25,0.3,0.2,6.17,10000,25000,4.76,0.35,1.5,1.5,0,0.7,2,0.1,93489,4238,1894,89251,1288,4063,47,-1521
Winnipeg,SSP126,2050,0.05,0.05,0.6,0.2,0.2,130,0.25,0.7,0.4,6.17,6000,45000,4.76,0.4,1.25,0.5,2,0.7,0,0.1,93489,4238,2614,89251,1288,4357,60,-2672
Winnipeg,SSP126,2050,0.01,0.01,0.6,0.2,0.2,130,0.25,0.1,0.4,6.17,4000,20000,5.26,0.3,1.5,1.5,8,0.7,6,0.1,93489,5608,900,87881,1268,2910,31,-1174
Winnipeg,SSP126,2050,0.05,0.01,0.6,0.2,0.2,130,0.25,0.7,0.2,6.17,0,20000,4.76,0.3,1.25,1,10,0.7,8,0.1,93489,4238,798,89251,1288,3203,25,-1126
Winnipeg,SSP126,2050,0.01,0.05,0.6,0.2,0.2,130,0.25,0.4,0.4,6.67,4000,45000,4.76,0.4,0.75,1,4,0.7,0,0.1,93489,4923,2847,88566,1278,4063,70,-2671
Winnipeg,SSP126,2050,0.05,0.05,0.6,0.2,0.2,130,0.25,0.7,0.3,6.17,0,30000,4.76,0.35,1.25,0.75,2,0.7,2,0.1,93489,4238,1769,89251,1288,4357,41,-1782
Winnipeg,SSP126,2050,0.01,0.01,0.6,0.2,0.2,130,0.25,0.1,0.5,6.17,8000,40000,4.76,0.25,0.5,1,6,0.7,10,0.1,93489,4238,2465,89251,1288,2910,85,-2455
Winnipeg,SSP126,2050,0.05,0.01,0.6,0.2,0.2,130,0.25,0.3,0.6,6.67,8000,30000,4.76,0.15,1.5,0.75,8,0.7,6,0.1,93489,4923,1208,88566,1278,3203,38,-1742
Winnipeg,SSP126,2050,0.01,0.05,0.6,0.2,0.2,130,0.17,0.1,0.4,6.17,8000,20000,4.76,0.4,1.25,1.5,6,0.7,8,0.1,90991,3926,1592,87065,1257,4063,39,-1244
Winnipeg,SSP126,2050,0.05,0.05,0.6,0.2,0.2,130,0.21,0.3,0.6,6.17,8000,35000,4.76,0.15,1.25,0.75,8,0.7,8,0.1,92202,4082,2033,88120,1272,4357,47,-2091
Winnipeg,SSP126,2050,0.01,0.01,0.6,0.2,0.2,130,0.25,0.6,0.4,6.17,4000,25000,4.76,0.1,1.5,0.5,10,0.7,2,0.1,93489,4238,1481,89251,1288,2910,51,-1431
Winnipeg,SSP126,2050,0.05,0.01,0.6,0.2,0.2,130,0.25,0.6,0.5,6.67,10000,30000,4.76,0.25,1,1,4,0.7,6,0.1,93489,4923,1281,88566,1278,3203,40,-1819
Winnipeg,SSP126,2050,0.01,0.05,0.6,0.2,0.2,130,0.25,0.1,0.6,6.17,2000,40000,4.76,0.35,1.25,1,4,0.7,4,0.1,93489,4238,2754,89251,1288,4063,68,-2395
Winnipeg,SSP126,2050,0.05,0.05,0.6,0.2,0.2,130,0.25,0.6,0.3,6.17,10000,20000,5.26,0.2,1.25,1.25,6,0.7,8,0.1,93489,5608,878,87881,1268,4357,20,-1226
Winnipeg,SSP245,2025,0.01,0.01,0.6,0.2,0.2,130,0.25,0.2,0.5,6.17,4000,35000,4.76,0.15,1,1.25,4,0.7,10,0.1,98419,4238,2192,94181,1360,3047,72,-2134
Winnipeg,SSP245,2025,0.05,0.01,0.6,0.2,0.2,130,0.25,0.6,0.4,6.67,10000,35000,4.76,0.25,0.75,0.5,8,0.7,6,0.1,98419,4923,1517,93496,1350,3316,46,-2077
Winnipeg,SSP245,2025,0.01,0.05,0.6,0.2,0.2,130,0.25,0.1,0.6,6.17,4000,50000,4.76,0.3,0.25,1,10,0.7,10,0.1,98419,4238,3409,94181,1360,4297,79,-3029
Winnipeg,SSP245,2025,0.05,0.05,0.6,0.2,0.2,130,0.25,0.5,0.5,10.67,2000,40000,5.26,0.3,1.25,1,6,0.3,2,0.1,71054,11773,-89,59281,853,4566,-2,-2333
Winnipeg,SSP245,2025,0.01,0.01,0.6,0.2,0.2,130,0.25,0.5,0.3,6.17,8000,20000,5.26,0.35,1.5,0.75,6,0.7,10,0.1,98419,5608,965,92811,1339,3047,32,-1218
Winnipeg,SSP245,2025,0.05,0.01,0.6,0.2,0.2,130,0.25,0.1,0.3,6.67,4000,25000,4.76,0.35,0.75,0.75,8,0.7,0,0.1,98419,4923,883,93496,1350,3316,27,-1409
Winnipeg,SSP245,2025,0.01,0.05,0.6,0.2,0.2,130,0.25,0.3,0.1,6.67,2000,35000,4.76,0.1,0.5,1.25,10,0.7,6,0.1,98419,4923,2325,93496,1350,4297,54,-2076
Winnipeg,SSP245,2025,0.05,0.05,0.6,0.2,0.2,130,0.25,0.2,0.2,6.17,0,35000,4.76,0.1,0.5,1.25,0,0.7,10,0.1,98419,4238,2169,94181,1360,4566,47,-2186
Winnipeg,SSP245,2025,0.01,0.01,0.6,0.2,0.2,130,0.17,0.6,0.5,6.17,8000,20000,4.76,0.4,1.25,1.5,0,0.7,10,0.1,95869,3926,1329,91944,1327,3047,44,-1278
Winnipeg,SSP245,2025,0.05,0.01,0.6,0.2,0.2,130,0.25,0.7,0.2,6.17,0,30000,4.76,0.15,1,0.75,0,0.7,4,0.1,98419,4238,1452,94181,1360,3316,44,-1813
Winnipeg,SSP245,2025,0.01,0.05,0.6,0.2,0.2,130,0.21,0.1,0.1,6.17,10000,45000,4.76,0.35,1.25,1.5,6,0.7,4,0.1,97084,4082,3054,93002,1343,4297,71,-2697
Winnipeg,SSP245,2025,0.05,0.05,0.6,0.2,0.2,130,0.25,0.5,0.5,6.17,0,45000,4.76,0.25,1.25,1.5,8,0.7,0,0.1,98419,4238,2539,94181,1360,4566,56,-2577
Winnipeg,SSP245,2025,0.01,0.01,0.6,0.2,0.2,130,0.25,0.6,0.5,6.17,0,20000,4.76,0.2,1.25,0.5,6,0.7,2,0.1,98419,4238,1252,94181,1360,3047,41,-1154
Winnipeg,SSP245,2025,0.05,0.01,0.6,0.2,0.2,130,0.25,0.6,0.2,6.17,2000,45000,4.76,0.1,0.5,1,0,0.6,6,0.1,92477,4238,2254,88239,1274,3316,68,-2730
Winnipeg,SSP245,2025,0.01,0.05,0.6,0.2,0.2,130,0.13,0.6,0.2,6.17,0,25000,4.76,0.3,0.5,1.25,10,0.7,2,0.1,94825,3770,1813,91056,1315,4297,42,-1428
Winnipeg,SSP245,2025,0.05,0.05,0.6,0.2,0.2,130,0.25,0.2,0.2,6.17,6000,30000,4.76,0.25,1.5,1.5,4,0.7,6,0.1,98419,4238,1785,94181,1360,4566,39,-1804
Winnipeg,SSP245,2025,0.01,0.01,0.6,0.2,0.2,130,0.25,0.6,0.2,6.17,4000,30000,4.76,0.2,0.75,0.5,0,0.7,2,0.1,98419,4238,1890,94181,1360,3047,62,-1821
Winnipeg,SSP245,2025,0.05,0.01,0.6,0.2,0.2,130,0.25,0.7,0.6,6.17,8000,35000,4.76,0.3,0.75,1,2,0.7,2,0.1,98419,4238,1727,94181,1360,3316,52,-2116
Winnipeg,SSP245,2025,0.01,0.05,0.6,0.2,0.2,130,0.25,0.4,0.3,6.17,2000,35000,4.76,0.2,0.75,1.25,0,0.7,6,0.1,98419,4238,2572,94181,1360,4297,60,-2156
Winnipeg,SSP245,2025,0.05,0.05,0.6,0.2,0.2,130,0.25,0.1,0.3,6.17,8000,25000,4.76,0.2,1.25,0.5,0,0.7,2,0.1,98419,4238,1517,94181,1360,4566,33,-1530
Winnipeg,SSP245,2030,0.01,0.01,0.6,0.2,0.2,130,0.25,0.5,0.6,6.17,2000,35000,4.76,0.3,1,0.5,10,0.7,4,0.1,97188,4238,2138,92951,1342,2925,73,-2041
Winnipeg,SSP245,2030,0.05,0.01,0.6,0.2,0.2,130,0.25,0.2,0.4,6.17,6000,35000,4.76,0.35,0.5,1,6,0.7,0,0.1,97188,4238,1736,92951,1342,3201,54,-2054
Winnipeg,SSP245,2030,0.01,0.05,0.6,0.2,0.2,130,0.21,0.1,0.5,6.17,2000,25000,4.76,0.15,1.25,0.5,2,0.7,0,0.1,95989,4082,1927,91908,1327,4102,47,-1478
Winnipeg,SSP245,2030,0.05,0.05,0.6,0.2,0.2,130,0.25,0.4,0.5,6.17,6000,35000,4.76,0.15,0.25,1.5,4,0.7,4,0.1,97188,4238,2158,92951,1342,4379,49,-2126
Winnipeg,SSP245,2030,0.01,0.01,0.6,0.2,0.2,130,0.21,0.1,0.5,6.17,6000,50000,4.76,0.1,1,0.5,2,0.6,0,0.1,89187,4082,2908,85105,1228,2925,99,-2987
Winnipeg,SSP245,2030,0.05,0.01,0.6,0.2,0.2,130,0.25,0.4,0.3,6.17,2000,30000,4.76,0.3,0.25,1,4,0.7,8,0.1,97188,4238,1510,92951,1342,3201,47,-1808
Winnipeg,SSP245,2030,0.01,0.05,0.6,0.2,0.2,130,0.25,0.2,0.5,6.17,8000,25000,4.76,0.25,0.5,1.25,8,0.7,4,0.2,97215,6188,1789,91027,1314,4102,44,-1535
Winnipeg,SSP245,2030,0.05,0.05,0.6,0.2,0.2,130,0.25,0.6,0.6,6.17,8000,25000,4.76,0.4,0.75,1.25,0,0.7,8,0.1,97188,4238,1662,92951,1342,4379,38,-1613
Winnipeg,SSP245,2030,0.01,0.01,0.6,0.2,0.2,130,0.25,0.4,0.6,6.17,6000,20000,4.76,0.4,1,0.75,10,0.7,10,0.1,97188,4238,1325,92951,1342,2925,45,-1205
Winnipeg,SSP245,2030,0.05,0.01,0.6,0.2,0.2,130,0.25,0.5,0.4,6.17,0,20000,5.26,0.4,1.25,0.5,6,0.7,10,0.1,97188,5608,578,91581,1322,3201,18,-1186
Winnipeg,SSP245,2030,0.01,0.05,0.6,0.2,0.2,130,0.25,0.1,0.3,6.17,6000,20000,4.76,0.25,0.5,1.5,6,0.7,2,0.1,97188,4238,1675,92951,1342,4102,41,-1206
Winnipeg,SSP245,2030,0.05,0.05,0.6,0.2,0.2,130,0.25,0.5,0.2,6.17,10000,25000,4.76,0.1,1.25,1.5,4,0.7,0,0.2,97215,6188,1409,91027,1314,4379,32,-1478
Winnipeg,SSP245,2030,0.01,0.01,0.6,0.2,0.2,130,0.25,0.7,0.5,6.17,10000,25000,4.76,0.1,1.25,1,10,0.7,2,0.1,97188,4238,1553,92951,1342,2925,53,-1452
Winnipeg,SSP245,2030,0.05,0.01,0.6,0.2,0.2,130,0.25,0.3,0.4,6.17,0,50000,5.26,0.1,0.5,0.5,10,0.7,10,0.1,97188,5608,2254,91581,1322,3201,70,-2925
Winnipeg,SSP245,2030,0.01,0.05,0.6,0.2,0.2,130,0.25,0.5,0.3,6.67,4000,30000,4.76,0.3,0.5,1.25,2,0.7,4,0.1,97188,4923,2124,92266,1332,4102,52,-1839
Winnipeg,SSP245,2030,0.05,0.05,0.6,0.2,0.2,130,0.25,0.3,0.5,6.17,2000,45000,4.76,0.1,0.75,0.75,10,0.7,2,0.1,97188,4238,2612,92951,1342,4379,60,-2593
Winnipeg,SSP245,2030,0.01,0.01,0.6,0.2,0.2,130,0.25,0.4,0.3,6.17,8000,20000,4.76,0.2,0.5,0.5,8,0.7,6,0.1,97188,4238,1339,92951,1342,2925,46,-1224
Winnipeg,SSP245,2030,0.05,0.01,0.6,0.2,0.2,130,0.25,0.4,0.1,6.17,10000,20000,4.76,0.25,1.5,0.75,4,0.7,6,0.1,97188,4238,902,92951,1342,3201,28,-1196
Winnipeg,SSP245,2030,0.01,0.05,0.6,0.2,0.2,130,0.25,0.4,0.1,6.17,6000,35000,4.76,0.3,1,0.75,10,0.7,8,0.1,97188,4238,2550,92951,1342,4102,62,-2112
Winnipeg,SSP245,2030,0.05,0.05,0.6,0.2,0.2,130,0.25,0.3,0.1,6.17,8000,35000,4.76,0.25,0.75,1.25,4,0.7,4,0.1,97188,4238,2149,92951,1342,4379,49,-2121
Winnipeg,SSP245,2035,0.01,0.01,0.6,0.2,0.2,130,0.25,0.4,0.6,6.17,10000,20000,4.76,0.1,0.25,1.5,10,0.7,4,0.1,105238,4238,1396,101001,1458,3179,44,-1214
Winnipeg,SSP245,2035,0.05,0.01,0.6,0.2,0.2,130,0.25,0.3,0.5,6.17,10000,30000,4.76,0.35,0.75,1.25,4,0.7,10,0.2,105266,6188,1471,99078,1430,3441,43,-1870
Winnipeg,SSP245,2035,0.01,0.05,0.6,0.2,0.2,130,0.21,0.3,0.6,6.17,2000,20000,4.76,0.25,1,0.5,6,0.7,6,0.1,103865,4082,1768,99783,1441,4506,39,-1212
Winnipeg,SSP245,2035,0.05,0.05,0.6,0.2,0.2,130,0.25,0.1,0.1,6.17,6000,35000,4.76,0.25,1.25,1.25,4,0.7,0,0.1,105238,4238,2124,101001,1458,4768,45,-2047
Winnipeg,SSP245,2035,0.01,0.01,0.6,0.2,0.2,130,0.25,0.7,0.3,6.17,6000,40000,4.76,0.25,1.5,0.5,8,0.7,8,0.1,105238,4238,2525,101001,1458,3179,79,-2377
Winnipeg,SSP245,2035,0.05,0.01,0.6,0.2,0.2,130,0.25,0.4,0.5,6.67,4000,40000,4.76,0.15,0.25,0.5,10,0.7,8,0.1,105238,4923,1864,100316,1448,3441,54,-2339
Winnipeg,SSP245,2035,0.01,0.05,0.6,0.2,0.2,130,0.25,0.6,0.1,6.17,6000,35000,4.76,0.15,1.25,1.25,8,0.7,0,0.1,105238,4238,2567,101001,1458,4506,57,-2030
Winnipeg,SSP245,2035,0.05,0.05,0.6,0.2,0.2,130,0.25,0.7,0.3,6.17,2000,35000,4.76,0.4,0.75,1.5,0,0.7,4,0.1,105238,4238,2225,101001,1458,4768,47,-2138
Winnipeg,SSP245,2035,0.01,0.01,0.6,0.2,0.2,130,0.25,0.6,0.4,6.17,4000,40000,4.76,0.25,0.25,0.75,6,0.7,0,0.1,105238,4238,2514,101001,1458,3179,79,-2362
Winnipeg,SSP245,2035,0.05,0.01,0.6,0.2,0.2,130,0.25,0.1,0.1,6.17,10000,30000,4.76,0.35,1,1.5,8,0.7,4,0.1,105238,4238,1451,101001,1458,3441,42,-1749
Winnipeg,SSP245,2035,0.01,0.05,0.6,0.2,0.2,130,0.25,0.2,0.4,6.17,0,20000,4.76,0.4,0.75,1.25,2,0.7,2,0.1,105238,4238,1776,101001,1458,4506,39,-1195
Winnipeg,SSP245,2035,0.05,0.05,0.6,0.2,0.2,130,0.25,0.6,0.6,6.17,0,25000,4.76,0.4,0.25,1.25,0,0.7,2,0.1,105238,4238,1622,101001,1458,4768,34,-1510
Winnipeg,SSP245,2035,0.01,0.01,0.6,0.2,0.2,130,0.21,0.1,0.6,6.67,8000,25000,4.76,0.3,0.5,0.75,4,0.7,2,0.1,103865,4767,1515,99098,1430,3179,48,-1523
Winnipeg,SSP245,2035,0.05,0.01,0.6,0.2,0.2,130,0.25,0.4,0.2,6.17,2000,30000,4.76,0.35,0.25,0.75,6,0.7,10,0.1,105238,4238,1513,101001,1458,3441,44,-1794
Winnipeg,SSP245,2035,0.01,0.05,0.6,0.2,0.2,130,0.25,0.1,0.1,6.17,0,35000,4.76,0.35,1.5,1.25,2,0.7,2,0.1,105238,4238,2638,101001,1458,4506,59,-2088
Winnipeg,SSP245,2035,0.05,0.05,0.6,0.2,0.2,130,0.25,0.4,0.3,6.17,0,20000,4.76,0.2,0.25,1.25,4,0.7,4,0.1,105238,4238,1304,101001,1458,4768,27,-1181
Winnipeg,SSP245,2035,0.01,0.01,0.6,0.2,0.2,130,0.25,0.7,0.6,6.17,6000,25000,4.76,0.25,0.25,1.5,0,0.7,0,0.1,105238,4238,1717,101001,1458,3179,54,-1538
Winnipeg,SSP245,2035,0.05,0.01,0.6,0.2,0.2,130,0.25,0.4,0.5,6.17,10000,20000,4.76,0.15,1.5,1,10,0.7,10,0.1,105238,4238,865,101001,1458,3441,25,-1142
Winnipeg,SSP245,2035,0.01,0.05,0.6,0.2,0.2,130,0.25,0.6,0.5,6.17,8000,25000,4.76,0.2,1,1.25,6,0.7,0,0.1,105238,4238,2023,101001,1458,4506,45,-1469
Winnipeg,SSP245,2035,0.05,0.05,0.6,0.2,0.2,130,0.25,0.1,0.3,6.17,10000,50000,4.76,0.2,1.5,0.75,4,0.7,6,0.1,105238,4238,3040,101001,1458,4768,64,-3002
Winnipeg,SSP245,2040,0.01,0.01,0.6,0.2,0.2,130,0.25,0.3,0.6,6.67,4000,50000,4.76,0.35,1.5,0.5,0,0.7,6,0.1,100195,4923,2903,95272,1375,3082,94,-3023
Winnipeg,SSP245,2040,0.05,0.01,0.6,0.2,0.2,130,0.21,0.2,0.2,6.17,2000,20000,5.26,0.4,0.5,1.5,0,0.7,4,0.1,98869,5452,555,93418,1348,3380,16,-1231
Winnipeg,SSP245,2040,0.01,0.05,0.6,0.2,0.2,130,0.25,0.2,0.2,6.17,6000,40000,5.26,0.1,1.25,0.75,4,0.7,6,0.1,100195,5608,2517,94587,1365,4322,58,-2426
Winnipeg,SSP245,2040,0.05,0.05,0.6,0.2,0.2,130,0.21,0.1,0.4,6.17,6000,35000,4.76,0.15,0.75,1.5,8,0.7,8,0.1,98869,4082,2071,94788,1368,4620,45,-2097
Winnipeg,SSP245,2040,0.01,0.01,0.6,0.2,0.2,130,0.25,0.7,0.6,6.17,4000,30000,5.26,0.1,1.25,1.25,6,0.7,6,0.1,100195,5608,1542,94587,1365,3082,50,-1787
Winnipeg,SSP245,2040,0.05,0.01,0.6,0.2,0.2,130,0.17,0.4,0.5,6.17,8000,20000,4.76,0.15,1.25,0.75,8,0.7,10,0.1,97641,3926,815,93715,1353,3380,24,-1178
Winnipeg,SSP245,2040,0.01,0.05,0.6,0.2,0.2,130,0.25,0.5,0.4,6.67,0,20000,4.76,0.1,1.25,1,6,0.7,8,0.1,100195,4923,1536,95272,1375,4322,36,-1223
Winnipeg,SSP245,2040,0.05,0.05,0.6,0.2,0.2,130,0.25,0.2,0.5,6.17,4000,25000,4.76,0.25,0.25,1,2,0.7,4,0.1,100195,4238,1552,95957,1385,4620,34,-1537
Winnipeg,SSP245,2040,0.01,0.01,0.6,0.2,0.2,130,0.25,0.1,0.4,6.17,2000,20000,5.26,0.25,1,1,10,0.7,0,0.1,100195,5608,895,94587,1365,3082,29,-1114
Winnipeg,SSP245,2040,0.05,0.01,0.6,0.2,0.2,130,0.25,0.2,0.3,6.67,0,45000,4.76,0.1,0.5,0.5,8,0.7,2,0.1,100195,4923,2042,95272,1375,3380,60,-2589
Winnipeg,SSP245,2040,0.01,0.05,0.6,0.2,0.2,130,0.25,0.1,0.2,6.17,4000,30000,4.76,0.15,0.75,1,2,0.7,10,0.1,100195,4238,2346,95957,1385,4322,54,-1895
Winnipeg,SSP245,2040,0.05,0.05,0.6,0.2,0.2,130,0.25,0.7,0.3,6.17,0,20000,4.76,0.2,1.5,0.5,4,0.7,6,0.1,100195,4238,1235,95957,1385,4620,27,-1202
Winnipeg,SSP245,2040,0.01,0.01,0.6,0.2,0.2,130,0.25,0.7,0.6,6.17,4000,25000,4.76,0.2,1.25,1.25,2,0.7,0,0.1,100195,4238,1583,95957,1385,3082,51,-1482
Winnipeg,SSP245,2040,0.05,0.01,0.6,0.2,0.2,130,0.25,0.3,0.3,6.17,4000,45000,5.26,0.3,0.25,0.75,4,0.7,4,0.1,100195,5608,1965,94587,1365,3380,58,-2687
Winnipeg,SSP245,2040,0.01,0.05,0.6,0.2,0.2,130,0.25,0.6,0.5,6.17,6000,30000,4.76,0.3,0.75,1.5,8,0.7,2,0.1,100195,4238,2218,95957,1385,4322,51,-1772
Winnipeg,SSP245,2040,0.05,0.05,0.6,0.2,0.2,130,0.25,0.1,0.3,6.17,4000,20000,5.26,0.4,0.75,0.5,10,0.7,0,0.1,100195,5608,774,94587,1365,4620,17,-1083
Winnipeg,SSP245,2040,0.01,0.01,0.6,0.2,0.2,130,0.25,0.3,0.4,6.67,2000,45000,4.76,0.25,1,0.75,0,0.7,0,0.1,100195,4923,2582,95272,1375,3082,84,-2687
Winnipeg,SSP245,2040,0.05,0.01,0.6,0.2,0.2,130,0.25,0.1,0.6,6.17,4000,20000,4.76,0.2,0.75,0.75,8,0.7,4,0.1,100195,4238,801,95957,1385,3380,24,-1137
Winnipeg,SSP245,2040,0.01,0.05,0.6,0.2,0.2,130,0.25,0.7,0.4,6.67,2000,45000,4.76,0.4,0.25,1.25,6,0.7,2,0.1,100195,4923,2921,95272,1375,4322,68,-2665
Winnipeg,SSP245,2040,0.05,0.05,0.6,0.2,0.2,130,0.25,0.3,0.4,6.17,2000,20000,4.76,0.2,0.5,0.5,0,0.7,8,0.1,100195,4238,1317,95957,1385,4620,29,-1288
Winnipeg,SSP245,2045,0.01,0.01,0.6,0.2,0.2,130,0.25,0.5,0.2,6.67,10000,50000,4.76,0.3,0.5,1,4,0.7,6,0.1,98498,4923,2952,93575,1351,3018,98,-3054
Winnipeg,SSP245,2045,0.05,0.01,0.6,0.2,0.2,130,0.25,0.5,0.4,6.17,4000,20000,5.26,0.25,1.25,1.25,8,0.7,6,0.1,98498,5608,541,92890,1341,3318,16,-1146
Winnipeg,SSP245,2045,0.01,0.05,0.6,0.2,0.2,130,0.25,0.4,0.1,6.17,0,35000,4.76,0.1,1.25,1.25,0,0.7,2,0.1,98498,4238,2576,94260,1361,4223,61,-2104
Winnipeg,SSP245,2045,0.05,0.05,0.6,0.2,0.2,130,0.25,0.2,0.6,6.17,6000,30000,4.76,0.4,0.75,1,10,0.7,10,0.1,98498,4238,1860,94260,1361,4522,41,-1802
Winnipeg,SSP245,2045,0.01,0.01,0.6,0.2,0.2,130,0.25,0.5,0.2,6.17,8000,20000,4.76,0.35,0.25,0.75,2,0.7,4,0.1,98498,4238,1400,94260,1361,3018,46,-1268
Winnipeg,SSP245,2045,0.05,0.01,0.6,0.2,0.2,130,0.25,0.1,0.1,6.17,10000,35000,4.76,0.25,1.25,1.5,10,0.7,0,0.1,98498,4238,1676,94260,1361,3318,51,-1991
Winnipeg,SSP245,2045,0.01,0.05,0.6,0.2,0.2,130,0.25,0.1,0.5,6.17,2000,30000,4.76,0.35,0.25,1.5,8,0.7,2,0.1,98498,4238,2238,94260,1361,4223,53,-1760
Winnipeg,SSP245,2045,0.05,0.05,0.6,0.2,0.2,130,0.25,0.1,0.6,6.67,10000,50000,4.76,0.2,0.5,1.25,6,0.7,2,0.1,98498,4923,2834,93575,1351,4522,63,-2994
Winnipeg,SSP245,2045,0.01,0.01,0.6,0.2,0.2,130,0.25,0.7,0.2,6.17,8000,20000,4.76,0.2,0.25,1.5,4,0.7,2,0.1,98498,4238,1371,94260,1361,3018,45,-1239
Winnipeg,SSP245,2045,0.05,0.01,0.6,0.2,0.2,130,0.25,0.4,0.3,6.17,4000,40000,4.76,0.15,1.25,1,4,0.7,8,0.1,98498,4238,2085,94260,1361,3318,63,-2398
Winnipeg,SSP245,2045,0.01,0.05,0.6,0.2,0.2,130,0.25,0.7,0.5,6.17,10000,35000,5.26,0.4,0.5,0.75,2,0.7,10,0.1,98498,5608,2355,92890,1341,4223,56,-2239
Winnipeg,SSP245,2045,0.05,0.05,0.6,0.2,0.2,130,0.25,0.1,0.6,6.17,4000,45000,4.76,0.25,1.5,1,6,0.7,2,0.1,98498,4238,2663,94260,1361,4522,59,-2633
Winnipeg,SSP245,2045,0.01,0.01,0.6,0.2,0.2,130,0.21,0.7,0.4,6.17,4000,20000,4.76,0.3,0.75,1.5,6,0.7,10,0.1,97217,4082,1357,93135,1345,3018,45,-1233
Winnipeg,SSP245,2045,0.05,0.01,0.6,0.2,0.2,130,0.25,0.3,0.5,6.17,0,20000,4.76,0.2,1,1.5,0,0.7,4,0.2,98525,6188,845,92337,1332,3318,25,-1217
Winnipeg,SSP245,2045,0.01,0.05,0.6,0.2,0.2,130,0.25,0.3,0.4,6.17,0,20000,4.76,0.4,1.5,1.5,4,0.7,8,0.1,98498,4238,1745,94260,1361,4223,41,-1241
Winnipeg,SSP245,2045,0.05,0.05,0.6,0.2,0.2,130,0.25,0.6,0.4,6.67,4000,35000,4.76,0.4,0.75,1.25,10,0.7,6,0.2,98525,6873,1848,91652,1322,4522,41,-2073
Winnipeg,SSP245,2045,0.01,0.01,0.6,0.2,0.2,130,0.21,0.6,0.3,6.17,8000,50000,4.76,0.15,0.75,1.5,10,0.7,8,0.1,97217,4082,3049,93135,1345,3018,101,-2996
Winnipeg,SSP245,2045,0.05,0.01,0.6,0.2,0.2,130,0.25,0.7,0.6,6.17,2000,45000,4.76,0.25,0.75,1.25,8,0.7,6,0.1,98498,4238,2315,94260,1361,3318,70,-2635
Winnipeg,SSP245,2045,0.01,0.05,0.6,0.2,0.2,130,0.21,0.5,0.1,6.17,0,40000,4.76,0.25,0.5,0.5,8,0.7,8,0.1,97217,4082,2841,93135,1345,4223,67,-2400
Winnipeg,SSP245,2045,0.05,0.05,0.6,0.2,0.2,130,0.25,0.2,0.6,6.17,2000,35000,5.26,0.4,0.75,1.5,2,0.7,10,0.1,98498,5608,1894,92890,1341,4522,42,-2173
Winnipeg,SSP245,2050,0.01,0.01,0.6,0.2,0.2,130,0.25,0.1,0.3,6.17,8000,40000,5.26,0.4,1.25,1.5,0,0.7,2,0.1,93441,5608,2091,87833,1268,2872,73,-2416
Winnipeg,SSP245,2050,0.05,0.01,0.6,0.2,0.2,130,0.21,0.5,0.1,6.67,2000,20000,4.76,0.35,0.5,1.25,4,0.7,2,0.1,92250,4767,662,87483,1263,3155,21,-1171
Winnipeg,SSP245,2050,0.01,0.05,0.6,0.2,0.2,130,0.25,0.1,0.3,6.67,2000,20000,5.26,0.1,0.5,1.25,2,0.7,6,0.1,93441,6293,1147,87148,1257,4017,29,-1248
Winnipeg,SSP245,2050,0.05,0.05,0.6,0.2,0.2,130,0.21,0.1,0.5,6.17,4000,20000,4.76,0.25,1,1.25,6,0.7,6,0.1,92250,4082,1182,88168,1273,4299,27,-1196
Winnipeg,SSP245,2050,0.01,0.01,0.6,0.2,0.2,130,0.25,0.2,0.3,6.17,4000,20000,4.76,0.4,1.25,1.25,10,0.7,6,0.1,93441,4238,1226,89203,1288,2872,43,-1164
Winnipeg,SSP245,2050,0.05,0.01,0.6,0.2,0.2,130,0.25,0.4,0.6,6.17,4000,40000,4.76,0.2,1.5,1,6,0.7,2,0.1,93441,4238,1952,89203,1288,3155,62,-2330
Winnipeg,SSP245,2050,0.01,0.05,0.6,0.2,0.2,130,0.25,0.7,0.1,6.17,2000,50000,4.76,0.25,1,1.5,0,0.7,2,0.1,93441,4238,3342,89203,1288,4017,83,-3004
Winnipeg,SSP245,2050,0.05,0.05,0.6,0.2,0.2,130,0.25,0.1,0.6,6.17,0,30000,4.76,0.4,0.5,1.25,4,0.7,8,0.1,93441,4238,1805,89203,1288,4299,42,-1818
Winnipeg,SSP245,2050,0.01,0.01,0.6,0.2,0.2,130,0.25,0.6,0.4,6.67,6000,45000,4.76,0.15,1,1.5,4,0.7,8,0.1,93441,4923,2561,88518,1278,2872,89,-2724
Winnipeg,SSP245,2050,0.05,0.01,0.6,0.2,0.2,130,0.25,0.3,0.5,6.17,10000,25000,4.76,0.35,0.75,0.5,10,0.7,0,0.1,93441,4238,1069,89203,1288,3155,34,-1428
Winnipeg,SSP245,2050,0.01,0.05,0.6,0.2,0.2,130,0.25,0.6,0.5,6.17,2000,30000,4.76,0.35,1,1.5,8,0.6,0,0.1,87725,4238,2006,83488,1205,4017,50,-1736
Winnipeg,SSP245,2050,0.05,0.05,0.6,0.2,0.2,130,0.25,0.1,0.5,6.67,4000,40000,4.76,0.1,1,0.5,8,0.7,4,0.1,93441,4923,2135,88518,1278,4299,50,-2345
Winnipeg,SSP245,2050,0.01,0.01,0.6,0.2,0.2,130,0.25,0.4,0.3,6.17,8000,50000,4.76,0.3,1.5,0.5,6,0.7,6,0.1,93441,4238,2969,89203,1288,2872,103,-2980
Winnipeg,SSP245,2050,0.05,0.01,0.6,0.2,0.2,130,0.25,0.1,0.1,6.17,6000,20000,4.76,0.4,1.25,0.75,0,0.7,2,0.1,93441,4238,879,89203,1288,3155,28,-1220
Winnipeg,SSP245,2050,0.01,0.05,0.6,0.2,0.2,130,0.25,0.2,0.4,6.17,10000,30000,4.76,0.3,0.75,1.5,8,0.7,8,0.1,93441,4238,2222,89203,1288,4017,55,-1859
Winnipeg,SSP245,2050,0.05,0.05,0.6,0.2,0.2,130,0.25,0.7,0.4,6.17,8000,25000,4.76,0.3,1.25,1.5,0,0.7,0,0.1,93441,4238,1491,89203,1288,4299,35,-1510
Winnipeg,SSP245,2050,0.01,0.01,0.6,0.2,0.2,130,0.25,0.2,0.1,6.17,2000,30000,4.76,0.1,1,0.5,8,0.7,8,0.1,93441,4238,1829,89203,1288,2872,64,-1785
Winnipeg,SSP245,2050,0.05,0.01,0.6,0.2,0.2,130,0.25,0.6,0.2,6.17,2000,20000,4.76,0.1,0.5,0.5,6,0.7,2,0.1,93441,4238,816,89203,1288,3155,26,-1148
Winnipeg,SSP245,2050,0.01,0.05,0.6,0.2,0.2,130,0.25,0.3,0.1,6.17,10000,35000,4.76,0.1,1.5,0.5,8,0.7,0,0.1,93441,4238,2389,89203,1288,4017,59,-2036
Winnipeg,SSP245,2050,0.05,0.05,0.6,0.2,0.2,130,0.25,0.3,0.1,6.17,10000,25000,4.76,0.1,1.25,1.5,6,0.7,2,0.1,93441,4238,1443,89203,1288,4299,34,-1466
Winnipeg,SSP585,2025,0.01,0.01,0.6,0.2,0.2,130,0.25,0.6,0.1,6.17,2000,30000,4.76,0.3,0.25,0.5,8,0.7,2,0.1,100345,4238,1888,96108,1387,3016,63,-1751
Winnipeg,SSP585,2025,0.05,0.01,0.6,0.2,0.2,130,0.21,0.7,0.5,6.17,4000,40000,5.26,0.3,1.5,1.5,8,0.7,10,0.1,99035,5452,1695,93583,1351,3287,52,-2356
Winnipeg,SSP585,2025,0.01,0.05,0.6,0.2,0.2,130,0.25,0.1,0.5,6.17,4000,20000,4.76,0.3,0.25,1,4,0.7,6,0.1,100345,4238,1768,96108,1387,4247,42,-1254
Winnipeg,SSP585,2025,0.05,0.05,0.6,0.2,0.2,130,0.25,0.7,0.4,7.17,0,30000,4.76,0.35,0.25,1.5,8,0.6,4,0.1,93856,5608,1347,88248,1274,4518,30,-1729
Winnipeg,SSP585,2025,0.01,0.01,0.6,0.2,0.2,130,0.21,0.2,0.2,6.17,0,30000,4.76,0.25,0.75,0.75,2,0.7,6,0.1,99035,4082,1935,94953,1371,3016,64,-1810
Winnipeg,SSP585,2025,0.05,0.01,0.6,0.2,0.2,130,0.25,0.3,0.5,6.17,10000,40000,4.76,0.4,0.5,1.5,4,0.7,6,0.1,100345,4238,2114,96108,1387,3287,64,-2442
Winnipeg,SSP585,2025,0.01,0.05,0.6,0.2,0.2,130,0.25,0.7,0.3,6.17,8000,20000,4.76,0.25,0.5,1.25,0,0.7,10,0.1,100345,4238,1855,96108,1387,4247,44,-1350
Winnipeg,SSP585,2025,0.05,0.05,0.6,0.2,0.2,130,0.25,0.7,0.3,6.17,2000,50000,4.76,0.4,1,0.5,4,0.7,6,0.1,100345,4238,3027,96108,1387,4518,67,-2998
Winnipeg,SSP585,2025,0.01,0.01,0.6,0.2,0.2,130,0.25,0.4,0.3,6.17,10000,35000,4.76,0.2,0.5,1.25,0,0.7,0,0.1,100345,4238,2261,96108,1387,3016,75,-2152
Winnipeg,SSP585,2025,0.05,0.01,0.6,0.2,0.2,130,0.17,0.5,0.1,7.67,0,30000,5.76,0.3,0.25,0.75,10,0.5,4,0.1,83959,8721,-9,75238,1085,3287,0,-1695
Winnipeg,SSP585,2025,0.01,0.05,0.6,0.2,0.2,130,0.25,0.5,0.3,6.67,0,25000,4.76,0.1,0.25,1.5,0,0.7,6,0.1,100345,4923,1895,95423,1377,4247,45,-1551
Winnipeg,SSP585,2025,0.05,0.05,0.6,0.2,0.2,130,0.25,0.6,0.2,6.17,10000,20000,4.76,0.2,1,0.75,10,0.7,4,0.1,100345,4238,1225,96108,1387,4518,27,-1150
Winnipeg,SSP585,2025,0.01,0.01,0.6,0.2,0.2,130,0.25,0.4,0.6,6.17,10000,25000,4.76,0.1,1.5,1,8,0.6,4,0.1,93856,4238,1481,89618,1294,3016,49,-1464
Winnipeg,SSP585,2025,0.05,0.01,0.6,0.2,0.2,130,0.25,0.1,0.3,6.17,6000,25000,4.76,0.4,1.25,0.75,8,0.7,6,0.1,100345,4238,1159,96108,1387,3287,35,-1447
Winnipeg,SSP585,2025,0.01,0.05,0.6,0.2,0.2,130,0.25,0.6,0.6,6.67,0,30000,5.26,0.3,0.75,1,4,0.7,8,0.1,100345,6293,1836,94053,1357,4247,43,-1837
Winnipeg,SSP585,2025,0.05,0.05,0.6,0.2,0.2,130,0.25,0.4,0.5,6.17,0,35000,4.76,0.2,1.25,0.5,10,0.7,4,0.1,100345,4238,2067,96108,1387,4518,46,-2002
Winnipeg,SSP585,2025,0.01,0.01,0.6,0.2,0.2,130,0.25,0.5,0.4,6.17,0,30000,4.76,0.15,1,1,0,0.7,4,0.1,100345,4238,1954,96108,1387,3016,65,-1813
Winnipeg,SSP585,2025,0.05,0.01,0.6,0.2,0.2,130,0.21,0.4,0.4,6.17,4000,40000,4.76,0.15,1.5,1.5,8,0.7,6,0.1,99035,4082,2003,94953,1371,3287,61,-2329
Winnipeg,SSP585,2025,0.01,0.05,0.6,0.2,0.2,130,0.25,0.2,0.3,6.17,0,35000,4.76,0.1,0.5,1.5,8,0.7,6,0.1,100345,4238,2572,96108,1387,4247,61,-2082
Winnipeg,SSP585,2025,0.05,0.05,0.6,0.2,0.2,130,0.25,0.5,0.2,6.17,2000,40000,4.76,0.15,1,1.5,0,0.7,8,0.1,100345,4238,2523,96108,1387,4518,56,-2473
Winnipeg,SSP585,2030,0.01,0.01,0.6,0.2,0.2,130,0.21,0.2,0.5,6.67,10000,40000,5.26,0.35,1.5,1,6,0.7,2,0.1,98740,6137,1917,92603,1336,3077,62,-2359
Winnipeg,SSP585,2030,0.05,0.01,0.6,0.2,0.2,130,0.25,0.4,0.3,6.17,10000,20000,4.76,0.3,1.5,1,6,0.7,10,0.1,100085,4238,882,95848,1384,3350,26,-1196
Winnipeg,SSP585,2030,0.01,0.05,0.6,0.2,0.2,130,0.25,0.3,0.6,6.17,4000,20000,4.76,0.25,1,1.5,8,0.7,6,0.1,100085,4238,1696,95848,1384,4338,39,-1204
Winnipeg,SSP585,2030,0.05,0.05,0.6,0.2,0.2,130,0.25,0.1,0.2,6.67,4000,25000,4.76,0.3,0.25,1,2,0.7,4,0.2,100113,6873,1320,93240,1345,4611,29,-1543
Winnipeg,SSP585,2030,0.01,0.01,0.6,0.2,0.2,130,0.25,0.3,0.3,6.17,0,25000,4.76,0.3,0.75,1.25,6,0.6,6,0.1,93872,4238,1502,89634,1294,3077,49,-1479
Winnipeg,SSP585,2030,0.05,0.01,0.6,0.2,0.2,130,0.25,0.1,0.6,6.17,4000,25000,4.76,0.4,0.25,1,6,0.7,8,0.1,100085,4238,1188,95848,1384,3350,35,-1500
Winnipeg,SSP585,2030,0.01,0.05,0.6,0.2,0.2,130,0.25,0.5,0.5,6.17,0,35000,5.26,0.2,1,1.5,4,0.7,6,0.1,100085,5608,2248,94478,1364,4338,52,-2113
Winnipeg,SSP585,2030,0.05,0.05,0.6,0.2,0.2,130,0.21,0.1,0.5,6.17,6000,30000,4.76,0.3,0.25,1.5,10,0.7,8,0.1,98740,4082,1809,94658,1367,4611,39,-1793
Winnipeg,SSP585,2030,0.01,0.01,0.6,0.2,0.2,130,0.25,0.1,0.5,6.67,10000,50000,4.76,0.2,1.5,0.5,8,0.7,0,0.1,100085,4923,2813,95163,1374,3077,91,-2924
Winnipeg,SSP585,2030,0.05,0.01,0.6,0.2,0.2,130,0.25,0.7,0.2,6.17,0,25000,5.26,0.2,0.5,1.5,4,0.7,4,0.1,100085,5608,827,94478,1364,3350,25,-1465
Winnipeg,SSP585,2030,0.01,0.05,0.6,0.2,0.2,130,0.25,0.4,0.4,6.17,4000,20000,4.76,0.2,1.5,0.5,8,0.7,8,0.1,100085,4238,1706,95848,1384,4338,39,-1213
Winnipeg,SSP585,2030,0.05,0.05,0.6,0.2,0.2,130,0.25,0.4,0.5,6.17,4000,30000,4.76,0.1,1.25,0.5,10,0.7,10,0.1,100085,4238,1812,95848,1384,4611,39,-1775
Winnipeg,SSP585,2030,0.01,0.01,0.6,0.2,0.2,130,0.25,0.2,0.1,6.17,8000,20000,5.26,0.35,0.5,1.25,0,0.7,2,0.1,100085,5608,1048,94478,1364,3077,34,-1259
Winnipeg,SSP585,2030,0.05,0.01,0.6,0.2,0.2,130,0.25,0.4,0.4,6.17,6000,30000,4.76,0.3,0.75,0.5,6,0.7,2,0.1,100085,4238,1430,95848,1384,3350,43,-1757
Winnipeg,SSP585,2030,0.01,0.05,0.6,0.2,0.2,130,0.25,0.6,0.5,6.17,4000,35000,4.76,0.2,0.25,0.5,2,0.7,2,0.2,100113,6188,2391,93925,1355,4338,55,-2124
Winnipeg,SSP585,2030,0.05,0.05,0.6,0.2,0.2,130,0.13,0.2,0.2,6.67,6000,45000,4.76,0.35,0.75,1,2,0.7,2,0.2,96450,6405,2400,90045,1299,4611,52,-2713
Winnipeg,SSP585,2030,0.01,0.01,0.6,0.2,0.2,130,0.25,0.7,0.1,6.17,2000,35000,4.76,0.25,1.25,1.25,2,0.7,10,0.1,100085,4238,2246,95848,1384,3077,73,-2141
Winnipeg,SSP585,2030,0.05,0.01,0.6,0.2,0.2,130,0.17,0.1,0.3,6.17,4000,30000,4.76,0.1,0.75,1.25,2,0.7,6,0.1,97502,3926,1478,93576,1351,3350,44,-1823
Winnipeg,SSP585,2030,0.01,0.05,0.6,0.2,0.2,130,0.25,0.7,0.2,6.17,10000,20000,4.76,0.3,0.25,1.25,2,0.7,10,0.1,100085,4238,1840,95848,1384,4338,42,-1360
Winnipeg,SSP585,2030,0.05,0.05,0.6,0.2,0.2,130,0.25,0.1,0.3,6.17,6000,30000,4.76,0.35,1.25,0.5,2,0.7,2,0.1,100085,4238,1831,95848,1384,4611,40,-1798
Winnipeg,SSP585,2035,0.01,0.01,0.6,0.2,0.2,130,0.25,0.1,0.5,6.67,0,40000,4.76,0.3,0.25,1,0,0.7,0,0.1,95723,4923,2271,90801,1311,2939,77,-2381
Winnipeg,SSP585,2035,0.05,0.01,0.6,0.2,0.2,130,0.21,0.7,0.1,6.17,4000,35000,4.76,0.2,1.25,1.5,0,0.7,4,0.2,94492,6032,1653,88461,1276,3216,51,-2120
Winnipeg,SSP585,2035,0.01,0.05,0.6,0.2,0.2,130,0.25,0.3,0.2,6.17,6000,45000,4.76,0.1,1.5,0.5,6,0.7,2,0.1,95723,4238,3038,91486,1321,4125,74,-2660
Winnipeg,SSP585,2035,0.05,0.05,0.6,0.2,0.2,130,0.25,0.7,0.1,6.17,10000,30000,5.26,0.25,0.25,1.25,2,0.7,8,0.1,95723,5608,1584,90116,1300,4402,36,-1924
Winnipeg,SSP585,2035,0.01,0.01,0.6,0.2,0.2,130,0.25,0.4,0.6,6.67,6000,20000,4.76,0.3,0.25,1,0,0.7,8,0.2,95750,6873,1015,88878,1282,2939,35,-1292
Winnipeg,SSP585,2035,0.05,0.01,0.6,0.2,0.2,130,0.25,0.5,0.5,6.17,4000,40000,5.26,0.4,1.5,1.5,6,0.7,2,0.1,95723,5608,1636,90116,1300,3216,51,-2329
Winnipeg,SSP585,2035,0.01,0.05,0.6,0.2,0.2,130,0.25,0.5,0.2,6.17,4000,20000,4.76,0.1,1,0.75,10,0.7,2,0.1,95723,4238,1585,91486,1321,4125,38,-1150
Winnipeg,SSP585,2035,0.05,0.05,0.6,0.2,0.2,130,0.25,0.4,0.4,6.17,4000,25000,4.76,0.3,1,0.75,8,0.7,6,0.1,95723,4238,1488,91486,1321,4402,34,-1470
Winnipeg,SSP585,2035,0.01,0.01,0.6,0.2,0.2,130,0.25,0.3,0.3,6.17,4000,40000,4.76,0.2,0.5,0.75,4,0.7,4,0.1,95723,4238,2453,91486,1321,2939,83,-2404
Winnipeg,SSP585,2035,0.05,0.01,0.6,0.2,0.2,130,0.21,0.2,0.1,6.67,4000,20000,4.76,0.2,1.5,1,6,0.7,6,0.1,94466,4767,670,89699,1295,3216,21,-1164
Winnipeg,SSP585,2035,0.01,0.05,0.6,0.2,0.2,130,0.25,0.5,0.2,6.67,6000,30000,4.76,0.25,0.75,0.5,2,0.7,8,0.1,95723,4923,2126,90801,1311,4125,52,-1883
Winnipeg,SSP585,2035,0.05,0.05,0.6,0.2,0.2,130,0.25,0.5,0.6,6.17,4000,20000,4.76,0.3,1,0.5,8,0.7,2,0.1,95723,4238,1161,91486,1321,4402,26,-1133
Winnipeg,SSP585,2035,0.01,0.01,0.6,0.2,0.2,130,0.25,0.3,0.6,6.67,0,35000,4.76,0.1,1.25,0.5,8,0.7,8,0.1,95723,4923,1974,90801,1311,2939,67,-2074
Winnipeg,SSP585,2035,0.05,0.01,0.6,0.2,0.2,130,0.25,0.3,0.3,6.17,2000,25000,5.26,0.2,1.5,1.25,8,0.7,10,0.1,95723,5608,805,90116,1300,3216,25,-1462
Winnipeg,SSP585,2035,0.01,0.05,0.6,0.2,0.2,130,0.25,0.4,0.2,6.67,2000,35000,5.26,0.25,1,0.75,4,0.7,6,0.1,95723,6293,2026,89431,1290,4125,49,-2121
Winnipeg,SSP585,2035,0.05,0.05,0.6,0.2,0.2,130,0.21,0.4,0.2,6.17,0,20000,4.76,0.25,0.75,0.5,6,0.7,8,0.1,94466,4082,1220,90384,1305,4402,28,-1199
Winnipeg,SSP585,2035,0.01,0.01,0.6,0.2,0.2,130,0.25,0.2,0.1,6.67,4000,40000,4.76,0.3,1.25,0.5,2,0.7,10,0.1,95723,4923,2323,90801,1311,2939,79,-2442
Winnipeg,SSP585,2035,0.05,0.01,0.6,0.2,0.2,130,0.09,0.2,0.6,6.67,4000,25000,5.76,0.1,1,0.5,0,0.7,10,0.6,91626,16789,-171,74838,1077,3216,-5,-1567
Winnipeg,SSP585,2035,0.01,0.05,0.6,0.2,0.2,130,0.25,0.2,0.1,6.17,2000,20000,4.76,0.3,0.25,1.25,2,0.6,10,0.1,89501,4238,1595,85263,1231,4125,39,-1285
Winnipeg,SSP585,2035,0.05,0.05,0.6,0.2,0.2,130,0.25,0.2,0.1,6.67,8000,30000,5.26,0.35,1.25,0.5,0,0.7,2,0.1,95723,6293,1324,89431,1290,4402,30,-1828
Winnipeg,SSP585,2040,0.01,0.01,0.6,0.2,0.2,130,0.25,0.7,0.3,6.17,10000,20000,4.76,0.2,1.25,1.25,6,0.7,8,0.2,97279,6188,1126,91091,1314,2971,38,-1233
Winnipeg,SSP585,2040,0.05,0.01,0.6,0.2,0.2,130,0.25,0.7,0.6,6.67,6000,25000,4.76,0.1,1.25,1,8,0.7,6,0.1,97250,4923,934,92328,1333,3278,28,-1446
Winnipeg,SSP585,2040,0.01,0.05,0.6,0.2,0.2,130,0.25,0.4,0.2,6.17,8000,20000,4.76,0.15,0.75,1,6,0.7,2,0.1,97250,4238,1641,93013,1343,4144,40,-1207
Winnipeg,SSP585,2040,0.05,0.05,0.6,0.2,0.2,130,0.25,0.3,0.1,6.17,8000,30000,4.76,0.15,0.5,1.5,6,0.7,4,0.2,97279,6188,1720,91091,1314,4450,39,-1824
Winnipeg,SSP585,2040,0.01,0.01,0.6,0.2,0.2,130,0.25,0.6,0.6,6.17,6000,20000,4.76,0.3,1.5,1,4,0.7,6,0.1,97250,4238,1295,93013,1343,2971,44,-1206
Winnipeg,SSP585,2040,0.05,0.01,0.6,0.2,0.2,130,0.17,0.2,0.3,10.17,2000,30000,5.76,0.4,1,1.5,10,0.7,8,0.4,94903,17996,-850,76907,1106,3278,-26,-1807
Winnipeg,SSP585,2040,0.01,0.05,0.6,0.2,0.2,130,0.17,0.7,0.5,6.17,2000,20000,4.76,0.1,1,1,10,0.7,8,0.1,94818,3926,1608,90892,1312,4144,39,-1199
Winnipeg,SSP585,2040,0.05,0.05,0.6,0.2,0.2,130,0.25,0.6,0.1,6.17,10000,50000,4.76,0.4,1,1.25,4,0.6,2,0.1,91062,4238,2842,86824,1253,4450,64,-2990
Winnipeg,SSP585,2040,0.01,0.01,0.6,0.2,0.2,130,0.25,0.3,0.2,6.17,6000,20000,4.76,0.15,0.25,1.5,0,0.6,2,0.1,91062,4238,1250,86824,1253,2971,42,-1252
Winnipeg,SSP585,2040,0.05,0.01,0.6,0.2,0.2,130,0.25,0.4,0.1,6.17,6000,20000,4.76,0.25,1.5,0.5,8,0.7,8,0.1,97250,4238,819,93013,1343,3278,25,-1153
Winnipeg,SSP585,2040,0.01,0.05,0.6,0.2,0.2,130,0.17,0.4,0.5,6.17,10000,20000,5.26,0.15,1.5,0.75,2,0.6,2,0.1,88584,5296,1150,83288,1202,4144,28,-1207
Winnipeg,SSP585,2040,0.05,0.05,0.6,0.2,0.2,130,0.25,0.5,0.6,6.17,0,20000,4.76,0.2,1.5,1.5,0,0.7,8,0.1,97250,4238,1299,93013,1343,4450,29,-1272
Winnipeg,SSP585,2040,0.01,0.01,0.6,0.2,0.2,130,0.25,0.1,0.1,6.17,8000,20000,4.76,0.2,1.5,1,0,0.7,2,0.1,97250,4238,1299,93013,1343,2971,44,-1214
Winnipeg,SSP585,2040,0.05,0.01,0.6,0.2,0.2,130,0.25,0.4,0.1,6.17,2000,30000,4.76,0.25,0.25,1.25,10,0.7,2,0.1,97250,4238,1346,93013,1343,3278,41,-1693
Winnipeg,SSP585,2040,0.01,0.05,0.6,0.2,0.2,130,0.21,0.3,0.1,6.17,4000,45000,4.76,0.15,1,1.5,8,0.6,6,0.1,89770,4082,2948,85689,1237,4144,71,-2691
Winnipeg,SSP585,2040,0.05,0.05,0.6,0.2,0.2,130,0.25,0.5,0.4,6.17,10000,35000,4.76,0.4,0.5,1,4,0.7,0,0.1,97250,4238,2078,93013,1343,4450,47,-2103
Winnipeg,SSP585,2040,0.01,0.01,0.6,0.2,0.2,130,0.17,0.4,0.4,6.17,8000,50000,4.76,0.15,1,1,6,0.7,4,0.1,94818,3926,2980,90892,1312,2971,100,-2988
Winnipeg,SSP585,2040,0.05,0.01,0.6,0.2,0.2,130,0.25,0.6,0.1,6.17,8000,30000,4.76,0.35,0.25,0.5,10,0.7,4,0.1,97250,4238,1396,93013,1343,3278,43,-1756
Winnipeg,SSP585,2040,0.01,0.05,0.6,0.2,0.2,130,0.25,0.3,0.2,6.17,8000,25000,4.76,0.3,0.25,0.75,8,0.7,10,0.1,97250,4238,2015,93013,1343,4144,49,-1591
Winnipeg,SSP585,2040,0.05,0.05,0.6,0.2,0.2,130,0.25,0.7,0.3,6.17,2000,35000,5.26,0.15,0.5,0.5,8,0.7,6,0.1,97250,5608,1717,91643,1323,4450,39,-2060
Winnipeg,SSP585,2045,0.01,0.01,0.6,0.2,0.2,130,0.25,0.7,0.3,6.17,0,25000,4.76,0.35,1,0.5,10,0.7,0,0.1,89765,4238,1428,85527,1235,2862,50,-1416
Winnipeg,SSP585,2045,0.05,0.01,0.6,0.2,0.2,130,0.25,0.5,0.5,6.17,6000,40000,5.26,0.4,1.25,1.5,0,0.7,4,0.1,89765,5608,1674,84157,1214,3187,53,-2422
Winnipeg,SSP585,2045,0.01,0.05,0.6,0.2,0.2,130,0.25,0.6,0.2,6.17,0,35000,4.76,0.2,0.25,1.25,2,0.7,2,0.1,89765,4238,2402,85527,1235,3957,61,-2088
Winnipeg,SSP585,2045,0.05,0.05,0.6,0.2,0.2,130,0.25,0.1,0.3,6.67,8000,25000,4.76,0.2,1,1.25,4,0.7,8,0.1,89765,4923,1322,84842,1224,4283,31,-1552
Winnipeg,SSP585,2045,0.01,0.01,0.6,0.2,0.2,130,0.21,0.2,0.1,6.17,2000,30000,4.76,0.3,0.25,1.25,6,0.7,8,0.1,88620,4082,1790,84539,1220,2862,63,-1808
Winnipeg,SSP585,2045,0.05,0.01,0.6,0.2,0.2,130,0.25,0.6,0.3,6.17,2000,20000,4.76,0.3,1.5,1,0,0.7,2,0.1,89765,4238,843,85527,1235,3187,26,-1205
Winnipeg,SSP585,2045,0.01,0.05,0.6,0.2,0.2,130,0.25,0.5,0.4,6.17,0,30000,4.76,0.2,1.25,1,0,0.7,10,0.1,89765,4238,2204,85527,1235,3957,56,-1879
Winnipeg,SSP585,2045,0.05,0.05,0.6,0.2,0.2,130,0.05,0.1,0.6,9.67,10000,50000,7.26,0.4,0.25,1.5,10,0.6,4,0.4,79665,20953,-320,58712,843,4283,-7,-3072
Winnipeg,SSP585,2045,0.01,0.01,0.6,0.2,0.2,130,0.25,0.2,0.3,6.17,0,40000,4.76,0.1,1.25,1.5,10,0.7,2,0.1,89765,4238,2302,85527,1235,2862,80,-2321
Winnipeg,SSP585,2045,0.05,0.01,0.6,0.2,0.2,130,0.25,0.7,0.2,6.17,0,25000,4.76,0.35,0.75,1.25,6,0.6,10,0.2,84049,6188,971,77861,1123,3187,30,-1499
Winnipeg,SSP585,2045,0.01,0.05,0.6,0.2,0.2,130,0.25,0.5,0.5,6.17,6000,20000,4.76,0.1,0.5,0.75,6,0.7,4,0.1,89765,4238,1559,85527,1235,3957,39,-1226
Winnipeg,SSP585,2045,0.05,0.05,0.6,0.2,0.2,130,0.21,0.5,0.1,6.67,6000,45000,4.76,0.3,0.5,0.5,2,0.7,4,0.1,88620,4767,2452,83854,1210,4283,57,-2735
Winnipeg,SSP585,2045,0.01,0.01,0.6,0.2,0.2,130,0.25,0.6,0.2,6.67,4000,45000,4.76,0.3,1.25,1,10,0.7,6,0.1,89765,4923,2448,84842,1224,2862,86,-2654
Winnipeg,SSP585,2045,0.05,0.01,0.6,0.2,0.2,130,0.17,0.7,0.4,6.17,0,30000,4.76,0.15,1.5,0.5,6,0.7,10,0.1,87564,3926,1382,83638,1207,3187,43,-1781
Winnipeg,SSP585,2045,0.01,0.05,0.6,0.2,0.2,130,0.25,0.3,0.6,6.17,6000,45000,4.76,0.2,0.25,1.5,8,0.7,6,0.1,89765,4238,3006,85527,1235,3957,76,-2727
Winnipeg,SSP585,2045,0.05,0.05,0.6,0.2,0.2,130,0.21,0.3,0.2,6.17,10000,45000,4.76,0.4,0.75,1.5,4,0.7,2,0.1,88620,4082,2584,84539,1220,4283,60,-2709
Winnipeg,SSP585,2045,0.01,0.01,0.6,0.2,0.2,130,0.25,0.5,0.1,6.17,8000,50000,5.26,0.4,0.75,0.5,10,0.7,0,0.1,89765,5608,2556,84157,1214,2862,89,-2948
Winnipeg,SSP585,2045,0.05,0.01,0.6,0.2,0.2,130,0.25,0.5,0.1,6.17,10000,30000,4.76,0.15,1.5,0.5,2,0.7,4,0.1,89765,4238,1401,85527,1235,3187,44,-1801
Winnipeg,SSP585,2045,0.01,0.05,0.6,0.2,0.2,130,0.21,0.1,0.3,6.67,2000,45000,4.76,0.2,1,1.25,6,0.7,10,0.1,88620,4767,2839,83854,1210,3957,72,-2737
Winnipeg,SSP585,2045,0.05,0.05,0.6,0.2,0.2,130,0.25,0.1,0.1,10.67,2000,25000,4.76,0.4,1,0.5,10,0.4,8,0.1,71033,10403,-402,60630,873,4283,-9,-1461
Winnipeg,SSP585,2050,0.01,0.01,0.6,0.2,0.2,130,0.25,0.1,0.1,6.17,6000,45000,4.76,0.4,0.5,0.75,4,0.7,8,0.1,86262,4238,2639,82025,1184,2798,94,-2739
Winnipeg,SSP585,2050,0.05,0.01,0.6,0.2,0.2,130,0.25,0.3,0.6,6.17,8000,30000,4.76,0.2,0.5,1.5,8,0.7,8,0.1,86262,4238,1358,82025,1184,3129,43,-1802
Winnipeg,SSP585,2050,0.01,0.05,0.6,0.2,0.2,130,0.25,0.6,0.1,6.17,2000,50000,4.76,0.3,0.25,1.5,2,0.7,6,0.1,86262,4238,3241,82025,1184,3853,84,-3033
Winnipeg,SSP585,2050,0.05,0.05,0.6,0.2,0.2,130,0.21,0.3,0.1,6.67,2000,50000,4.76,0.2,1,1,10,0.7,2,0.1,85126,4767,2550,80360,1160,4185,61,-2896
Winnipeg,SSP585,2050,0.01,0.01,0.6,0.2,0.2,130,0.25,0.4,0.3,6.17,4000,45000,5.26,0.15,0.5,1.25,2,0.6,4,0.1,80894,5608,2212,75286,1086,2798,79,-2715
Winnipeg,SSP585,2050,0.05,0.01,0.6,0.2,0.2,130,0.25,0.6,0.3,6.17,2000,30000,4.76,0.25,0.25,1,6,0.7,6,0.1,86262,4238,1342,82025,1184,3129,43,-1773
Winnipeg,SSP585,2050,0.01,0.05,0.6,0.2,0.2,130,0.25,0.1,0.5,6.17,10000,25000,4.76,0.2,0.25,1.5,0,0.7,10,0.1,86262,4238,1904,82025,1184,3853,49,-1660
Winnipeg,SSP585,2050,0.05,0.05,0.6,0.2,0.2,130,0.25,0.4,0.5,6.17,10000,30000,4.76,0.15,1,0.5,2,0.7,10,0.2,86290,6188,1660,80102,1156,4185,40,-1901
Winnipeg,SSP585,2050,0.01,0.01,0.6,0.2,0.2,130,0.25,0.3,0.1,6.17,10000,35000,4.76,0.2,1.25,0.75,10,0.7,8,0.1,86262,4238,2000,82025,1184,2798,71,-2087
Winnipeg,SSP585,2050,0.05,0.01,0.6,0.2,0.2,130,0.25,0.1,0.4,6.17,6000,25000,4.76,0.35,1,0.75,10,0.7,6,0.1,86262,4238,1011,82025,1184,3129,32,-1441
Winnipeg,SSP585,2050,0.01,0.05,0.6,0.2,0.2,130,0.25,0.4,0.1,6.17,4000,35000,4.76,0.4,0.75,0.5,0,0.7,6,0.1,86262,4238,2395,82025,1184,3853,62,-2160
Winnipeg,SSP585,2050,0.05,0.05,0.6,0.2,0.2,130,0.25,0.5,0.6,6.67,4000,30000,4.76,0.4,1.25,1,0,0.7,0,0.1,86262,4923,1504,81340,1174,4185,36,-1797
Winnipeg,SSP585,2050,0.01,0.01,0.6,0.2,0.2,130,0.25,0.2,0.5,6.67,0,25000,4.76,0.2,1.5,1.25,6,0.7,6,0.1,86262,4923,1269,81340,1174,2798,45,-1481
Winnipeg,SSP585,2050,0.05,0.01,0.6,0.2,0.2,130,0.25,0.4,0.1,6.67,0,35000,4.76,0.3,0.25,0.75,0,0.7,2,0.1,86262,4923,1490,81340,1174,3129,48,-2095
Winnipeg,SSP585,2050,0.01,0.05,0.6,0.2,0.2,130,0.25,0.7,0.3,6.17,0,50000,4.76,0.15,0.25,0.75,6,0.7,0,0.2,86290,6188,2964,80102,1156,3853,77,-2945
Winnipeg,SSP585,2050,0.05,0.05,0.6,0.2,0.2,130,0.21,0.7,0.3,6.17,2000,35000,4.76,0.25,0.25,1.25,8,0.7,8,0.1,85126,4082,1939,81045,1170,4185,46,-2086
Winnipeg,SSP585,2050,0.01,0.01,0.6,0.2,0.2,130,0.21,0.7,0.2,6.17,2000,20000,4.76,0.2,0.25,1,10,0.7,2,0.1,85126,4082,1096,81045,1170,2798,39,-1149
Winnipeg,SSP585,2050,0.05,0.01,0.6,0.2,0.2,130,0.25,0.3,0.2,6.17,8000,40000,4.76,0.2,1.25,1.25,2,0.7,8,0.2,86290,6188,1866,80102,1156,3129,60,-2434
Winnipeg,SSP585,2050,0.01,0.05,0.6,0.2,0.2,130,0.25,0.4,0.6,6.17,4000,45000,5.26,0.1,1.5,1.25,4,0.6,4,0.1,80894,5608,2479,75286,1086,3853,64,-2691
Winnipeg,SSP585,2050,0.05,0.05,0.6,0.2,0.2,130,0.17,0.3,0.6,6.17,8000,25000,4.76,0.3,1.5,0.75,2,0.7,8,0.1,84078,3926,1396,80152,1157,4185,33,-1548
Yellowknife,SSP126,2025,0.01,0.01,0.6,0.2,0.2,130,0.05,0.4,0.5,7.54,4000,25000,5.46,0.15,1,1.25,4,0.7,10,0.1,19440,4143,1349,15297,220,25374,5,-1593
Yellowknife,SSP126,2025,0.05,0.01,0.6,0.2,0.2,130,0.05,0.3,0.3,7.54,6000,45000,5.46,0.35,1,1,10,0.7,10,0.1,19440,4143,2426,15297,220,25898,9,-2779
Yellowknife,SSP126,2025,0.01,0.05,0.6,0.2,0.2,130,0.05,0.7,0.2,7.04,2000,50000,5.96,0.2,1.5,1,4,0.7,0,0.1,19440,4828,3004,14613,210,38146,8,-2974
Yellowknife,SSP126,2025,0.05,0.05,0.6,0.2,0.2,130,0.13,0.1,0.3,7.04,8000,25000,5.96,0.35,0.75,1.25,2,0.7,8,0.1,19440,5140,1645,14301,205,38670,4,-1642
Yellowknife,SSP126,2025,0.01,0.01,0.6,0.2,0.2,130,0.05,0.2,0.4,7.04,0,20000,5.96,0.25,0.75,1,4,0.7,8,0.1,19440,4828,868,14613,210,25374,3,-1260
Yellowknife,SSP126,2025,0.05,0.01,0.6,0.2,0.2,130,0.09,0.2,0.4,7.04,4000,35000,5.46,0.4,0.75,1.25,4,0.7,0,0.1,19440,3614,1936,15827,228,25898,7,-2098
Yellowknife,SSP126,2025,0.01,0.05,0.6,0.2,0.2,130,0.05,0.3,0.6,7.04,10000,20000,5.46,0.25,0.5,1.25,2,0.7,10,0.1,19440,3458,1810,15983,230,38146,5,-1399
Yellowknife,SSP126,2025,0.05,0.05,0.6,0.2,0.2,130,0.05,0.4,0.3,7.04,10000,25000,5.46,0.15,0.75,1.5,4,0.7,6,0.1,19440,3458,1960,15983,230,38670,5,-1621
Yellowknife,SSP126,2025,0.01,0.01,0.6,0.2,0.2,130,0.09,0.2,0.2,7.04,2000,35000,5.46,0.35,1.25,1.25,8,0.7,6,0.1,19440,3614,2039,15827,228,25374,8,-2135
Yellowknife,SSP126,2025,0.05,0.01,0.6,0.2,0.2,130,0.05,0.5,0.5,7.04,10000,25000,5.46,0.15,0.25,1.25,0,0.7,10,0.1,19440,3458,1512,15983,230,25898,6,-1663
Yellowknife,SSP126,2025,0.01,0.05,0.6,0.2,0.2,130,0.05,0.1,0.1,7.04,4000,20000,5.46,0.1,0.75,1.25,8,0.7,4,0.1,19440,3458,1684,15983,230,38146,4,-1260
Yellowknife,SSP126,2025,0.05,0.05,0.6,0.2,0.2,130,0.05,0.7,0.3,7.04,6000,20000,5.46,0.2,1.25,1.25,8,0.7,8,0.1,19440,3458,1664,15983,230,38670,4,-1306
Yellowknife,SSP126,2025,0.01,0.01,0.6,0.2,0.2,130,0.09,0.5,0.1,8.04,4000,40000,5.46,0.2,0.75,1.25,4,0.7,8,0.1,19440,4984,2027,14456,208,25374,8,-2473
Yellowknife,SSP126,2025,0.05,0.01,0.6,0.2,0.2,130,0.05,0.4,0.5,7.04,0,20000,5.96,0.2,0.5,1.5,10,0.7,6,0.1,19440,4828,774,14613,210,25898,3,-1228
Yellowknife,SSP126,2025,0.01,0.05,0.6,0.2,0.2,130,0.05,0.5,0.4,7.54,8000,45000,5.46,0.2,0.75,0.5,4,0.7,0,0.1,19440,4143,2913,15297,220,38146,8,-2718
Yellowknife,SSP126,2025,0.05,0.05,0.6,0.2,0.2,130,0.05,0.4,0.4,7.04,4000,20000,5.46,0.4,0.25,1.25,8,0.7,10,0.1,19440,3458,1713,15983,230,38670,4,-1351
Yellowknife,SSP126,2025,0.01,0.01,0.6,0.2,0.2,130,0.09,0.3,0.1,7.04,4000,40000,5.46,0.35,0.75,1,8,0.7,10,0.1,19440,3614,2375,15827,228,25374,9,-2487
Yellowknife,SSP126,2025,0.05,0.01,0.6,0.2,0.2,130,0.05,0.1,0.1,7.54,0,35000,5.96,0.15,1.25,0.5,4,0.7,10,0.1,19440,5513,1516,13927,200,25898,6,-2169
Yellowknife,SSP126,2025,0.01,0.05,0.6,0.2,0.2,130,0.05,0.4,0.3,7.04,4000,20000,5.46,0.35,1,1.25,8,0.7,2,0.1,19440,3458,1650,15983,230,38146,4,-1226
Yellowknife,SSP126,2025,0.05,0.05,0.6,0.2,0.2,130,0.21,0.2,0.5,7.04,2000,45000,5.96,0.2,0.25,1,0,0.7,4,0.1,19440,5452,2719,13989,201,38670,7,-2752
Yellowknife,SSP126,2030,0.01,0.01,0.6,0.2,0.2,130,0.05,0.7,0.5,7.04,2000,25000,5.46,0.4,0.5,0.75,2,0.7,0,0.1,18562,3458,1363,15105,217,24213,6,-1499
Yellowknife,SSP126,2030,0.05,0.01,0.6,0.2,0.2,130,0.05,0.2,0.1,7.04,0,50000,5.46,0.15,1.25,1.5,4,0.7,0,0.1,18562,3458,2711,15105,217,24744,11,-2968
Yellowknife,SSP126,2030,0.01,0.05,0.6,0.2,0.2,130,0.05,0.7,0.6,7.04,2000,50000,5.96,0.3,0.5,0.75,10,0.7,2,0.1,18562,4828,2955,13735,197,36365,8,-3004
Yellowknife,SSP126,2030,0.05,0.05,0.6,0.2,0.2,130,0.05,0.1,0.5,7.04,6000,30000,5.46,0.4,1.5,1,2,0.7,4,0.1,18562,3458,2091,15105,217,36896,6,-1844
Yellowknife,SSP126,2030,0.01,0.01,0.6,0.2,0.2,130,0.05,0.6,0.3,7.04,4000,40000,5.96,0.3,1,1.5,6,0.7,2,0.1,18562,4828,1901,13735,197,24213,8,-2407
Yellowknife,SSP126,2030,0.05,0.01,0.6,0.2,0.2,130,0.05,0.7,0.3,7.04,0,35000,5.96,0.15,0.5,1.25,2,0.7,6,0.1,18562,4828,1573,13735,197,24744,6,-2133
Yellowknife,SSP126,2030,0.01,0.05,0.6,0.2,0.2,130,0.05,0.6,0.2,7.04,10000,50000,5.96,0.35,1,1.25,10,0.7,2,0.1,18562,4828,2965,13735,197,36365,8,-3031
Yellowknife,SSP126,2030,0.05,0.05,0.6,0.2,0.2,130,0.05,0.7,0.6,8.54,0,20000,5.96,0.4,0.5,0.5,0,0.7,8,0.1,18562,6883,744,11680,167,36896,2,-1301
Yellowknife,SSP126,2030,0.01,0.01,0.6,0.2,0.2,130,0.05,0.1,0.1,7.04,2000,50000,5.46,0.4,1.25,1.5,4,0.7,4,0.1,18562,3458,2824,15105,217,24213,12,-3012
Yellowknife,SSP126,2030,0.05,0.01,0.6,0.2,0.2,130,0.21,0.2,0.4,7.04,10000,30000,5.46,0.25,0.25,0.5,6,0.7,2,0.1,18562,4082,1626,14481,208,24744,7,-1873
Yellowknife,SSP126,2030,0.01,0.05,0.6,0.2,0.2,130,0.09,0.7,0.5,7.04,8000,20000,5.46,0.1,1,1.25,2,0.7,0,0.1,18562,3614,1554,14949,215,36365,4,-1221
Yellowknife,SSP126,2030,0.05,0.05,0.6,0.2,0.2,130,0.05,0.4,0.4,7.54,0,40000,5.46,0.35,1,0.75,2,0.7,0,0.1,18562,4143,2448,14420,207,36896,7,-2377
Yellowknife,SSP126,2030,0.01,0.01,0.6,0.2,0.2,130,0.09,0.7,0.6,7.04,8000,40000,5.46,0.1,0.5,1,0,0.7,2,0.1,18562,3614,2271,14949,215,24213,9,-2454
Yellowknife,SSP126,2030,0.05,0.01,0.6,0.2,0.2,130,0.05,0.1,0.3,7.04,8000,45000,5.46,0.3,0.25,1,8,0.7,10,0.1,18562,3458,2554,15105,217,24744,10,-2818
Yellowknife,SSP126,2030,0.01,0.05,0.6,0.2,0.2,130,0.05,0.6,0.1,7.04,2000,25000,5.46,0.15,0.25,1,2,0.7,2,0.1,18562,3458,1868,15105,217,36365,5,-1529
Yellowknife,SSP126,2030,0.05,0.05,0.6,0.2,0.2,130,0.05,0.4,0.1,7.54,0,25000,5.46,0.15,1.5,0.75,0,0.7,8,0.1,18562,4143,1701,14420,207,36896,5,-1598
Yellowknife,SSP126,2030,0.01,0.01,0.6,0.2,0.2,130,0.05,0.7,0.5,7.04,0,30000,5.46,0.2,1.25,1.25,4,0.7,6,0.1,18562,3458,1692,15105,217,24213,7,-1834
Yellowknife,SSP126,2030,0.05,0.01,0.6,0.2,0.2,130,0.05,0.2,0.6,8.04,2000,50000,5.46,0.3,0.5,0.75,4,0.7,10,0.1,18562,4828,2475,13735,197,24744,10,-3072
Yellowknife,SSP126,2030,0.01,0.05,0.6,0.2,0.2,130,0.13,0.2,0.3,7.04,0,45000,5.46,0.25,0.75,1,4,0.7,6,0.1,18562,3770,3051,14793,213,36365,8,-2756
Yellowknife,SSP126,2030,0.05,0.05,0.6,0.2,0.2,130,0.05,0.4,0.6,7.04,4000,35000,5.46,0.3,0.75,1.5,10,0.7,8,0.1,18562,3458,2435,15105,217,36896,7,-2194
Yellowknife,SSP126,2035,0.01,0.01,0.6,0.2,0.2,130,0.05,0.4,0.4,7.04,4000,25000,5.96,0.1,0.5,0.5,4,0.7,4,0.1,15354,4828,842,10526,151,23120,4,-1539
Yellowknife,SSP126,2035,0.05,0.01,0.6,0.2,0.2,130,0.05,0.2,0.6,7.04,6000,25000,5.46,0.15,0.25,0.5,2,0.7,0,0.1,15354,3458,1061,11896,171,23697,4,-1532
Yellowknife,SSP126,2035,0.01,0.05,0.6,0.2,0.2,130,0.17,0.5,0.1,7.04,10000,35000,5.46,0.35,1.25,0.5,4,0.7,0,0.1,15354,3926,2111,11428,164,34652,6,-2103
Yellowknife,SSP126,2035,0.05,0.05,0.6,0.2,0.2,130,0.05,0.4,0.1,7.04,10000,20000,5.96,0.1,1,0.75,6,0.7,0,0.1,15354,4828,823,10526,151,35228,2,-1214
Yellowknife,SSP126,2035,0.01,0.01,0.6,0.2,0.2,130,0.05,0.1,0.4,7.04,2000,25000,5.46,0.3,1.25,0.75,2,0.7,2,0.1,15354,3458,1147,11896,171,23120,5,-1505
Yellowknife,SSP126,2035,0.05,0.01,0.6,0.2,0.2,130,0.05,0.4,0.5,7.04,10000,25000,5.46,0.4,1,0.5,6,0.7,4,0.1,15354,3458,1064,11896,171,23697,4,-1543
Yellowknife,SSP126,2035,0.01,0.05,0.6,0.2,0.2,130,0.09,0.3,0.4,7.54,6000,25000,5.46,0.25,1,0.75,8,0.7,4,0.1,15354,4299,1421,11055,159,34652,4,-1545
Yellowknife,SSP126,2035,0.05,0.05,0.6,0.2,0.2,130,0.05,0.2,0.3,7.04,0,20000,5.96,0.4,0.5,1.25,8,0.7,2,0.1,15354,4828,821,10526,151,35228,2,-1190
Yellowknife,SSP126,2035,0.01,0.01,0.6,0.2,0.2,130,0.09,0.1,0.5,7.04,4000,20000,5.46,0.3,0.25,1.5,8,0.7,6,0.1,15354,3614,900,11740,169,23120,4,-1255
Yellowknife,SSP126,2035,0.05,0.01,0.6,0.2,0.2,130,0.05,0.3,0.5,7.04,6000,50000,5.96,0.3,0.25,0.5,6,0.7,4,0.1,15354,4828,2181,10526,151,23697,9,-3039
Yellowknife,SSP126,2035,0.01,0.05,0.6,0.2,0.2,130,0.09,0.5,0.2,7.54,2000,20000,5.46,0.35,0.25,0.75,4,0.7,2,0.1,15354,4299,1118,11055,159,34652,3,-1223
Yellowknife,SSP126,2035,0.05,0.05,0.6,0.2,0.2,130,0.17,0.3,0.4,7.54,6000,35000,5.46,0.1,0.75,0.75,6,0.7,6,0.1,15354,4611,1916,10743,154,35228,5,-2170
Yellowknife,SSP126,2035,0.01,0.01,0.6,0.2,0.2,130,0.05,0.6,0.2,7.54,4000,25000,5.46,0.1,1.25,0.5,2,0.7,10,0.1,15354,4143,1044,11211,161,23120,5,-1573
Yellowknife,SSP126,2035,0.05,0.01,0.6,0.2,0.2,130,0.05,0.3,0.5,7.04,10000,20000,5.96,0.2,1.25,1.5,4,0.7,0,0.1,15354,4828,402,10526,151,23697,2,-1206
Yellowknife,SSP126,2035,0.01,0.05,0.6,0.2,0.2,130,0.17,0.6,0.2,7.04,4000,35000,5.46,0.25,0.75,1.25,10,0.7,4,0.1,15354,3926,2155,11428,164,34652,6,-2134
Yellowknife,SSP126,2035,0.05,0.05,0.6,0.2,0.2,130,0.05,0.7,0.1,7.04,10000,45000,5.46,0.35,0.5,0.5,6,0.7,10,0.1,15354,3458,2741,11896,171,35228,8,-2849
Yellowknife,SSP126,2035,0.01,0.01,0.6,0.2,0.2,130,0.05,0.4,0.1,7.04,8000,20000,5.46,0.2,0.75,1.25,2,0.7,10,0.1,15354,3458,949,11896,171,23120,4,-1309
Yellowknife,SSP126,2035,0.05,0.01,0.6,0.2,0.2,130,0.09,0.6,0.3,7.04,2000,20000,5.46,0.25,0.25,1.25,6,0.7,10,0.1,15354,3614,813,11740,169,23697,3,-1267
Yellowknife,SSP126,2035,0.01,0.05,0.6,0.2,0.2,130,0.05,0.1,0.3,7.04,2000,45000,5.96,0.2,1.5,1.5,8,0.7,10,0.1,15354,4828,2463,10526,151,34652,7,-2785
Yellowknife,SSP126,2035,0.05,0.05,0.6,0.2,0.2,130,0.05,0.4,0.1,7.04,2000,45000,5.46,0.4,1,1,4,0.7,10,0.2,15354,5408,2338,9946,142,35228,7,-2795
Yellowknife,SSP126,2040,0.01,0.01,0.6,0.2,0.2,130,0.17,0.1,0.4,8.04,2000,30000,5.96,0.15,1.25,1.25,8,0.7,4,0.1,18170,6666,966,11504,164,25598,4,-1815
Yellowknife,SSP126,2040,0.05,0.01,0.6,0.2,0.2,130,0.05,0.6,0.4,7.04,6000,25000,5.96,0.4,0.25,1.25,8,0.7,4,0.1,18170,4828,977,13342,191,26129,4,-1556
Yellowknife,SSP126,2040,0.01,0.05,0.6,0.2,0.2,130,0.05,0.7,0.2,7.04,2000,20000,5.46,0.2,0.25,0.5,10,0.7,2,0.1,18170,3458,1536,14712,212,38481,4,-1220
Yellowknife,SSP126,2040,0.05,0.05,0.6,0.2,0.2,130,0.05,0.7,0.2,7.04,6000,40000,5.46,0.3,0.5,1.5,10,0.7,10,0.1,18170,3458,2726,14712,212,39012,7,-2536
Yellowknife,SSP126,2040,0.01,0.01,0.6,0.2,0.2,130,0.09,0.1,0.1,7.04,8000,20000,5.46,0.4,0.5,0.75,10,0.7,2,0.1,18170,3614,1084,14556,209,25598,4,-1249
Yellowknife,SSP126,2040,0.05,0.01,0.6,0.2,0.2,130,0.05,0.2,0.1,7.04,10000,20000,5.46,0.15,0.5,0.75,8,0.7,4,0.1,18170,3458,1036,14712,212,26129,4,-1277
Yellowknife,SSP126,2040,0.01,0.05,0.6,0.2,0.2,130,0.17,0.5,0.2,7.04,2000,25000,5.96,0.15,0.25,1.5,4,0.7,10,0.1,18170,5296,1596,12874,185,38481,4,-1634
Yellowknife,SSP126,2040,0.05,0.05,0.6,0.2,0.2,130,0.09,0.2,0.5,7.04,10000,50000,5.46,0.3,1,0.5,2,0.7,4,0.1,18170,3614,3226,14556,209,39012,8,-3067
Yellowknife,SSP126,2040,0.01,0.01,0.6,0.2,0.2,130,0.05,0.4,0.6,7.54,4000,30000,5.46,0.1,1.5,1,0,0.7,10,0.1,18170,4143,1537,14027,202,25598,6,-1879
Yellowknife,SSP126,2040,0.05,0.01,0.6,0.2,0.2,130,0.05,0.4,0.2,7.04,6000,25000,5.46,0.3,0.25,0.5,4,0.7,0,0.1,18170,3458,1286,14712,212,26129,5,-1529
Yellowknife,SSP126,2040,0.01,0.05,0.6,0.2,0.2,130,0.05,0.3,0.2,7.54,8000,25000,5.46,0.2,1.25,0.5,2,0.7,10,0.1,18170,4143,1767,14027,202,38481,5,-1642
Yellowknife,SSP126,2040,0.05,0.05,0.6,0.2,0.2,130,0.05,0.4,0.2,7.54,6000,25000,5.46,0.1,0.5,1,8,0.7,10,0.2,18170,6093,1337,12077,173,39012,3,-1647
Yellowknife,SSP126,2040,0.01,0.01,0.6,0.2,0.2,130,0.05,0.3,0.4,7.04,8000,40000,5.46,0.3,1.25,0.75,2,0.7,10,0.1,18170,3458,2283,14712,212,25598,9,-2488
Yellowknife,SSP126,2040,0.05,0.01,0.6,0.2,0.2,130,0.05,0.7,0.1,7.04,8000,40000,5.46,0.3,0.5,1,10,0.7,2,0.1,18170,3458,2153,14712,212,26129,8,-2432
Yellowknife,SSP126,2040,0.01,0.05,0.6,0.2,0.2,130,0.05,0.1,0.2,7.04,2000,40000,5.96,0.2,0.75,1,10,0.7,4,0.2,18170,6778,2005,11392,163,38481,5,-2432
Yellowknife,SSP126,2040,0.05,0.05,0.6,0.2,0.2,130,0.05,0.3,0.5,7.04,6000,35000,5.46,0.35,1,1.25,10,0.7,0,0.1,18170,3458,2288,14712,212,39012,6,-2087
Yellowknife,SSP126,2040,0.01,0.01,0.6,0.2,0.2,130,0.17,0.2,0.1,7.04,6000,50000,5.46,0.2,1,0.75,0,0.7,6,0.1,18170,3926,2824,14244,205,25598,11,-3054
Yellowknife,SSP126,2040,0.05,0.01,0.6,0.2,0.2,130,0.05,0.2,0.2,7.04,4000,25000,5.96,0.4,0.75,1,6,0.7,4,0.1,18170,4828,959,13342,191,26129,4,-1533
Yellowknife,SSP126,2040,0.01,0.05,0.6,0.2,0.2,130,0.05,0.7,0.4,7.04,0,35000,5.96,0.1,0.25,1,4,0.7,10,0.1,18170,4828,2166,13342,191,38481,6,-2213
Yellowknife,SSP126,2040,0.05,0.05,0.6,0.2,0.2,130,0.17,0.1,0.5,7.04,10000,50000,5.46,0.4,0.75,1.25,0,0.7,2,0.1,18170,3926,3211,14244,205,39012,8,-3059
Yellowknife,SSP126,2045,0.01,0.01,0.6,0.2,0.2,130,0.05,0.5,0.5,7.04,0,30000,5.46,0.15,1.25,0.5,6,0.7,8,0.1,19581,3458,1799,16123,232,25439,7,-1854
Yellowknife,SSP126,2045,0.05,0.01,0.6,0.2,0.2,130,0.05,0.2,0.6,7.54,4000,35000,5.46,0.1,1.25,0.5,8,0.7,4,0.1,19581,4143,1832,15438,222,25950,7,-2120
Yellowknife,SSP126,2045,0.01,0.05,0.6,0.2,0.2,130,0.05,0.5,0.6,7.04,10000,20000,6.46,0.3,0.25,1,6,0.7,0,0.1,19581,6198,1029,13383,192,38259,3,-1267
Yellowknife,SSP126,2045,0.05,0.05,0.6,0.2,0.2,130,0.05,0.1,0.5,7.04,10000,25000,5.46,0.1,0.5,0.75,4,0.7,4,0.1,19581,3458,1981,16123,232,38770,5,-1608
Yellowknife,SSP126,2045,0.01,0.01,0.6,0.2,0.2,130,0.05,0.7,0.5,7.04,4000,20000,5.46,0.4,0.75,1,8,0.7,4,0.1,19581,3458,1200,16123,232,25439,5,-1242
Yellowknife,SSP126,2045,0.05,0.01,0.6,0.2,0.2,130,0.05,0.3,0.1,7.04,4000,35000,5.96,0.15,0.75,0.5,10,0.7,6,0.1,19581,4828,1691,14753,212,25950,7,-2147
Yellowknife,SSP126,2045,0.01,0.05,0.6,0.2,0.2,130,0.05,0.5,0.2,7.04,4000,40000,5.46,0.25,1.5,1,2,0.7,8,0.1,19581,3458,2898,16123,232,38259,8,-2497
Yellowknife,SSP126,2045,0.05,0.05,0.6,0.2,0.2,130,0.05,0.1,0.1,7.04,2000,25000,5.96,0.15,1,1.25,8,0.7,6,0.1,19581,4828,1626,14753,212,38770,4,-1570
Yellowknife,SSP126,2045,0.01,0.01,0.6,0.2,0.2,130,0.13,0.2,0.6,7.54,6000,50000,5.46,0.3,0.5,0.5,6,0.7,4,0.1,19581,4455,2766,15126,217,25439,11,-3049
Yellowknife,SSP126,2045,0.05,0.01,0.6,0.2,0.2,130,0.05,0.6,0.3,7.04,6000,25000,5.46,0.4,0.25,1.25,4,0.7,0,0.1,19581,3458,1428,16123,232,25950,6,-1532
Yellowknife,SSP126,2045,0.01,0.05,0.6,0.2,0.2,130,0.05,0.7,0.3,7.04,0,35000,6.96,0.35,0.25,0.75,4,0.7,2,0.1,19581,7568,1524,12013,172,38259,4,-2108
Yellowknife,SSP126,2045,0.05,0.05,0.6,0.2,0.2,130,0.05,0.4,0.4,7.04,10000,20000,5.46,0.2,0.75,0.5,6,0.7,10,0.1,19581,3458,1762,16123,232,38770,5,-1378
Yellowknife,SSP126,2045,0.01,0.01,0.6,0.2,0.2,130,0.05,0.6,0.4,7.04,0,30000,5.46,0.25,1.25,0.75,8,0.7,2,0.1,19581,3458,1742,16123,232,25439,7,-1797
Yellowknife,SSP126,2045,0.05,0.01,0.6,0.2,0.2,130,0.05,0.4,0.3,7.54,8000,20000,5.46,0.4,1,0.75,8,0.7,2,0.1,19581,4143,966,15438,222,25950,4,-1231
Yellowknife,SSP126,2045,0.01,0.05,0.6,0.2,0.2,130,0.05,0.2,0.5,7.04,4000,25000,5.96,0.1,0.5,0.5,2,0.7,10,0.1,19581,4828,1753,14753,212,38259,5,-1655
Yellowknife,SSP126,2045,0.05,0.05,0.6,0.2,0.2,130,0.05,0.1,0.4,7.54,2000,20000,5.46,0.25,1,1.25,0,0.7,4,0.1,19581,4143,1489,15438,222,38770,4,-1255
Yellowknife,SSP126,2045,0.01,0.01,0.6,0.2,0.2,130,0.05,0.4,0.6,8.04,8000,35000,5.96,0.3,1,1,6,0.7,10,0.1,19581,6198,1451,13383,192,25439,6,-2203
Yellowknife,SSP126,2045,0.05,0.01,0.6,0.2,0.2,130,0.05,0.2,0.1,7.04,0,25000,5.46,0.15,0.5,1.25,0,0.7,0,0.1,19581,3458,1397,16123,232,25950,5,-1488
Yellowknife,SSP126,2045,0.01,0.05,0.6,0.2,0.2,130,0.13,0.1,0.6,7.04,6000,20000,5.46,0.15,0.75,1.25,0,0.7,4,0.1,19581,3770,1713,15811,227,38259,4,-1280
Yellowknife,SSP126,2045,0.05,0.05,0.6,0.2,0.2,130,0.05,0.5,0.2,7.04,0,30000,5.46,0.25,0.5,0.75,8,0.7,6,0.1,19581,3458,2244,16123,232,38770,6,-1860
Yellowknife,SSP126,2050,0.01,0.01,0.6,0.2,0.2,130,0.09,0.7,0.6,7.04,8000,30000,5.46,0.15,1,1.25,10,0.7,6,0.1,18990,3614,1717,15377,221,26633,6,-1859
Yellowknife,SSP126,2050,0.05,0.01,0.6,0.2,0.2,130,0.05,0.2,0.4,7.04,2000,30000,5.96,0.25,0.25,1.5,4,0.7,8,0.1,18990,4828,1328,14163,203,27165,5,-1867
Yellowknife,SSP126,2050,0.01,0.05,0.6,0.2,0.2,130,0.17,0.3,0.3,7.04,6000,20000,5.46,0.35,0.75,0.75,10,0.7,6,0.2,18990,5876,1293,13115,188,40063,3,-1293
Yellowknife,SSP126,2050,0.05,0.05,0.6,0.2,0.2,130,0.05,0.6,0.2,7.04,0,35000,5.96,0.2,1.5,1,10,0.7,0,0.1,18990,4828,2002,14163,203,40594,5,-2061
Yellowknife,SSP126,2050,0.01,0.01,0.6,0.2,0.2,130,0.05,0.7,0.3,7.04,4000,30000,5.96,0.1,1,0.5,2,0.7,8,0.1,18990,4828,1408,14163,203,26633,5,-1873
Yellowknife,SSP126,2050,0.05,0.01,0.6,0.2,0.2,130,0.05,0.2,0.3,7.04,6000,45000,5.46,0.3,1.5,1,8,0.7,10,0.1,18990,3458,2516,15533,223,27165,9,-2761
Yellowknife,SSP126,2050,0.01,0.05,0.6,0.2,0.2,130,0.05,0.1,0.3,7.54,2000,40000,5.96,0.4,0.75,1.5,2,0.7,2,0.1,18990,5513,2255,13478,193,40063,6,-2418
Yellowknife,SSP126,2050,0.05,0.05,0.6,0.2,0.2,130,0.05,0.2,0.5,7.04,10000,25000,5.46,0.2,0.75,0.75,6,0.7,6,0.1,18990,3458,1890,15533,223,40594,5,-1614
Yellowknife,SSP126,2050,0.01,0.01,0.6,0.2,0.2,130,0.05,0.7,0.4,7.04,2000,20000,5.46,0.2,1.25,1.5,10,0.7,4,0.1,18990,3458,1113,15533,223,26633,4,-1218
Yellowknife,SSP126,2050,0.05,0.01,0.6,0.2,0.2,130,0.05,0.1,0.1,7.04,0,20000,5.96,0.3,0.75,0.5,2,0.7,10,0.1,18990,4828,764,14163,203,27165,3,-1278
Yellowknife,SSP126,2050,0.01,0.05,0.6,0.2,0.2,130,0.05,0.3,0.1,7.04,0,45000,5.46,0.1,1.5,0.75,8,0.7,0,0.1,18990,3458,3000,15533,223,40063,7,-2667
Yellowknife,SSP126,2050,0.05,0.05,0.6,0.2,0.2,130,0.05,0.2,0.1,7.54,10000,30000,5.46,0.1,1.25,0.5,0,0.7,6,0.1,18990,4143,1996,14848,213,40594,5,-1898
Yellowknife,SSP126,2050,0.01,0.01,0.6,0.2,0.2,130,0.05,0.7,0.6,7.04,6000,20000,5.46,0.1,1.5,1.5,4,0.7,0,0.1,18990,3458,1079,15533,223,26633,4,-1192
Yellowknife,SSP126,2050,0.05,0.01,0.6,0.2,0.2,130,0.09,0.6,0.3,7.54,4000,35000,5.96,0.35,0.25,0.75,4,0.7,2,0.1,18990,5669,1401,13322,191,27165,5,-2126
Yellowknife,SSP126,2050,0.01,0.05,0.6,0.2,0.2,130,0.05,0.3,0.5,7.04,0,25000,5.46,0.4,1.5,1.5,0,0.7,2,0.1,18990,3458,1892,15533,223,40063,5,-1517
Yellowknife,SSP126,2050,0.05,0.05,0.6,0.2,0.2,130,0.05,0.5,0.1,7.04,2000,30000,5.46,0.4,1.5,0.75,2,0.7,10,0.1,18990,3458,2207,15533,223,40594,5,-1925
Yellowknife,SSP126,2050,0.01,0.01,0.6,0.2,0.2,130,0.05,0.6,0.4,7.54,10000,20000,5.46,0.3,0.75,1.25,6,0.7,2,0.1,18990,4143,966,14848,213,26633,4,-1255
Yellowknife,SSP126,2050,0.05,0.01,0.6,0.2,0.2,130,0.09,0.4,0.6,7.04,0,25000,5.46,0.3,1,1.25,4,0.7,4,0.1,18990,3614,1323,15377,221,27165,5,-1516
Yellowknife,SSP126,2050,0.01,0.05,0.6,0.2,0.2,130,0.05,0.5,0.3,7.04,4000,45000,5.96,0.15,0.5,1,0,0.7,8,0.1,18990,4828,2809,14163,203,40063,7,-2819
Yellowknife,SSP126,2050,0.05,0.05,0.6,0.2,0.2,130,0.05,0.4,0.6,7.04,2000,30000,5.46,0.35,1,0.75,4,0.7,2,0.1,18990,3458,2096,15533,223,40594,5,-1813
Yellowknife,SSP245,2025,0.01,0.01,0.6,0.2,0.2,130,0.09,0.3,0.2,7.04,10000,20000,5.46,0.3,1.25,0.5,4,0.7,6,0.1,19502,3614,1206,15888,229,26048,5,-1269
Yellowknife,SSP245,2025,0.05,0.01,0.6,0.2,0.2,130,0.05,0.3,0.3,7.04,10000,50000,5.46,0.3,1,0.5,0,0.7,8,0.1,19502,3458,2921,16044,231,26560,11,-3091
Yellowknife,SSP245,2025,0.01,0.05,0.6,0.2,0.2,130,0.05,0.3,0.3,8.04,6000,20000,5.46,0.35,0.25,0.75,4,0.7,4,0.1,19502,4828,1390,14674,211,39188,4,-1292
Yellowknife,SSP245,2025,0.05,0.05,0.6,0.2,0.2,130,0.05,0.2,0.5,7.04,0,20000,5.46,0.1,0.25,0.5,8,0.7,4,0.1,19502,3458,1635,16044,231,39700,4,-1236
Yellowknife,SSP245,2025,0.01,0.01,0.6,0.2,0.2,130,0.05,0.3,0.2,8.04,10000,20000,5.46,0.3,0.75,1.5,0,0.7,10,0.1,19502,4828,943,14674,211,26048,4,-1337
Yellowknife,SSP245,2025,0.05,0.01,0.6,0.2,0.2,130,0.05,0.2,0.2,7.04,10000,30000,5.46,0.3,1,0.75,4,0.7,10,0.1,19502,3458,1786,16044,231,26560,7,-1914
Yellowknife,SSP245,2025,0.01,0.05,0.6,0.2,0.2,130,0.05,0.2,0.4,7.04,0,45000,5.46,0.25,0.25,1.5,0,0.7,10,0.1,19502,3458,3212,16044,231,39188,8,-2819
Yellowknife,SSP245,2025,0.05,0.05,0.6,0.2,0.2,130,0.05,0.7,0.4,7.04,10000,25000,5.46,0.1,0.25,0.5,10,0.7,0,0.1,19502,3458,1924,16044,231,39700,5,-1557
Yellowknife,SSP245,2025,0.01,0.01,0.6,0.2,0.2,130,0.09,0.5,0.6,7.54,8000,30000,5.46,0.1,1.25,0.75,0,0.7,4,0.1,19502,4299,1597,15203,219,26048,6,-1844
Yellowknife,SSP245,2025,0.05,0.01,0.6,0.2,0.2,130,0.05,0.2,0.5,7.04,8000,20000,5.46,0.1,0.25,0.5,8,0.7,10,0.1,19502,3458,1235,16044,231,26560,5,-1337
Yellowknife,SSP245,2025,0.01,0.05,0.6,0.2,0.2,130,0.05,0.2,0.4,8.04,4000,45000,5.96,0.2,1,1.5,0,0.7,0,0.1,19502,6198,2410,13304,191,39188,6,-2695
Yellowknife,SSP245,2025,0.05,0.05,0.6,0.2,0.2,130,0.05,0.1,0.4,7.04,8000,40000,5.46,0.3,1.25,0.5,2,0.7,8,0.1,19502,3458,2852,16044,231,39700,7,-2512
Yellowknife,SSP245,2025,0.01,0.01,0.6,0.2,0.2,130,0.05,0.1,0.6,7.04,2000,20000,5.96,0.4,0.5,1.5,2,0.7,0,0.1,19502,4828,825,14674,211,26048,3,-1203
Yellowknife,SSP245,2025,0.05,0.01,0.6,0.2,0.2,130,0.05,0.4,0.6,7.04,4000,35000,5.46,0.2,1.25,1.5,8,0.7,8,0.1,19502,3458,2031,16044,231,26560,8,-2157
Yellowknife,SSP245,2025,0.01,0.05,0.6,0.2,0.2,130,0.21,0.2,0.4,7.04,2000,35000,5.46,0.35,1.25,0.5,0,0.7,4,0.1,19502,4082,2543,15420,222,39188,6,-2145
Yellowknife,SSP245,2025,0.05,0.05,0.6,0.2,0.2,130,0.09,0.4,0.5,7.54,6000,50000,5.46,0.35,1,0.5,0,0.7,4,0.1,19502,4299,3210,15203,219,39700,8,-3057
Yellowknife,SSP245,2025,0.01,0.01,0.6,0.2,0.2,130,0.05,0.7,0.6,7.04,4000,25000,6.46,0.3,0.5,1.25,8,0.7,6,0.2,19502,8148,471,11354,162,26048,2,-1564
Yellowknife,SSP245,2025,0.05,0.01,0.6,0.2,0.2,130,0.05,0.7,0.1,7.04,10000,20000,5.46,0.3,0.5,1.25,6,0.7,6,0.1,19502,3458,1200,16044,231,26560,5,-1306
Yellowknife,SSP245,2025,0.01,0.05,0.6,0.2,0.2,130,0.05,0.4,0.6,7.04,8000,25000,5.46,0.25,0.75,1.25,6,0.7,0,0.1,19502,3458,1945,16044,231,39188,5,-1527
Yellowknife,SSP245,2025,0.05,0.05,0.6,0.2,0.2,130,0.05,0.4,0.3,7.04,8000,25000,5.46,0.1,0.75,1,10,0.7,6,0.1,19502,3458,1974,16044,231,39700,5,-1603
Yellowknife,SSP245,2030,0.01,0.01,0.6,0.2,0.2,130,0.09,0.4,0.3,7.04,10000,25000,5.46,0.2,0.25,1.25,10,0.7,4,0.1,19924,3614,1538,16310,235,24946,6,-1597
Yellowknife,SSP245,2030,0.05,0.01,0.6,0.2,0.2,130,0.05,0.2,0.1,7.04,2000,30000,5.46,0.15,1.5,0.75,10,0.7,6,0.1,19924,3458,1722,16466,237,25466,7,-1829
Yellowknife,SSP245,2030,0.01,0.05,0.6,0.2,0.2,130,0.17,0.1,0.3,7.04,0,45000,5.46,0.25,1.5,1.25,0,0.7,6,0.1,19924,3926,3179,15998,230,37496,8,-2766
Yellowknife,SSP245,2030,0.05,0.05,0.6,0.2,0.2,130,0.05,0.3,0.6,7.54,8000,30000,5.46,0.2,0.5,1,10,0.7,10,0.1,19924,4143,2181,15781,227,38016,6,-1969
Yellowknife,SSP245,2030,0.01,0.01,0.6,0.2,0.2,130,0.05,0.3,0.4,7.54,2000,50000,5.46,0.4,1.25,1,0,0.7,0,0.1,19924,4143,2722,15781,227,24946,11,-2982
Yellowknife,SSP245,2030,0.05,0.01,0.6,0.2,0.2,130,0.05,0.2,0.6,7.04,8000,25000,5.46,0.35,1.5,0.75,8,0.7,8,0.1,19924,3458,1452,16466,237,25466,6,-1561
Yellowknife,SSP245,2030,0.01,0.05,0.6,0.2,0.2,130,0.05,0.3,0.3,7.04,0,30000,6.46,0.25,0.25,0.5,10,0.7,2,0.1,19924,6198,1588,13726,197,37496,4,-1804
Yellowknife,SSP245,2030,0.05,0.05,0.6,0.2,0.2,130,0.17,0.2,0.2,8.04,0,20000,5.46,0.1,0.25,0.5,8,0.7,4,0.1,19924,5296,1309,14628,210,38016,3,-1235
Yellowknife,SSP245,2030,0.01,0.01,0.6,0.2,0.2,130,0.05,0.2,0.4,7.04,6000,45000,5.46,0.35,1.5,0.75,4,0.7,4,0.1,19924,3458,2630,16466,237,24946,11,-2720
Yellowknife,SSP245,2030,0.05,0.01,0.6,0.2,0.2,130,0.09,0.7,0.6,7.04,10000,25000,5.46,0.15,0.25,1.25,10,0.7,10,0.1,19924,3614,1532,16310,235,25466,6,-1648
Yellowknife,SSP245,2030,0.01,0.05,0.6,0.2,0.2,130,0.09,0.7,0.5,8.54,10000,45000,5.46,0.1,0.25,1.25,8,0.7,10,0.1,19924,5669,2793,14255,204,37496,7,-2897
Yellowknife,SSP245,2030,0.05,0.05,0.6,0.2,0.2,130,0.05,0.5,0.1,7.04,4000,35000,5.46,0.25,0.5,1.5,0,0.7,2,0.1,19924,3458,2517,16466,237,38016,7,-2140
Yellowknife,SSP245,2030,0.01,0.01,0.6,0.2,0.2,130,0.05,0.2,0.1,7.04,8000,30000,5.96,0.35,0.25,1.25,4,0.7,2,0.1,19924,4828,1469,15096,217,24946,6,-1866
Yellowknife,SSP245,2030,0.05,0.01,0.6,0.2,0.2,130,0.05,0.1,0.1,7.04,2000,30000,5.46,0.1,0.25,0.75,4,0.7,10,0.1,19924,3458,1783,16466,237,25466,7,-1890
Yellowknife,SSP245,2030,0.01,0.05,0.6,0.2,0.2,130,0.05,0.6,0.2,7.04,10000,35000,5.46,0.35,0.75,0.75,6,0.7,2,0.1,19924,3458,2583,16466,237,37496,7,-2161
Yellowknife,SSP245,2030,0.05,0.05,0.6,0.2,0.2,130,0.05,0.1,0.1,7.04,2000,35000,5.46,0.25,0.25,1.25,8,0.7,4,0.1,19924,3458,2526,16466,237,38016,7,-2145
Yellowknife,SSP245,2030,0.01,0.01,0.6,0.2,0.2,130,0.05,0.6,0.4,7.04,2000,40000,5.46,0.4,0.5,1.25,10,0.7,2,0.1,19924,3458,2332,16466,237,24946,9,-2403
Yellowknife,SSP245,2030,0.05,0.01,0.6,0.2,0.2,130,0.09,0.1,0.1,7.04,6000,45000,5.46,0.25,1.5,0.5,8,0.7,4,0.1,19924,3614,2561,16310,235,25466,10,-2711
Yellowknife,SSP245,2030,0.01,0.05,0.6,0.2,0.2,130,0.05,0.6,0.6,7.04,10000,20000,5.46,0.25,1,0.5,4,0.7,2,0.2,19924,5408,1345,14516,208,37496,4,-1256
Yellowknife,SSP245,2030,0.05,0.05,0.6,0.2,0.2,130,0.05,0.4,0.2,7.04,10000,45000,5.96,0.2,0.75,1.5,10,0.7,10,0.1,19924,4828,2871,15096,217,38016,8,-2862
Yellowknife,SSP245,2035,0.01,0.01,0.6,0.2,0.2,130,0.05,0.4,0.2,7.04,4000,30000,5.96,0.4,1.5,0.5,10,0.7,6,0.1,18886,4828,1337,14058,202,24896,5,-1829
Yellowknife,SSP245,2035,0.05,0.01,0.6,0.2,0.2,130,0.05,0.4,0.5,7.04,6000,30000,5.46,0.25,1,1,8,0.7,2,0.1,18886,3458,1548,15428,222,25459,6,-1807
Yellowknife,SSP245,2035,0.01,0.05,0.6,0.2,0.2,130,0.05,0.3,0.6,7.54,6000,40000,5.96,0.15,0.25,0.75,10,0.7,6,0.2,18886,7463,1942,11423,163,37378,5,-2498
Yellowknife,SSP245,2035,0.05,0.05,0.6,0.2,0.2,130,0.05,0.7,0.1,7.04,0,25000,5.46,0.25,1,0.5,4,0.7,2,0.1,18886,3458,1764,15428,222,37940,5,-1506
Yellowknife,SSP245,2035,0.01,0.01,0.6,0.2,0.2,130,0.05,0.6,0.6,7.04,4000,20000,5.46,0.2,0.75,1.25,0,0.7,10,0.1,18886,3458,1171,15428,222,24896,5,-1306
Yellowknife,SSP245,2035,0.05,0.01,0.6,0.2,0.2,130,0.05,0.6,0.2,7.04,0,35000,5.46,0.15,0.5,1,8,0.7,4,0.1,18886,3458,1842,15428,222,25459,7,-2098
Yellowknife,SSP245,2035,0.01,0.05,0.6,0.2,0.2,130,0.05,0.4,0.2,7.54,10000,45000,5.46,0.35,0.75,0.75,0,0.7,8,0.1,18886,4143,2974,14743,212,37378,8,-2848
Yellowknife,SSP245,2035,0.05,0.05,0.6,0.2,0.2,130,0.05,0.7,0.3,7.04,6000,35000,5.46,0.35,1.25,0.75,2,0.7,4,0.2,18886,5408,2010,13478,193,37940,5,-2151
Yellowknife,SSP245,2035,0.01,0.01,0.6,0.2,0.2,130,0.05,0.7,0.4,7.04,0,25000,5.96,0.25,1.5,0.75,0,0.7,4,0.1,18886,4828,1053,14058,202,24896,4,-1526
Yellowknife,SSP245,2035,0.05,0.01,0.6,0.2,0.2,130,0.21,0.1,0.6,7.04,0,40000,5.96,0.2,1,0.75,0,0.7,0,0.1,18886,5452,1768,13434,193,25459,7,-2381
Yellowknife,SSP245,2035,0.01,0.05,0.6,0.2,0.2,130,0.05,0.6,0.1,7.54,2000,25000,5.46,0.2,1.25,1.5,8,0.7,8,0.1,18886,4143,1778,14743,212,37378,5,-1593
Yellowknife,SSP245,2035,0.05,0.05,0.6,0.2,0.2,130,0.17,0.3,0.6,7.54,0,30000,5.96,0.3,0.5,0.75,2,0.7,6,0.1,18886,5981,1603,12905,185,37940,4,-1866
Yellowknife,SSP245,2035,0.01,0.01,0.6,0.2,0.2,130,0.13,0.7,0.6,7.04,4000,45000,5.46,0.35,0.5,0.5,4,0.7,4,0.1,18886,3770,2542,15116,217,24896,10,-2736
Yellowknife,SSP245,2035,0.05,0.01,0.6,0.2,0.2,130,0.05,0.7,0.5,7.04,2000,50000,5.96,0.15,1.5,1.25,0,0.7,0,0.1,18886,4828,2352,14058,202,25459,9,-2979
Yellowknife,SSP245,2035,0.01,0.05,0.6,0.2,0.2,130,0.05,0.4,0.6,8.54,4000,35000,5.46,0.25,1.25,1.25,4,0.7,4,0.1,18886,5513,1969,13373,192,37378,5,-2144
Yellowknife,SSP245,2035,0.05,0.05,0.6,0.2,0.2,130,0.05,0.7,0.6,7.54,2000,25000,5.46,0.1,0.75,1.5,6,0.7,10,0.1,18886,4143,1712,14743,212,37940,5,-1625
Yellowknife,SSP245,2035,0.01,0.01,0.6,0.2,0.2,130,0.05,0.4,0.1,7.04,0,25000,5.46,0.25,0.5,1.25,10,0.7,4,0.1,18886,3458,1369,15428,222,24896,6,-1507
Yellowknife,SSP245,2035,0.05,0.01,0.6,0.2,0.2,130,0.05,0.3,0.3,7.04,0,25000,5.46,0.25,0.75,0.5,4,0.7,4,0.1,18886,3458,1279,15428,222,25459,5,-1514
Yellowknife,SSP245,2035,0.01,0.05,0.6,0.2,0.2,130,0.05,0.7,0.3,9.04,0,30000,5.96,0.35,0.5,1.25,10,0.7,4,0.1,18886,7568,1166,11318,162,37378,3,-1825
Yellowknife,SSP245,2035,0.05,0.05,0.6,0.2,0.2,130,0.05,0.4,0.6,7.54,8000,40000,5.46,0.2,1.5,1.5,10,0.7,0,0.1,18886,4143,2405,14743,212,37940,6,-2363
Yellowknife,SSP245,2040,0.01,0.01,0.6,0.2,0.2,130,0.05,0.1,0.3,7.04,6000,35000,5.46,0.35,0.25,0.5,6,0.7,8,0.1,21113,3458,2203,17655,254,27141,8,-2206
Yellowknife,SSP245,2040,0.05,0.01,0.6,0.2,0.2,130,0.05,0.7,0.6,7.04,0,45000,5.96,0.35,0.5,0.5,0,0.7,8,0.1,21113,4828,2351,16285,234,27666,8,-2759
Yellowknife,SSP245,2040,0.01,0.05,0.6,0.2,0.2,130,0.05,0.7,0.3,7.04,8000,20000,5.96,0.15,0.5,1.25,8,0.7,0,0.1,21113,4828,1455,16285,234,40846,4,-1236
Yellowknife,SSP245,2040,0.05,0.05,0.6,0.2,0.2,130,0.05,0.2,0.1,7.04,0,20000,5.46,0.1,0.25,1.25,2,0.7,0,0.1,21113,3458,1696,17655,254,41370,4,-1187
Yellowknife,SSP245,2040,0.01,0.01,0.6,0.2,0.2,130,0.05,0.2,0.6,7.04,0,20000,5.46,0.15,0.25,1.25,6,0.7,8,0.1,21113,3458,1305,17655,254,27141,5,-1264
Yellowknife,SSP245,2040,0.05,0.01,0.6,0.2,0.2,130,0.09,0.2,0.1,7.04,6000,20000,5.46,0.2,0.25,1.5,6,0.7,8,0.1,21113,3614,1273,17499,252,27666,5,-1309
Yellowknife,SSP245,2040,0.01,0.05,0.6,0.2,0.2,130,0.05,0.1,0.5,7.54,0,25000,5.46,0.35,0.25,1,4,0.7,2,0.1,21113,4143,1907,16970,244,40846,5,-1514
Yellowknife,SSP245,2040,0.05,0.05,0.6,0.2,0.2,130,0.05,0.4,0.6,7.04,2000,30000,5.46,0.2,0.5,0.5,0,0.7,8,0.1,21113,3458,2406,17655,254,41370,6,-1922
Yellowknife,SSP245,2040,0.01,0.01,0.6,0.2,0.2,130,0.05,0.1,0.4,7.04,2000,50000,5.96,0.25,1.5,1,6,0.7,6,0.1,21113,4828,2671,16285,234,27141,10,-3032
Yellowknife,SSP245,2040,0.05,0.01,0.6,0.2,0.2,130,0.05,0.1,0.2,7.04,6000,20000,5.46,0.2,1,1,0,0.7,0,0.2,21113,5408,816,15705,225,27666,3,-1215
Yellowknife,SSP245,2040,0.01,0.05,0.6,0.2,0.2,130,0.05,0.4,0.2,7.04,10000,40000,5.46,0.4,0.25,1,0,0.7,6,0.1,21113,3458,3063,17655,254,40846,7,-2555
Yellowknife,SSP245,2040,0.05,0.05,0.6,0.2,0.2,130,0.05,0.3,0.4,7.54,8000,20000,5.46,0.25,1,1.5,8,0.7,0,0.1,21113,4143,1534,16970,244,41370,4,-1209
Yellowknife,SSP245,2040,0.01,0.01,0.6,0.2,0.2,130,0.05,0.1,0.1,7.54,6000,20000,5.96,0.35,1.5,0.75,2,0.7,10,0.1,21113,5513,823,15600,224,27141,3,-1296
Yellowknife,SSP245,2040,0.05,0.01,0.6,0.2,0.2,130,0.05,0.3,0.4,7.04,0,40000,5.46,0.2,1,1.25,4,0.7,6,0.1,21113,3458,2371,17655,254,27666,9,-2434
Yellowknife,SSP245,2040,0.01,0.05,0.6,0.2,0.2,130,0.05,0.2,0.5,9.04,4000,30000,5.46,0.2,0.5,1,10,0.7,6,0.1,21113,6198,1765,14915,214,40846,4,-1894
Yellowknife,SSP245,2040,0.05,0.05,0.6,0.2,0.2,130,0.05,0.1,0.3,7.04,4000,40000,5.46,0.15,0.5,0.5,10,0.7,4,0.1,21113,3458,2910,17655,254,41370,7,-2452
Yellowknife,SSP245,2040,0.01,0.01,0.6,0.2,0.2,130,0.05,0.4,0.2,7.04,0,40000,5.46,0.15,1.25,1.5,4,0.7,10,0.1,21113,3458,2476,17655,254,27141,9,-2477
Yellowknife,SSP245,2040,0.05,0.01,0.6,0.2,0.2,130,0.05,0.1,0.1,7.04,6000,35000,5.46,0.4,1,0.75,4,0.7,6,0.1,21113,3458,2096,17655,254,27666,8,-2161
Yellowknife,SSP245,2040,0.01,0.05,0.6,0.2,0.2,130,0.05,0.4,0.5,7.04,0,45000,5.46,0.1,0.5,0.5,2,0.7,2,0.1,21113,3458,3225,17655,254,40846,8,-2707
Yellowknife,SSP245,2040,0.05,0.05,0.6,0.2,0.2,130,0.17,0.1,0.2,10.04,2000,25000,5.46,0.35,0.25,1,10,0.6,6,0.3,13196,11936,-312,1260,15,41370,-1,-1552
Yellowknife,SSP245,2045,0.01,0.01,0.6,0.2,0.2,130,0.05,0.2,0.6,7.04,0,40000,5.96,0.2,0.25,1,8,0.7,6,0.1,19720,4828,1988,14892,214,26357,8,-2426
Yellowknife,SSP245,2045,0.05,0.01,0.6,0.2,0.2,130,0.05,0.7,0.1,7.04,10000,30000,5.96,0.3,1,1,10,0.7,0,0.1,19720,4828,1283,14892,214,26898,5,-1803
Yellowknife,SSP245,2045,0.01,0.05,0.6,0.2,0.2,130,0.17,0.4,0.3,7.54,10000,20000,5.46,0.2,0.5,1.5,0,0.7,6,0.1,19720,4611,1595,15109,217,39630,4,-1347
Yellowknife,SSP245,2045,0.05,0.05,0.6,0.2,0.2,130,0.13,0.1,0.1,7.04,6000,50000,5.46,0.2,1.5,1.25,0,0.7,0,0.1,19720,3770,3265,15950,229,40171,8,-2984
Yellowknife,SSP245,2045,0.01,0.01,0.6,0.2,0.2,130,0.05,0.3,0.1,7.54,10000,20000,5.46,0.2,0.25,0.5,10,0.7,2,0.1,19720,4143,1026,15577,224,26357,4,-1276
Yellowknife,SSP245,2045,0.05,0.01,0.6,0.2,0.2,130,0.05,0.1,0.6,7.54,2000,25000,6.46,0.25,1.25,0.75,0,0.7,10,0.1,19720,6883,594,12837,184,26898,2,-1590
Yellowknife,SSP245,2045,0.01,0.05,0.6,0.2,0.2,130,0.05,0.4,0.4,7.04,0,25000,5.96,0.2,0.75,1.5,2,0.7,8,0.1,19720,4828,1702,14892,214,39630,4,-1602
Yellowknife,SSP245,2045,0.05,0.05,0.6,0.2,0.2,130,0.05,0.6,0.2,7.04,6000,50000,5.96,0.1,1.25,1.25,0,0.7,10,0.2,19720,6778,2726,12942,185,40171,7,-3139
Yellowknife,SSP245,2045,0.01,0.01,0.6,0.2,0.2,130,0.05,0.5,0.4,7.54,8000,20000,5.96,0.4,1.5,1.25,6,0.7,6,0.1,19720,5513,669,14207,204,26357,3,-1249
Yellowknife,SSP245,2045,0.05,0.01,0.6,0.2,0.2,130,0.13,0.3,0.1,9.54,2000,45000,9.96,0.25,1.5,1,0,0.7,4,0.1,19720,19525,-1336,195,-2,26898,-5,-2720
Yellowknife,SSP245,2045,0.01,0.05,0.6,0.2,0.2,130,0.05,0.3,0.5,7.04,10000,35000,5.46,0.1,1.25,1.25,8,0.7,2,0.1,19720,3458,2519,16262,234,39630,6,-2128
Yellowknife,SSP245,2045,0.05,0.05,0.6,0.2,0.2,130,0.05,0.3,0.2,7.04,8000,40000,5.46,0.2,0.25,1,6,0.7,10,0.1,19720,3458,2883,16262,234,40171,7,-2579
Yellowknife,SSP245,2045,0.01,0.01,0.6,0.2,0.2,130,0.05,0.7,0.1,7.04,0,30000,5.46,0.15,0.25,1.25,6,0.7,4,0.1,19720,3458,1732,16262,234,26357,7,-1815
Yellowknife,SSP245,2045,0.05,0.01,0.6,0.2,0.2,130,0.09,0.7,0.4,7.04,0,50000,5.46,0.35,1,1.25,4,0.7,4,0.1,19720,3614,2796,16106,232,26898,10,-3005
Yellowknife,SSP245,2045,0.01,0.05,0.6,0.2,0.2,130,0.05,0.6,0.2,7.04,2000,30000,5.46,0.4,1.5,1.5,2,0.7,8,0.1,19720,3458,2322,16262,234,39630,6,-1903
Yellowknife,SSP245,2045,0.05,0.05,0.6,0.2,0.2,130,0.05,0.6,0.5,7.04,2000,30000,5.46,0.3,0.25,1.5,0,0.7,0,0.1,19720,3458,2140,16262,234,40171,5,-1802
Yellowknife,SSP245,2045,0.01,0.01,0.6,0.2,0.2,130,0.05,0.3,0.2,8.54,6000,20000,5.46,0.35,1,0.75,4,0.7,10,0.3,19720,9413,-2,10307,146,26357,0,-1305
Yellowknife,SSP245,2045,0.05,0.01,0.6,0.2,0.2,130,0.13,0.5,0.4,7.04,4000,25000,5.46,0.3,0.25,0.75,8,0.7,8,0.1,19720,3770,1411,15950,229,26898,5,-1579
Yellowknife,SSP245,2045,0.01,0.05,0.6,0.2,0.2,130,0.09,0.4,0.6,7.04,2000,45000,5.46,0.1,1.5,1,8,0.7,10,0.1,19720,3614,3200,16106,232,39630,8,-2816
Yellowknife,SSP245,2045,0.05,0.05,0.6,0.2,0.2,130,0.05,0.5,0.1,7.04,4000,35000,5.96,0.35,1.5,0.5,4,0.7,4,0.1,19720,4828,2125,14892,214,40171,5,-2138
Yellowknife,SSP245,2050,0.01,0.01,0.6,0.2,0.2,130,0.09,0.2,0.1,7.04,6000,30000,5.96,0.35,1.5,1.5,4,0.7,10,0.1,15627,4984,1174,10644,152,23104,5,-1865
Yellowknife,SSP245,2050,0.05,0.01,0.6,0.2,0.2,130,0.05,0.1,0.2,8.04,0,35000,5.46,0.1,1,1.5,4,0.7,6,0.1,15627,4828,1337,10800,155,23651,6,-2120
Yellowknife,SSP245,2050,0.01,0.05,0.6,0.2,0.2,130,0.17,0.5,0.2,8.54,6000,40000,5.46,0.1,1.5,0.75,8,0.7,10,0.1,15627,5981,2026,9647,138,34656,6,-2495
Yellowknife,SSP245,2050,0.05,0.05,0.6,0.2,0.2,130,0.09,0.5,0.5,7.04,6000,45000,5.96,0.1,1.5,0.5,8,0.7,6,0.1,15627,4984,2333,10644,152,35203,7,-2736
Yellowknife,SSP245,2050,0.01,0.01,0.6,0.2,0.2,130,0.05,0.5,0.5,7.04,0,20000,5.96,0.4,0.5,0.75,10,0.7,2,0.1,15627,4828,534,10800,155,23104,2,-1188
Yellowknife,SSP245,2050,0.05,0.01,0.6,0.2,0.2,130,0.05,0.3,0.5,7.04,2000,50000,5.46,0.3,1.25,0.5,10,0.7,8,0.1,15627,3458,2533,12170,175,23651,11,-3017
Yellowknife,SSP245,2050,0.01,0.05,0.6,0.2,0.2,130,0.05,0.4,0.5,7.04,0,20000,5.46,0.1,1.25,1.5,6,0.7,4,0.1,15627,3458,1324,12170,175,34656,4,-1228
Yellowknife,SSP245,2050,0.05,0.05,0.6,0.2,0.2,130,0.17,0.6,0.3,7.04,4000,50000,5.46,0.3,1.25,0.5,6,0.7,10,0.1,15627,3926,3010,11702,168,35203,9,-3091
Yellowknife,SSP245,2050,0.01,0.01,0.6,0.2,0.2,130,0.05,0.5,0.1,7.04,4000,45000,5.46,0.4,0.25,0.75,0,0.7,6,0.1,15627,3458,2378,12170,175,23104,10,-2759
Yellowknife,SSP245,2050,0.05,0.01,0.6,0.2,0.2,130,0.05,0.5,0.5,7.04,4000,20000,5.46,0.2,0.75,1,0,0.7,10,0.1,15627,3458,866,12170,175,23651,4,-1292
Yellowknife,SSP245,2050,0.01,0.05,0.6,0.2,0.2,130,0.05,0.2,0.3,7.04,6000,20000,5.46,0.35,1.25,0.5,8,0.6,6,0.1,9740,3458,861,6283,90,34656,2,-1243
Yellowknife,SSP245,2050,0.05,0.05,0.6,0.2,0.2,130,0.13,0.2,0.6,7.04,8000,25000,5.46,0.1,0.25,1.5,2,0.7,6,0.1,15627,3770,1587,11858,170,35203,5,-1621
Yellowknife,SSP245,2050,0.01,0.01,0.6,0.2,0.2,130,0.05,0.6,0.2,7.04,4000,20000,5.96,0.35,1.25,1.5,4,0.7,10,0.1,15627,4828,610,10800,155,23104,3,-1273
Yellowknife,SSP245,2050,0.05,0.01,0.6,0.2,0.2,130,0.13,0.4,0.3,7.54,8000,35000,5.46,0.15,1,1.5,6,0.7,6,0.1,15627,4455,1509,11173,160,23651,6,-2147
Yellowknife,SSP245,2050,0.01,0.05,0.6,0.2,0.2,130,0.05,0.2,0.2,7.04,10000,25000,5.96,0.25,1,1,4,0.7,2,0.1,15627,4828,1276,10800,155,34656,4,-1546
Yellowknife,SSP245,2050,0.05,0.05,0.6,0.2,0.2,130,0.05,0.7,0.4,7.04,8000,20000,5.96,0.2,0.75,1.25,8,0.7,0,0.1,15627,4828,860,10800,155,35203,2,-1212
Yellowknife,SSP245,2050,0.01,0.01,0.6,0.2,0.2,130,0.05,0.2,0.3,7.04,10000,30000,5.46,0.2,0.75,0.75,10,0.7,10,0.1,15627,3458,1540,12170,175,23104,7,-1901
Yellowknife,SSP245,2050,0.05,0.01,0.6,0.2,0.2,130,0.05,0.1,0.1,7.54,0,40000,5.46,0.15,1,1.25,10,0.7,0,0.1,15627,4143,1727,11485,165,23651,7,-2353
Yellowknife,SSP245,2050,0.01,0.05,0.6,0.2,0.2,130,0.05,0.2,0.5,7.04,0,30000,5.46,0.35,0.5,1.5,2,0.7,6,0.2,15627,5408,1565,10220,146,34656,5,-1855
Yellowknife,SSP245,2050,0.05,0.05,0.6,0.2,0.2,130,0.05,0.7,0.2,7.04,6000,25000,5.46,0.15,1.5,1.5,0,0.7,8,0.1,15627,3458,1569,12170,175,35203,4,-1592
Yellowknife,SSP585,2025,0.01,0.01,0.6,0.2,0.2,130,0.05,0.6,0.3,7.04,0,30000,5.96,0.2,0.5,1.25,8,0.7,0,0.1,18550,4828,1302,13723,197,25098,5,-1775
Yellowknife,SSP585,2025,0.05,0.01,0.6,0.2,0.2,130,0.05,0.7,0.4,7.54,2000,45000,5.46,0.15,1.25,1.5,6,0.7,0,0.1,18550,4143,2261,14408,207,25623,9,-2672
Yellowknife,SSP585,2025,0.01,0.05,0.6,0.2,0.2,130,0.05,0.4,0.3,7.54,2000,30000,5.46,0.3,1.5,1.5,10,0.7,6,0.1,18550,4143,2019,14408,207,37724,5,-1857
Yellowknife,SSP585,2025,0.05,0.05,0.6,0.2,0.2,130,0.09,0.4,0.2,7.04,0,35000,5.96,0.2,0.5,0.75,0,0.7,10,0.1,18550,4984,2136,13567,195,38249,6,-2220
Yellowknife,SSP585,2025,0.01,0.01,0.6,0.2,0.2,130,0.17,0.2,0.3,7.04,4000,45000,5.96,0.25,0.75,1.25,10,0.7,10,0.1,18550,5296,2255,13255,190,25098,9,-2777
Yellowknife,SSP585,2025,0.05,0.01,0.6,0.2,0.2,130,0.05,0.7,0.1,7.04,0,45000,5.96,0.15,0.75,0.5,6,0.7,0,0.1,18550,4828,2092,13723,197,25623,8,-2667
Yellowknife,SSP585,2025,0.01,0.05,0.6,0.2,0.2,130,0.09,0.6,0.2,7.04,0,45000,5.46,0.15,0.25,0.5,0,0.7,0,0.1,18550,3614,2977,14937,215,37724,8,-2679
Yellowknife,SSP585,2025,0.05,0.05,0.6,0.2,0.2,130,0.05,0.6,0.1,7.04,10000,50000,5.96,0.25,1,1,8,0.7,10,0.1,18550,4828,3004,13723,197,38249,8,-3139
Yellowknife,SSP585,2025,0.01,0.01,0.6,0.2,0.2,130,0.05,0.3,0.5,7.04,4000,20000,5.46,0.1,1.5,0.5,6,0.7,6,0.1,18550,3458,1115,15093,217,25098,4,-1242
Yellowknife,SSP585,2025,0.05,0.01,0.6,0.2,0.2,130,0.05,0.6,0.5,7.04,8000,25000,5.46,0.3,1,1,10,0.7,2,0.1,18550,3458,1304,15093,217,25623,5,-1519
Yellowknife,SSP585,2025,0.01,0.05,0.6,0.2,0.2,130,0.05,0.2,0.3,7.04,2000,25000,5.96,0.25,0.25,1,2,0.7,10,0.1,18550,4828,1644,13723,197,37724,4,-1639
Yellowknife,SSP585,2025,0.05,0.05,0.6,0.2,0.2,130,0.05,0.3,0.4,8.54,0,50000,5.46,0.15,0.75,0.5,2,0.7,4,0.1,18550,5513,2747,13038,187,38249,7,-3027
Yellowknife,SSP585,2025,0.01,0.01,0.6,0.2,0.2,130,0.05,0.1,0.5,7.04,2000,40000,5.46,0.4,0.25,1,2,0.7,0,0.1,18550,3458,2231,15093,217,25098,9,-2395
Yellowknife,SSP585,2025,0.05,0.01,0.6,0.2,0.2,130,0.09,0.3,0.4,7.54,4000,35000,5.46,0.3,1,1.5,8,0.7,8,0.1,18550,4299,1758,14252,205,25623,7,-2156
Yellowknife,SSP585,2025,0.01,0.05,0.6,0.2,0.2,130,0.05,0.3,0.3,7.04,10000,20000,5.46,0.4,1.25,1.25,2,0.7,4,0.1,18550,3458,1603,15093,217,37724,4,-1270
Yellowknife,SSP585,2025,0.05,0.05,0.6,0.2,0.2,130,0.09,0.6,0.3,8.04,2000,20000,5.46,0.15,0.75,1.5,4,0.7,4,0.1,18550,4984,1192,13567,195,38249,3,-1248
Yellowknife,SSP585,2025,0.01,0.01,0.6,0.2,0.2,130,0.05,0.1,0.1,7.54,4000,40000,5.46,0.1,1.5,1.25,4,0.7,6,0.1,18550,4143,2099,14408,207,25098,8,-2435
Yellowknife,SSP585,2025,0.05,0.01,0.6,0.2,0.2,130,0.05,0.6,0.1,7.54,6000,40000,5.46,0.1,0.25,1.25,4,0.7,4,0.2,18550,6093,1684,12458,178,25623,7,-2458
Yellowknife,SSP585,2025,0.01,0.05,0.6,0.2,0.2,130,0.09,0.4,0.5,7.04,4000,25000,5.46,0.3,1,1,4,0.7,6,0.1,18550,3614,1914,14937,215,37724,5,-1582
Yellowknife,SSP585,2025,0.05,0.05,0.6,0.2,0.2,130,0.13,0.1,0.4,7.04,8000,30000,5.46,0.3,0.75,1,2,0.7,8,0.1,18550,3770,2177,14781,213,38249,6,-1935
Yellowknife,SSP585,2030,0.01,0.01,0.6,0.2,0.2,130,0.13,0.2,0.2,7.54,6000,50000,5.46,0.3,0.5,1.25,2,0.7,2,0.1,19462,4455,2720,15007,216,25976,10,-3034
Yellowknife,SSP585,2030,0.05,0.01,0.6,0.2,0.2,130,0.05,0.1,0.1,7.04,8000,25000,5.46,0.4,0.5,1,2,0.7,0,0.1,19462,3458,1376,16004,230,26506,5,-1539
Yellowknife,SSP585,2030,0.01,0.05,0.6,0.2,0.2,130,0.05,0.6,0.4,7.54,4000,30000,5.46,0.3,0.75,1.25,2,0.7,0,0.1,19462,4143,2038,15319,220,39060,5,-1805
Yellowknife,SSP585,2030,0.05,0.05,0.6,0.2,0.2,130,0.05,0.5,0.3,7.54,2000,20000,5.96,0.1,0.5,0.75,2,0.7,6,0.1,19462,5513,1139,13949,200,39590,3,-1286
Yellowknife,SSP585,2030,0.01,0.01,0.6,0.2,0.2,130,0.05,0.7,0.2,7.04,0,35000,5.46,0.3,0.75,1.25,4,0.7,2,0.1,19462,3458,2000,16004,230,25976,8,-2097
Yellowknife,SSP585,2030,0.05,0.01,0.6,0.2,0.2,130,0.05,0.6,0.5,7.04,2000,45000,6.46,0.4,1.25,0.75,10,0.7,0,0.1,19462,6198,1802,13264,190,26506,7,-2664
Yellowknife,SSP585,2030,0.01,0.05,0.6,0.2,0.2,130,0.05,0.1,0.5,7.04,0,30000,6.96,0.1,0.25,0.5,8,0.7,2,0.1,19462,7568,1208,11894,170,39060,3,-1804
Yellowknife,SSP585,2030,0.05,0.05,0.6,0.2,0.2,130,0.13,0.6,0.2,7.04,2000,40000,5.46,0.25,0.75,0.5,4,0.7,4,0.1,19462,3770,2748,15692,226,39590,7,-2441
Yellowknife,SSP585,2030,0.01,0.01,0.6,0.2,0.2,130,0.05,0.7,0.3,7.04,0,30000,5.46,0.4,1.5,0.5,4,0.7,6,0.1,19462,3458,1751,16004,230,25976,7,-1837
Yellowknife,SSP585,2030,0.05,0.01,0.6,0.2,0.2,130,0.05,0.5,0.5,7.04,6000,35000,5.46,0.15,0.75,1.5,8,0.7,0,0.1,19462,3458,1921,16004,230,26506,7,-2100
Yellowknife,SSP585,2030,0.01,0.05,0.6,0.2,0.2,130,0.05,0.4,0.1,7.04,6000,40000,5.46,0.15,0.75,1.25,6,0.7,0,0.1,19462,3458,2781,16004,230,39060,7,-2406
Yellowknife,SSP585,2030,0.05,0.05,0.6,0.2,0.2,130,0.05,0.5,0.5,7.04,4000,30000,5.96,0.1,1,1.25,10,0.7,4,0.1,19462,4828,1834,14634,210,39590,5,-1839
Yellowknife,SSP585,2030,0.01,0.01,0.6,0.2,0.2,130,0.05,0.3,0.4,7.04,2000,35000,5.46,0.3,1,1.5,0,0.7,2,0.1,19462,3458,2010,16004,230,25976,8,-2111
Yellowknife,SSP585,2030,0.05,0.01,0.6,0.2,0.2,130,0.05,0.3,0.2,7.04,6000,20000,5.96,0.35,1.5,1.5,0,0.7,0,0.1,19462,4828,716,14634,210,26506,3,-1198
Yellowknife,SSP585,2030,0.01,0.05,0.6,0.2,0.2,130,0.09,0.1,0.1,7.04,0,40000,5.96,0.25,1.5,1,6,0.7,6,0.1,19462,4984,2509,14478,208,39060,6,-2459
Yellowknife,SSP585,2030,0.05,0.05,0.6,0.2,0.2,130,0.05,0.3,0.5,7.54,2000,20000,5.96,0.4,1.25,1.5,0,0.7,4,0.1,19462,5513,1106,13949,200,39590,3,-1253
Yellowknife,SSP585,2030,0.01,0.01,0.6,0.2,0.2,130,0.05,0.3,0.2,7.04,6000,25000,5.46,0.2,0.75,0.75,8,0.7,4,0.1,19462,3458,1460,16004,230,25976,6,-1548
Yellowknife,SSP585,2030,0.05,0.01,0.6,0.2,0.2,130,0.05,0.4,0.1,7.04,4000,40000,6.46,0.25,0.5,0.5,0,0.7,2,0.1,19462,6198,1572,13264,190,26506,6,-2427
Yellowknife,SSP585,2030,0.01,0.05,0.6,0.2,0.2,130,0.05,0.5,0.6,7.54,6000,35000,5.46,0.15,1,1.5,10,0.7,2,0.1,19462,4143,2341,15319,220,39060,6,-2124
Yellowknife,SSP585,2030,0.05,0.05,0.6,0.2,0.2,130,0.05,0.7,0.2,7.04,4000,20000,5.46,0.1,0.75,1.5,6,0.7,0,0.1,19462,3458,1551,16004,230,39590,4,-1200
Yellowknife,SSP585,2035,0.01,0.01,0.6,0.2,0.2,130,0.05,0.3,0.6,7.04,10000,30000,5.46,0.2,0.5,1.5,4,0.7,6,0.1,19305,3458,1745,15847,228,24027,7,-1904
Yellowknife,SSP585,2035,0.05,0.01,0.6,0.2,0.2,130,0.05,0.3,0.4,7.04,10000,30000,5.96,0.2,1,0.75,4,0.7,2,0.1,19305,4828,1226,14477,208,24597,5,-1833
Yellowknife,SSP585,2035,0.01,0.05,0.6,0.2,0.2,130,0.13,0.3,0.1,7.54,8000,45000,5.46,0.4,1.25,0.5,4,0.7,6,0.1,19305,4455,2931,14850,213,36041,8,-2781
Yellowknife,SSP585,2035,0.05,0.05,0.6,0.2,0.2,130,0.05,0.1,0.5,7.54,0,45000,5.46,0.2,1.25,1.25,8,0.7,8,0.1,19305,4143,2832,15162,218,36612,8,-2771
Yellowknife,SSP585,2035,0.01,0.01,0.6,0.2,0.2,130,0.09,0.7,0.2,7.04,2000,20000,5.46,0.3,0.5,1,4,0.7,4,0.2,19305,5564,745,13741,197,24027,3,-1235
Yellowknife,SSP585,2035,0.05,0.01,0.6,0.2,0.2,130,0.05,0.1,0.2,7.54,0,25000,5.46,0.35,1.25,0.5,6,0.7,4,0.1,19305,4143,1099,15162,218,24597,4,-1507
Yellowknife,SSP585,2035,0.01,0.05,0.6,0.2,0.2,130,0.05,0.1,0.4,7.54,10000,35000,5.46,0.2,1,1,2,0.7,8,0.1,19305,4143,2412,15162,218,36041,7,-2239
Yellowknife,SSP585,2035,0.05,0.05,0.6,0.2,0.2,130,0.09,0.7,0.1,7.04,10000,25000,5.46,0.35,0.75,1,8,0.7,2,0.1,19305,3614,1793,15691,226,36612,5,-1547
Yellowknife,SSP585,2035,0.01,0.01,0.6,0.2,0.2,130,0.05,0.3,0.3,7.04,4000,45000,5.46,0.25,1.5,1.25,8,0.7,6,0.1,19305,3458,2547,15847,228,24027,11,-2725
Yellowknife,SSP585,2035,0.05,0.01,0.6,0.2,0.2,130,0.05,0.5,0.5,7.04,4000,35000,5.46,0.25,0.75,1.25,10,0.7,0,0.1,19305,3458,1803,15847,228,24597,7,-2073
Yellowknife,SSP585,2035,0.01,0.05,0.6,0.2,0.2,130,0.05,0.1,0.5,7.04,8000,35000,5.46,0.3,1.5,0.5,10,0.7,4,0.1,19305,3458,2477,15847,228,36041,7,-2132
Yellowknife,SSP585,2035,0.05,0.05,0.6,0.2,0.2,130,0.05,0.1,0.2,7.04,4000,25000,5.96,0.3,1.5,1.25,6,0.7,8,0.1,19305,4828,1519,14477,208,36612,4,-1592
Yellowknife,SSP585,2035,0.01,0.01,0.6,0.2,0.2,130,0.05,0.5,0.1,7.54,0,20000,6.46,0.2,0.25,0.5,4,0.7,4,0.1,19305,6883,267,12422,178,24027,1,-1221
Yellowknife,SSP585,2035,0.05,0.01,0.6,0.2,0.2,130,0.05,0.7,0.6,7.04,2000,40000,5.96,0.25,0.75,0.75,0,0.7,6,0.1,19305,4828,1839,14477,208,24597,7,-2450
Yellowknife,SSP585,2035,0.01,0.05,0.6,0.2,0.2,130,0.05,0.4,0.4,7.54,0,30000,5.46,0.15,0.5,1,6,0.7,8,0.1,19305,4143,2096,15162,218,36041,6,-1891
Yellowknife,SSP585,2035,0.05,0.05,0.6,0.2,0.2,130,0.05,0.6,0.1,7.04,8000,30000,5.46,0.3,0.75,1,2,0.7,2,0.1,19305,3458,2096,15847,228,36612,6,-1853
Yellowknife,SSP585,2035,0.01,0.01,0.6,0.2,0.2,130,0.05,0.7,0.2,7.04,6000,20000,5.96,0.3,1.5,1,2,0.7,6,0.1,19305,4828,788,14477,208,24027,3,-1252
Yellowknife,SSP585,2035,0.05,0.01,0.6,0.2,0.2,130,0.13,0.4,0.3,7.04,0,35000,5.46,0.1,1.25,1,0,0.7,10,0.1,19305,3770,1913,15535,223,24597,8,-2180
Yellowknife,SSP585,2035,0.01,0.05,0.6,0.2,0.2,130,0.05,0.1,0.3,7.54,10000,20000,5.96,0.1,0.25,1.5,0,0.7,2,0.1,19305,5513,1173,13792,198,36041,3,-1302
Yellowknife,SSP585,2035,0.05,0.05,0.6,0.2,0.2,130,0.05,0.6,0.1,9.04,6000,20000,5.46,0.35,0.75,1.25,10,0.7,6,0.1,19305,6198,878,13107,188,36612,2,-1280
Yellowknife,SSP585,2040,0.01,0.01,0.6,0.2,0.2,130,0.05,0.7,0.6,8.54,6000,35000,5.46,0.25,1.5,1.5,4,0.7,4,0.1,19580,5513,1496,14067,202,24754,6,-2123
Yellowknife,SSP585,2040,0.05,0.01,0.6,0.2,0.2,130,0.09,0.6,0.6,7.54,10000,35000,5.46,0.15,0.25,0.5,2,0.7,4,0.1,19580,4299,1804,15281,220,25331,7,-2199
Yellowknife,SSP585,2040,0.01,0.05,0.6,0.2,0.2,130,0.05,0.5,0.3,8.04,8000,40000,5.46,0.35,1.5,1.5,8,0.7,8,0.1,19580,4828,2529,14752,212,37146,7,-2495
Yellowknife,SSP585,2040,0.05,0.05,0.6,0.2,0.2,130,0.05,0.1,0.4,7.04,0,25000,5.46,0.35,1.25,1.5,2,0.7,8,0.1,19580,3458,1925,16122,232,37723,5,-1601
Yellowknife,SSP585,2040,0.01,0.01,0.6,0.2,0.2,130,0.05,0.5,0.6,7.54,2000,25000,5.96,0.3,1.5,1.25,0,0.7,4,0.1,19580,5513,932,14067,202,24754,4,-1529
Yellowknife,SSP585,2040,0.05,0.01,0.6,0.2,0.2,130,0.05,0.2,0.1,7.04,8000,45000,5.46,0.35,1,0.5,10,0.7,2,0.1,19580,3458,2463,16122,232,25331,10,-2704
Yellowknife,SSP585,2040,0.01,0.05,0.6,0.2,0.2,130,0.17,0.3,0.5,7.04,2000,30000,5.46,0.15,1.5,1.25,8,0.7,2,0.1,19580,3926,2198,15654,225,37146,6,-1804
Yellowknife,SSP585,2040,0.05,0.05,0.6,0.2,0.2,130,0.09,0.6,0.6,7.04,0,20000,5.46,0.2,1.5,1.25,8,0.7,10,0.1,19580,3614,1649,15966,230,37723,4,-1316
Yellowknife,SSP585,2040,0.01,0.01,0.6,0.2,0.2,130,0.05,0.1,0.6,7.04,8000,35000,5.46,0.2,1.5,0.75,2,0.7,0,0.1,19580,3458,1962,16122,232,24754,8,-2090
Yellowknife,SSP585,2040,0.05,0.01,0.6,0.2,0.2,130,0.09,0.3,0.3,7.04,8000,50000,5.46,0.25,1.5,0.75,6,0.7,4,0.1,19580,3614,2754,15966,230,25331,11,-3009
Yellowknife,SSP585,2040,0.01,0.05,0.6,0.2,0.2,130,0.09,0.7,0.5,7.04,4000,35000,5.46,0.1,1.5,0.5,2,0.7,4,0.1,19580,3614,2529,15966,230,37146,7,-2144
Yellowknife,SSP585,2040,0.05,0.05,0.6,0.2,0.2,130,0.05,0.4,0.1,7.04,10000,45000,5.96,0.3,0.5,1.25,0,0.7,2,0.1,19580,4828,2704,14752,212,37723,7,-2777
Yellowknife,SSP585,2040,0.01,0.01,0.6,0.2,0.2,130,0.05,0.2,0.5,7.04,10000,20000,8.96,0.3,1.5,0.75,10,0.7,2,0.2,19580,14998,-1605,4582,62,24754,-6,-1205
Yellowknife,SSP585,2040,0.05,0.01,0.6,0.2,0.2,130,0.09,0.4,0.2,7.04,0,25000,5.46,0.3,0.75,1.5,2,0.7,2,0.1,19580,3614,1317,15966,230,25331,5,-1502
Yellowknife,SSP585,2040,0.01,0.05,0.6,0.2,0.2,130,0.05,0.3,0.1,7.04,4000,40000,5.96,0.2,0.25,0.5,8,0.7,0,0.1,19580,4828,2442,14752,212,37146,7,-2400
Yellowknife,SSP585,2040,0.05,0.05,0.6,0.2,0.2,130,0.13,0.2,0.3,7.04,4000,50000,5.46,0.4,1.5,0.5,4,0.7,4,0.1,19580,3770,3288,15810,227,37723,9,-3030
Yellowknife,SSP585,2040,0.01,0.01,0.6,0.2,0.2,130,0.05,0.2,0.1,7.04,0,30000,5.46,0.4,0.5,0.5,10,0.7,8,0.1,19580,3458,1744,16122,232,24754,7,-1845
Yellowknife,SSP585,2040,0.05,0.01,0.6,0.2,0.2,130,0.13,0.2,0.2,7.04,8000,30000,5.46,0.25,1.25,1,2,0.7,10,0.1,19580,3770,1683,15810,227,25331,7,-1899
Yellowknife,SSP585,2040,0.01,0.05,0.6,0.2,0.2,130,0.09,0.5,0.2,7.54,4000,20000,5.46,0.35,1,1,0,0.7,10,0.1,19580,4299,1603,15281,220,37146,4,-1354
Yellowknife,SSP585,2040,0.05,0.05,0.6,0.2,0.2,130,0.05,0.2,0.6,9.04,0,30000,7.46,0.2,1.5,0.5,4,0.6,8,0.1,12325,11678,-384,647,6,37723,-1,-1853
Yellowknife,SSP585,2045,0.01,0.01,0.6,0.2,0.2,130,0.09,0.6,0.2,7.04,2000,40000,5.96,0.15,1.5,1.25,0,0.7,10,0.2,17062,6934,1498,10129,145,23540,6,-2468
Yellowknife,SSP585,2045,0.05,0.01,0.6,0.2,0.2,130,0.05,0.4,0.6,7.54,8000,45000,5.46,0.25,0.5,0.75,2,0.7,0,0.1,17062,4143,2188,12920,186,24100,9,-2729
Yellowknife,SSP585,2045,0.01,0.05,0.6,0.2,0.2,130,0.05,0.4,0.3,7.04,4000,25000,5.46,0.25,1.5,1,6,0.7,6,0.1,17062,3458,1765,13605,196,35309,5,-1561
Yellowknife,SSP585,2045,0.05,0.05,0.6,0.2,0.2,130,0.09,0.6,0.4,7.04,10000,40000,5.46,0.25,1.5,1,10,0.7,0,0.1,17062,3614,2444,13449,193,35869,7,-2370
Yellowknife,SSP585,2045,0.01,0.01,0.6,0.2,0.2,130,0.05,0.6,0.5,7.04,10000,20000,5.46,0.1,1.5,0.75,6,0.7,2,0.1,17062,3458,969,13605,196,23540,4,-1211
Yellowknife,SSP585,2045,0.05,0.01,0.6,0.2,0.2,130,0.05,0.7,0.6,7.54,6000,35000,5.46,0.2,0.5,1.25,8,0.7,2,0.1,17062,4143,1607,12920,186,24100,7,-2122
Yellowknife,SSP585,2045,0.01,0.05,0.6,0.2,0.2,130,0.05,0.5,0.1,8.04,10000,35000,5.46,0.35,0.5,1.25,8,0.7,10,0.1,17062,4828,2104,12235,175,35309,6,-2268
Yellowknife,SSP585,2045,0.05,0.05,0.6,0.2,0.2,130,0.05,0.7,0.2,7.54,8000,25000,5.96,0.25,0.25,1.25,10,0.7,10,0.1,17062,5513,1269,11550,165,35869,4,-1658
Yellowknife,SSP585,2045,0.01,0.01,0.6,0.2,0.2,130,0.05,0.3,0.6,8.04,0,20000,5.46,0.1,0.5,1,4,0.7,2,0.1,17062,4828,646,12235,175,23540,3,-1201
Yellowknife,SSP585,2045,0.05,0.01,0.6,0.2,0.2,130,0.09,0.4,0.5,7.04,0,25000,5.46,0.35,1,1,6,0.7,8,0.1,17062,3614,1224,13449,193,24100,5,-1541
Yellowknife,SSP585,2045,0.01,0.05,0.6,0.2,0.2,130,0.05,0.5,0.2,7.04,0,30000,5.46,0.2,1.25,0.75,8,0.7,8,0.1,17062,3458,2078,13605,196,35309,6,-1876
Yellowknife,SSP585,2045,0.05,0.05,0.6,0.2,0.2,130,0.05,0.3,0.1,7.04,4000,20000,5.46,0.35,0.25,0.5,8,0.7,6,0.1,17062,3458,1413,13605,196,35869,4,-1281
Yellowknife,SSP585,2045,0.01,0.01,0.6,0.2,0.2,130,0.09,0.5,0.4,7.54,4000,40000,5.46,0.2,0.5,1.5,0,0.7,6,0.1,17062,4299,2018,12764,183,23540,9,-2459
Yellowknife,SSP585,2045,0.05,0.01,0.6,0.2,0.2,130,0.05,0.4,0.2,7.54,4000,20000,5.46,0.25,0.75,1,10,0.7,6,0.1,17062,4143,760,12920,186,24100,3,-1239
Yellowknife,SSP585,2045,0.01,0.05,0.6,0.2,0.2,130,0.05,0.4,0.2,7.04,10000,20000,5.96,0.2,1.5,1,4,0.7,10,0.1,17062,4828,1193,12235,175,35309,3,-1326
Yellowknife,SSP585,2045,0.05,0.05,0.6,0.2,0.2,130,0.05,0.4,0.2,8.04,6000,25000,5.46,0.1,1,0.5,0,0.7,6,0.1,17062,4828,1372,12235,175,35869,4,-1590
Yellowknife,SSP585,2045,0.01,0.01,0.6,0.2,0.2,130,0.05,0.7,0.5,7.04,4000,25000,5.96,0.35,0.5,1.5,10,0.7,0,0.1,17062,4828,926,12235,175,23540,4,-1500
Yellowknife,SSP585,2045,0.05,0.01,0.6,0.2,0.2,130,0.05,0.4,0.4,7.04,0,40000,5.46,0.25,1.5,0.75,4,0.7,4,0.1,17062,3458,2059,13605,196,24100,9,-2405
Yellowknife,SSP585,2045,0.01,0.05,0.6,0.2,0.2,130,0.05,0.7,0.4,7.04,8000,30000,5.46,0.35,1.5,1.5,4,0.7,0,0.1,17062,3458,1975,13605,196,35309,6,-1790
Yellowknife,SSP585,2045,0.05,0.05,0.6,0.2,0.2,130,0.05,0.1,0.1,7.04,6000,25000,5.46,0.3,1.5,0.75,2,0.7,4,0.1,17062,3458,1659,13605,196,35869,5,-1543
Yellowknife,SSP585,2050,0.01,0.01,0.6,0.2,0.2,130,0.13,0.7,0.3,7.04,10000,40000,5.46,0.3,0.5,0.5,10,0.7,6,0.1,14338,3770,2002,10568,152,21656,9,-2474
Yellowknife,SSP585,2050,0.05,0.01,0.6,0.2,0.2,130,0.13,0.4,0.2,7.04,4000,40000,5.46,0.1,0.5,1.25,6,0.7,8,0.1,14338,3770,1886,10568,152,22221,8,-2450
Yellowknife,SSP585,2050,0.01,0.05,0.6,0.2,0.2,130,0.05,0.3,0.6,7.04,2000,35000,5.46,0.1,1,1.5,4,0.7,0,0.1,14338,3458,2034,10880,156,32425,6,-2084
Yellowknife,SSP585,2050,0.05,0.05,0.6,0.2,0.2,130,0.05,0.3,0.3,7.04,4000,25000,5.96,0.2,1,1,2,0.7,10,0.1,14338,4828,1139,9510,136,32991,3,-1611
Yellowknife,SSP585,2050,0.01,0.01,0.6,0.2,0.2,130,0.05,0.4,0.5,7.04,2000,30000,5.46,0.3,1.5,0.75,6,0.7,2,0.1,14338,3458,1363,10880,156,21656,6,-1791
Yellowknife,SSP585,2050,0.05,0.01,0.6,0.2,0.2,130,0.05,0.4,0.3,7.04,0,50000,5.46,0.35,1,1.5,4,0.7,6,0.1,14338,3458,2438,10880,156,22221,11,-3009
Yellowknife,SSP585,2050,0.01,0.05,0.6,0.2,0.2,130,0.05,0.7,0.3,8.04,6000,25000,6.46,0.2,1.25,1,4,0.7,2,0.1,14338,7568,477,6770,96,32425,1,-1519
Yellowknife,SSP585,2050,0.05,0.05,0.6,0.2,0.2,130,0.05,0.3,0.5,7.04,4000,40000,5.96,0.2,0.25,0.75,10,0.7,4,0.1,14338,4828,1925,9510,136,32991,6,-2429
Yellowknife,SSP585,2050,0.01,0.01,0.6,0.2,0.2,130,0.05,0.2,0.6,7.04,2000,40000,5.46,0.2,0.5,1,8,0.7,2,0.1,14338,3458,1944,10880,156,21656,9,-2394
Yellowknife,SSP585,2050,0.05,0.01,0.6,0.2,0.2,130,0.05,0.4,0.1,7.04,6000,45000,5.46,0.2,0.75,1,6,0.7,8,0.2,14338,5408,1815,8930,128,22221,8,-2753
Yellowknife,SSP585,2050,0.01,0.05,0.6,0.2,0.2,130,0.05,0.3,0.3,7.04,2000,25000,5.46,0.1,1.25,1.5,0,0.7,10,0.1,14338,3458,1577,10880,156,32425,5,-1606
Yellowknife,SSP585,2050,0.05,0.05,0.6,0.2,0.2,130,0.05,0.3,0.4,7.04,0,40000,5.96,0.25,0.75,0.75,10,0.7,2,0.1,14338,4828,1878,9510,136,32991,6,-2374
Yellowknife,SSP585,2050,0.01,0.01,0.6,0.2,0.2,130,0.05,0.5,0.2,7.04,10000,20000,5.96,0.4,1,1.5,6,0.7,4,0.1,14338,4828,490,9510,136,21656,2,-1249
Yellowknife,SSP585,2050,0.05,0.01,0.6,0.2,0.2,130,0.05,0.7,0.4,7.04,6000,20000,5.46,0.2,0.25,0.5,4,0.7,8,0.1,14338,3458,767,10880,156,22221,3,-1287
Yellowknife,SSP585,2050,0.01,0.05,0.6,0.2,0.2,130,0.09,0.6,0.2,7.04,8000,35000,5.46,0.2,1,1.25,8,0.7,4,0.1,14338,3614,2080,10724,154,32425,6,-2146
Yellowknife,SSP585,2050,0.05,0.05,0.6,0.2,0.2,130,0.05,0.6,0.4,7.04,6000,30000,5.46,0.15,1.25,1.25,6,0.7,4,0.1,14338,3458,1677,10880,156,32991,5,-1829
Yellowknife,SSP585,2050,0.01,0.01,0.6,0.2,0.2,130,0.09,0.2,0.6,7.04,10000,20000,5.46,0.4,1.5,1.5,10,0.7,10,0.1,14338,3614,830,10724,154,21656,4,-1257
Yellowknife,SSP585,2050,0.05,0.01,0.6,0.2,0.2,130,0.05,0.5,0.4,7.04,0,35000,5.96,0.3,1.5,1,6,0.7,10,0.1,14338,4828,1265,9510,136,22221,6,-2139
Yellowknife,SSP585,2050,0.01,0.05,0.6,0.2,0.2,130,0.21,0.2,0.3,7.04,2000,50000,5.46,0.4,1.5,1.5,10,0.7,6,0.1,14338,4082,2933,10256,147,32425,9,-3027
Yellowknife,SSP585,2050,0.05,0.05,0.6,0.2,0.2,130,0.05,0.7,0.3,7.04,6000,45000,5.46,0.1,0.5,1.5,8,0.7,0,0.1,14338,3458,2512,10880,156,32991,8,-2696
